x,M0_d2,M2_d2,M3_d3,M3_d8,M4_d2,M5_d2
0.20,0.000000,0.000000,0.000000,0.000000,0.000000,0.000000
0.25,0.000000,0.000000,0.000000,0.000000,0.000000,0.000000
0.30,0.000000,0.000000,0.000000,0.000000,0.000000,0.000000
0.35,0.000000,0.000000,0.000000,0.000000,0.000000,0.000000
0.40,0.000000,0.000000,0.000000,0.000000,0.000000,0.000000
0.45,0.000000,0.000000,0.000000,0.000000,0.000000,0.000000
0.50,0.000000,0.000000,0.000000,0.000000,0.000000,0.000000
0.55,0.000000,0.000000,0.000000,0.000000,0.000000,0.000000
0.60,0.000000,0.000000,0.000000,0.000000,0.000000,0.000000
0.65,0.000000,0.000000,0.000000,0.000000,0.000000,0.000000
0.70,0.000000,0.000000,0.000000,0.000000,0.000000,0.000000
0.75,0.000000,0.000000,0.000000,0.000000,0.000000,0.000000
0.80,0.064339,0.061750,0.061336,0.060920,0.064339,0.061750
0.85,0.137385,0.127019,0.125332,0.123643,0.137385,0.127019
0.90,0.219054,0.195795,0.191939,0.188045,0.219054,0.195795
0.95,0.309098,0.268019,0.261056,0.253912,0.309098,0.268019
1.00,0.407100,0.343586,0.332535,0.320950,0.407100,0.343586
1.05,0.512484,0.422344,0.406186,0.388816,0.512484,0.422344
1.10,0.624530,0.504099,0.481779,0.457163,0.624530,0.504099
1.15,0.742406,0.588619,0.559055,0.525666,0.715110,0.561842
1.20,0.865193,0.675639,0.637726,0.594041,0.777902,0.593057
1.25,0.991926,0.764864,0.717485,0.662041,0.837434,0.623518
1.30,1.121626,0.855979,0.798012,0.729451,0.892846,0.652992
1.35,1.253337,0.948649,0.878979,0.796082,0.943435,0.681261
1.40,1.386160,1.042527,0.960057,0.861767,0.988687,0.708129
1.45,1.519281,1.137260,1.040916,0.926350,1.028285,0.733423
1.50,1.651993,1.232497,1.121237,0.989695,1.062113,0.756999
1.55,1.783718,1.327890,1.200708,1.051676,1.090248,0.778743
1.60,1.914016,1.423101,1.279033,1.112182,1.112944,0.798571
1.65,2.042592,1.517809,1.355933,1.171114,1.130606,0.816429
1.70,2.169305,1.611710,1.431145,1.228388,1.143761,0.832296
1.75,2.294158,1.704523,1.504430,1.283929,1.153036,0.846181
1.80,2.417300,1.795993,1.575570,1.337679,1.159119,0.858123
1.85,2.539014,1.885893,1.644369,1.389590,1.162739,0.868187
1.90,2.659701,1.974024,1.710657,1.439624,1.164635,0.876463
1.95,2.779866,2.060220,1.774289,1.487757,1.165533,0.883061
2.00,2.900088,2.144344,1.835144,1.533974,1.166121,0.888111
2.05,3.020996,2.226291,1.893124,1.578267,1.167029,0.891755
2.10,3.143229,2.305984,1.948158,1.620641,1.168802,0.894150
2.15,3.267394,2.383379,2.000196,1.661107,1.171880,0.895456
2.20,3.394023,2.458455,2.049214,1.699682,1.176581,0.895840
2.25,3.523527,2.531220,2.095206,1.736391,1.183083,0.895470
2.30,3.656154,2.601705,2.138188,1.771265,1.191418,0.894509
2.35,3.791964,2.669962,2.178195,1.804340,1.201475,0.893119
2.40,3.930809,2.736062,2.215279,1.835655,1.213018,0.891454
2.45,4.072342,2.800094,2.249509,1.865255,1.225712,0.889660
2.50,4.216038,2.862162,2.280965,1.893187,1.239164,0.887874
2.55,4.361237,2.922382,2.309742,1.919502,1.252969,0.886222
2.60,4.507201,2.980881,2.335944,1.944252,1.266754,0.884818
2.65,4.653171,3.037795,2.359685,1.967492,1.280215,0.883767
2.70,4.798424,3.093265,2.381084,1.989278,1.293139,0.883162
2.75,4.942318,3.147440,2.400266,2.009669,1.305421,0.883085
2.80,5.084327,3.200470,2.417361,2.028722,1.317048,0.883606
2.85,5.224056,3.252511,2.432500,2.046496,1.328092,0.884789
2.90,5.361242,3.303717,2.445814,2.063050,1.338683,0.886685
2.95,5.495745,3.354244,2.457436,2.078444,1.348984,0.889340
3.00,5.627535,3.404248,2.467495,2.092736,1.359169,0.892792
