claim_id,exact_claim,model_family,input_domain,assumptions,evidence_files_and_fields,original_status,review_status,allowed_wording,counterexample_or_shortcut,uncompleted_checks,stop_condition
CLM-01,Instantaneous membrane potential h alone is not a sufficient state representation for TAN; natural collision pairs with identical h diverge under identical future inputs.,"B1 (LIF), B2 (LIF+Buffer), B3 (TAN-noAttn), B4 (Full TAN)","Discrete time scalar input sequences x_t in [0.0, 3.0] (stimulus generators gen_gauss, gen_step, gen_ramp, gen_sine clipped to 3.0; probe U(0.5, 3.0), continuation U(0.3, 1.8)), window W=5, 160,000 histories","Identical membrane reset threshold theta=0.5, noise-free input replay, fixed leak lambda=0.5 (natural_collision.py:95)","results/tables/natural_collision_summary.csv, results/logs/natural_collision.log, code/experiments/natural_collision.py","CONFIRMED (results/tables/natural_collision_summary.csv, docs/CLAIM_LEDGER.md:14)",RETAINED (QUALIFIED),"Instantaneous membrane potential h alone is insufficient state for TAN; the temporal window provides history dependence. Does not imply complete Markovian state (h_t, X_t) violates Markovianity, nor that Markovianity implies contraction.",Markov systems like h_{next} = 2h diverge under identical inputs; non-contraction is not equivalent to non-Markovianity of the complete state.,Clean-environment full Monte Carlo rerun (160k histories) preserved in frozen archive; existing summary and logs verified.,"If natural collision pairs do not diverge under identical future inputs, revoke state non-sufficiency claim."
CLM-02,Surprise-gated attention reorganizes event-locked local response geometry relative to baselines.,"B1, B3, B4, C0",Event-locked transient inputs with 374 detected events across 3 seeds,Covariance estimation on event-locked vs quiet windows; Participation ratio / Roy dimension metric; MIN_LOGT_DIFF=0.2 (effective_dimension.py:112),"results/tables/effective_dimension_summary.csv, results/logs/effective_dimension.log, code/experiments/effective_dimension.py",OUTCOME: D (results/logs/effective_dimension.log:984; log note: No stable event-locked expansion),DOWNGRADED (QUALIFIED),Local response covariance geometry is altered in specific coordinates; does not support higher intrinsic dimension than LIF. Outcome D was due to decision tree classification gap (UNCLASSIFIED_MIXED_CASE: stable=True but not A/B/C). Note: effective rank / participation ratio of local covariance is not equivalent to coordinate-invariant intrinsic dimension.,"B4-zC (1.589) < B1-zC (1.674), failing Condition A; B4-zF > B3-zF, failing Condition B; |B4-zC - C0| = 0.534 > 0.5, failing Condition C.",Decision gate re-run under expanded multi-category classifier; current claim restricted to raw covariance metrics.,"If event-locked local response covariance structure shows no statistically significant divergence from quiet baseline or uncoupled controls under cross-validated covariance estimation, retract covariance reorganization claim."
CLM-03,Full TAN improves target-relevant retrieval under content-rich context vs no-attention control.,"B1, B2, B3, B4","Synthetic temporal retrieval sequence with distractor pulses; 6,000 total test trials (2,997 distractor-present/catch across 3 seeds, derived from temporal_distractor.py: N_test=2000, 1/3 catch -> 667 catch, 1333 present; 666 distractor-present, 333 distractor-catch -> 999/seed * 3 = 2997)",Threshold readout at target retrieval step; cue amplitude matching,"docs/CLAIM_LEDGER.md:20, paper/tables/tab_claims.tex:10, code/experiments/temporal_distractor.py:49,466, results/tables/temporal_distractor_summary.csv","LIMITED SUPPORT (docs/CLAIM_LEDGER.md:20; temporal_distractor.py:49,466 defined Outcome B as: generic dynamical advantage (LIF within CI of B4))",DOWNGRADED (LIMITED CONDITIONAL),Conditional retrieval advantage over compromised B3 baseline under specific retrieval cues; B2 (LIF+delay line) provides a strong positional baseline (~0.843); exhibits seed decay and class coverage restrictions; does not support universal interference robustness.,B2 achieves 0.843 accuracy on distractor condition without attention mechanism; B4 advantage is only relative to B3 (0.389).,Bootstrap analysis on independent unpooled seeds.,"If B2 baseline outperforms B4 under calibrated delay tuning across general distractor distributions, retract retrieval advantage claim."
CLM-04,Positive scalar attention kernel enables dynamic query-conditioned content routing across multiple memorized candidates.,"Probe-2 Identifiability Suite (M0, M1, M2)",Multi-candidate stimulus sequences with variable query amplitudes,"Positive scalar kernel E_{t,i} = beta * W_q * W_k * S_t * x_i with S_t >= 0","code/experiments/probe2/identifiability/probe2_identifiability_audit.py, code/experiments/probe2/identifiability/README.md:11, docs/REPRODUCIBILITY_LEDGER.md:71","TERMINATED / AUDIT_FAILED (code/experiments/probe2/identifiability/README.md:11, docs/REPRODUCIBILITY_LEDGER.md:71)",REFUTED / TERMINATED,Positive scalar attention kernel cannot perform content routing; candidate argmax order is strictly invariant across all positive query amplitudes (Theorem 5.1). Probe-2 terminated with 0 argmax flips.,"Theorem 5.1 proof: E_A - E_B = beta * W_q * W_k * S * (x_A - x_B). For S > 0, sign(E_A - E_B) = sign(x_A - x_B) is constant; highest amplitude candidate always wins.",None (structural impossibility theorem proved and empirical failure replicated).,Claim refuted; permanently closed for scalar kernels.
CLM-05,Excitatory-inhibitory opponent topology produces non-monotonic selective tuning peaks; static opponent competition achieves query-conditioned content routing.,Opponent Network Layouts C1-C6 (Sprint 4.1-C/D),Stimulus input sequences across 6 opponent network layouts * 2 variants,Static linear threshold inhibition; E-I interaction weights; positive scalar inputs,"results/sprint4_1cd/sprint4_1cd_summary.json, code/experiments/sprint4_1cd_ei_dynamics.py, docs/TANII_SPRINT4_1CD_RESULTS.md:186, paper2/sections/s10_ledger.tex:43-47","ESTABLISHED (Tuning peak in C1, x*=1.00, h_E=0.200) / NEGATIVE (Routing FlipRate = 0.000 across 6 layouts) (docs/TANII_SPRINT4_1CD_RESULTS.md:186, paper2/sections/s10_ledger.tex:43-47)","DOWNGRADED (TUNING ESTABLISHED, ROUTING REFUTED)","Opponent structure produces nonmonotonic selective tuning peaks via E-I interaction (Theorem 4.1, layout C1 peak x*=1.00); static opponent competition does NOT achieve content routing (flip rate = 0.000 across 6 layouts * 2 variants; query affects response magnitude only, not winner selection).",Layout C1 achieves tuning peak without attention (zero attention necessity counterexample); all 6 layouts fail to produce a single winner flip.,Dynamic recurrent E-I coupling with delayed feedback.,"If opponent units produce argmax winner flips under positive scalar queries, re-evaluate routing capacity."
CLM-06,The theoretical flip probability for isotropic 2D key pairs under uniform query angles follows the linear law P(flip) = theta / pi on S^1.,"Geometric Analysis Suite (Sprint 4.2-A, Theorem 5.2)","Isotropic unit vector pairs separated by angle theta in [0, pi] on S^{d-1} across d=2, 3, 4, 8",Uniform distribution of query vectors on S^1; d=2 minimal dimension for continuous geometry (Charikar STOC 2002),"results/sprint4_2/sprint4_2_summary.json, code/experiments/sprint4_2/sprint4_2_geometry.py, paper2/sections/s10_ledger.tex:49-53","ESTABLISHED (Theorem 5.1 / flip law theta/pi; 132/132 isotropic conditions passed, 140 checks total; results/sprint4_2/sprint4_2_summary.json)",RETAINED (REDUCED SCOPE),"Linear flip law theta/pi holds for isotropic 2D pairs (132/132 isotropic conditions passed, 140 checks total; max single-seed diff 0.0093, mean diff 0.0047); higher-dimensional projection maintains F_d = 0.5 (negative control); does not imply general multi-item permutation routing.","Non-isotropic key distributions break linearity; F_d=0.5 in higher dimensions reflects subspace projection, not full permutation routing.",Non-uniform sphere integration.,"If analytical theta/pi deviates from numerical simulation beyond Monte Carlo sampling error, revise theoretical formulation."
CLM-07,Dynamic TAN neuron implementation routes between candidates A and B across canonical queries Q=3.0 and Q=4.0.,Full Vector TAN Neuron (Sprint 4.2-B Canonical Test),"Canonical input history [1, 0, 2, 0, Q] with Q in {3.0, 4.0}, omega=0.4",Query rotation theta = omega * S with omega=0.4; code implementation uses theta = omega * S (text double-omega formula was erratum ERR-01),"results/sprint4_2/sprint4_2b_summary.json, code/experiments/sprint4_2/sprint4_2_vector_qk.py, paper2/sections/s10_ledger.tex:54-57",ESTABLISHED (routing margin flip +0.2587 -> -0.1559; ensemble flip rate 0.4425 vs analytic 0.4445; results/sprint4_2/sprint4_2b_summary.json),RETAINED (TYPO RESOLVED),"Neuron achieves canonical margin flip (+0.2587 at Q=3 -> Winner A; -0.1559 at Q=4 -> Winner B); requires code definition theta = omega * S; literal paper text formula theta = omega^2 * S would fail to flip (+0.7055 and +0.8426, both Winner A). Winner flip rate must not be conflated with semantic address correctness.",Literal text formula theta = omega^2 * S prevents flip at Q=4; text erratum corrected in review copy.,None (verified numerically and text corrected).,"If code is altered to match the double-omega typo, routing fails immediately."
CLM-08,Key-value representation decoupling allows TAN to achieve pairing-sensitive value transmission without amplitude leakage.,"M2 (Key-Value Decoupled TAN, Sprint 4.2-C)","Key-value binding sequences with canonical values V_A=5.0, V_B=9.0",Independent key and value channels; query slots carry zero value,"results/sprint4_2/sprint4_2c_summary.json, code/experiments/sprint4_2/sprint4_2_binding_probe.py, paper2/sections/s10_ledger.tex:58-61",ESTABLISHED (pairing-sensitive soft binding; T_swap = -T to 10^-12; D_ev > 0; results/sprint4_2/sprint4_2c_summary.json),RETAINED (BOUNDED),"Demonstrates pairing-sensitive value transmission with exact value-swap antisymmetry (T_swap = -T = +0.4129 to 10^-12); however, transmission is soft (D=1.74/1.84); continuous softmax cannot achieve exact symbolic delivery at finite temperature.",Proposition 6.1 (Softmax Mixing Barrier): C_ev is in relative interior of convex hull for V_A != V_B; D > 0 strictly for all finite gamma.,Evaluation under non-zero query slot values.,"If value-swap symmetry is broken, binding decoupling fails."
CLM-09,WTA hard selection (gamma -> infinity) achieves exact zero-error value binding; net E-I drive transfer restores value direction at gamma* = 5.098015.,M2-WTA (Sprint 4.2-D),"Key-value pairs with one-hot argmax readout; sharpening parameter gamma in [1, inf)",Clean winner separation (margin > 0); winner-take-all argmax selection; bisection root gamma* = 5.098015 where T_drive = 0 (reversal crossing root),"results/sprint4_2/sprint4_2d_summary.json, code/experiments/sprint4_2/sprint4_2_hard_binding.py, paper2/sections/s10_ledger.tex:62-65",ESTABLISHED (one-hot WTA limit achieves D=0; E-I direction reversal crossing root gamma* = 5.098015; results/sprint4_2/sprint4_2d_summary.json),RETAINED (CONSTRUCTIVE),One-hot argmax selection delivers exact bound values conditioned on correct routing; does not fix upstream routing errors; E-I net drive transfer restores positive direction at gamma* = 5.098015 (bisection root where T_drive = 0); limited to tested mechanism family.,"If upstream routing selects the wrong winner, hard selection delivers the wrong value with zero blending.",Biological plausibility of infinite gamma limit in spiking units.,"If claimed to represent biological spiking WTA without dynamical proof, reject."
CLM-10,"Two-channel parallel binding combined with an explicit algebraic node achieves exact compositional arithmetic (y = f(V_A, V_B)).",M2 Dual-Channel Composition (Sprint 4.3-A),"Dual-query sequences [A, 0, B, Q1, Q2]; addition (+) and subtraction (-) operations; 30,000 Monte Carlo histories",Constructive static retriever pipeline; exact algebraic combiner node; both-routed coverage 22.03% (benchmark 22.07%),"results/sprint4_3/audit_summary.json, results/sprint4_3/monte_carlo_results.json, code/experiments/sprint4_3/sprint4_3a_composition_probe.py, paper2/sections/s10_ledger.tex:69-73",ESTABLISHED (constructive operator-level sufficiency under controlled 4.3-A protocol; E_comp|both = 0; 8 counterfactuals PASS; results/sprint4_3/audit_summary.json),DOWNGRADED TO CONSTRUCTIVE OPERATOR SUFFICIENCY,"Constructive proof of operator sufficiency: dual parallel retrieval channels + explicit algebraic node can evaluate relations on the both-routed subset (coverage 22.03%, E_both = 0.0); unconditional error is non-zero (E_plus = 1.1077 MC / 1.1161 bench; E_minus = 1.9759 MC / 2.0010 bench); does NOT prove online continuous neural membrane dynamics or learned symbolic generalization.","Sprint 4.3-A implementation uses direct arithmetic node (C1 + C2 if f==+ else C1 - C2), not recurrent neural dynamics; shortcut dict contains 5 structural True flags and 1 direct check(..., True).",Fully learned neural composition without explicit hardcoded algebraic operator.,"If claimed as proof of emergent or learned symbolic reasoning in recurrent spiking networks, reject immediately."
CLM-11,"1D scalar metric distance attention is sufficient for content addressing under hard argmax; 2D vector rotation is not necessary for addressability; scalar dot-product kernels cannot address intermediate keys (0/6,705 hits).","P1-A Suite (7 models: QueryBlindControl, PositiveScalarKernel, SignedScalarKernel, HistoricalSprint4_2_KernelStaticControl, FrozenSRotationHarmonicReference, ScalarMetricAttention, VectorQKAddressAttention)","Synthetic multi-slot key-value memory retrieval (6 conditions C1-C6, N=2 and N=3, noise sigma in {0.0, 0.01, 0.05}, OOD intervals [0.05, 0.3] and [2.5, 3.5], 10 seeds 2026091700-2026091709, 60,000 trials, 420,000 evaluations)",Static multi-slot memory buffer with distinct non-zero keys and values; distinct query cues; hard argmax winner selection vs soft readout,"p1_experiments/results/run_p1a_rev2/summary_p1a.json, condition_summary.csv, post_write_recomputation_audit.json, g1_gate_report.json, P1A_FINAL_BASELINE_MANIFEST.md",PROPOSED (RESEARCH_AUDIT_AND_PLAN_2026-09-17.md: Section 5 / P1-A),ESTABLISHED & FORMALLY CLOSED (Codex Sign-off 2026-09-19),"1D metric distance compatibility (score = -(q - k)^2) is sufficient for single-neuron content addressing under hard argmax routing (100.00% both-routed accuracy on N=2 and N=3); 2D vector rotation on S^1 is not necessary for addressability; scalar dot-product kernels mathematically cannot address intermediate keys (0/6,705 hits on N=3). Results established under static multi-slot memory setting.","ScalarMetricAttention achieves 100.00% routing accuracy identical to 2D Vector-QK across all 60,000 trials, refuting the necessity of 2D rotation for addressability; SignedScalarKernel achieves exactly 0/6,705 hits on intermediate keys; Historical 4.2-B control achieves only 13.68% accuracy on N=3.","None for static addressability (420,000 evaluations completed; lossless post-write recomputation audit passed with max diff < 1e-14; 5 failure injection fixtures passed; Codex formal closure sign-off obtained). Dynamic carrier modeling deferred to P1-B.","Formally closed upon verified full replay, lossless audit, and multi-agent peer sign-off."
