condition,seed,model,N,both_acc,c1_acc,c2_acc,middle_acc,binding_err,uncond_err_add_hard,uncond_err_sub_hard,cond_err_add_hard,cond_err_sub_hard
C1_N2_zero_noise,2026091700,QueryBlindControl,2,0.492,0.492,0.492,,2.062844068498849,0.0,2.062844068498849,0.0,0.0
C1_N2_zero_noise,2026091700,PositiveScalarKernel,2,0.0,0.48,0.52,,1.9931696557535385,1.9931696557535385,1.9931696557535385,,
C1_N2_zero_noise,2026091700,SignedScalarKernel,2,0.535,0.758,0.777,,0.907721629013276,0.907721629013276,0.907721629013276,0.0,0.0
C1_N2_zero_noise,2026091700,FrozenSRotationReference,2,0.107,0.501,0.52,,1.958277816145765,1.6279405528987643,1.958277816145765,0.0,0.0
C1_N2_zero_noise,2026091700,ScalarMetricAttention,2,1.0,1.0,1.0,,0.0,0.0,0.0,0.0,0.0
C1_N2_zero_noise,2026091700,VectorQKAddressAttention,2,1.0,1.0,1.0,,0.0,0.0,0.0,0.0,0.0
C1_N2_zero_noise,2026091701,QueryBlindControl,2,0.505,0.505,0.505,,1.924538255667907,0.0,1.924538255667907,0.0,0.0
C1_N2_zero_noise,2026091701,PositiveScalarKernel,2,0.0,0.495,0.505,,1.9867567052375925,1.9867567052375925,1.9867567052375925,,
C1_N2_zero_noise,2026091701,SignedScalarKernel,2,0.51,0.765,0.745,,0.9300146723666801,0.9300146723666801,0.9300146723666801,0.0,0.0
C1_N2_zero_noise,2026091701,FrozenSRotationReference,2,0.111,0.503,0.505,,1.9777314923189655,1.5832724801973137,1.9777314923189655,0.0,0.0
C1_N2_zero_noise,2026091701,ScalarMetricAttention,2,1.0,1.0,1.0,,0.0,0.0,0.0,0.0,0.0
C1_N2_zero_noise,2026091701,VectorQKAddressAttention,2,1.0,1.0,1.0,,0.0,0.0,0.0,0.0,0.0
C1_N2_zero_noise,2026091702,QueryBlindControl,2,0.499,0.499,0.499,,1.997837437917765,0.0,1.997837437917765,0.0,0.0
C1_N2_zero_noise,2026091702,PositiveScalarKernel,2,0.0,0.518,0.482,,1.9728107125400667,1.9728107125400667,1.9728107125400667,,
C1_N2_zero_noise,2026091702,SignedScalarKernel,2,0.512,0.738,0.774,,0.9775533220405925,0.9775533220405925,0.9775533220405925,0.0,0.0
C1_N2_zero_noise,2026091702,FrozenSRotationReference,2,0.091,0.528,0.482,,1.9630854676818295,1.6027526498909983,1.9630854676818295,0.0,0.0
C1_N2_zero_noise,2026091702,ScalarMetricAttention,2,1.0,1.0,1.0,,0.0,0.0,0.0,0.0,0.0
C1_N2_zero_noise,2026091702,VectorQKAddressAttention,2,1.0,1.0,1.0,,0.0,0.0,0.0,0.0,0.0
C1_N2_zero_noise,2026091703,QueryBlindControl,2,0.472,0.472,0.472,,2.072684554357848,0.0,2.072684554357848,0.0,0.0
C1_N2_zero_noise,2026091703,PositiveScalarKernel,2,0.0,0.499,0.501,,2.020948109303519,2.020948109303519,2.020948109303519,,
C1_N2_zero_noise,2026091703,SignedScalarKernel,2,0.543,0.761,0.782,,0.9042799189288108,0.9042799189288108,0.9042799189288108,0.0,0.0
C1_N2_zero_noise,2026091703,FrozenSRotationReference,2,0.094,0.502,0.501,,2.015667810008777,1.6616223979766418,2.015667810008777,0.0,0.0
C1_N2_zero_noise,2026091703,ScalarMetricAttention,2,1.0,1.0,1.0,,0.0,0.0,0.0,0.0,0.0
C1_N2_zero_noise,2026091703,VectorQKAddressAttention,2,1.0,1.0,1.0,,0.0,0.0,0.0,0.0,0.0
C1_N2_zero_noise,2026091704,QueryBlindControl,2,0.49,0.49,0.49,,2.0553931673021606,0.0,2.0553931673021606,0.0,0.0
C1_N2_zero_noise,2026091704,PositiveScalarKernel,2,0.0,0.506,0.494,,2.015429272173864,2.015429272173864,2.015429272173864,,
C1_N2_zero_noise,2026091704,SignedScalarKernel,2,0.525,0.769,0.756,,0.9891003124030752,0.9891003124030752,0.9891003124030752,0.0,0.0
C1_N2_zero_noise,2026091704,FrozenSRotationReference,2,0.1,0.505,0.494,,2.010718351046392,1.5939091919800434,2.010718351046392,0.0,0.0
C1_N2_zero_noise,2026091704,ScalarMetricAttention,2,1.0,1.0,1.0,,0.0,0.0,0.0,0.0,0.0
C1_N2_zero_noise,2026091704,VectorQKAddressAttention,2,1.0,1.0,1.0,,0.0,0.0,0.0,0.0,0.0
C1_N2_zero_noise,2026091705,QueryBlindControl,2,0.479,0.479,0.479,,2.033799507287615,0.0,2.033799507287615,0.0,0.0
C1_N2_zero_noise,2026091705,PositiveScalarKernel,2,0.0,0.516,0.484,,1.9619788762115176,1.9619788762115176,1.9619788762115176,,
C1_N2_zero_noise,2026091705,SignedScalarKernel,2,0.5,0.76,0.74,,0.9555167674895927,0.9555167674895927,0.9555167674895927,0.0,0.0
C1_N2_zero_noise,2026091705,FrozenSRotationReference,2,0.092,0.496,0.484,,2.0055011656736776,1.581834816436432,2.0055011656736776,0.0,0.0
C1_N2_zero_noise,2026091705,ScalarMetricAttention,2,1.0,1.0,1.0,,0.0,0.0,0.0,0.0,0.0
C1_N2_zero_noise,2026091705,VectorQKAddressAttention,2,1.0,1.0,1.0,,0.0,0.0,0.0,0.0,0.0
C1_N2_zero_noise,2026091706,QueryBlindControl,2,0.516,0.516,0.516,,1.9585174841448756,0.0,1.9585174841448756,0.0,0.0
C1_N2_zero_noise,2026091706,PositiveScalarKernel,2,0.0,0.503,0.497,,2.035103685792695,2.035103685792695,2.035103685792695,,
C1_N2_zero_noise,2026091706,SignedScalarKernel,2,0.507,0.75,0.757,,0.9952878270354905,0.9952878270354906,0.9952878270354905,0.0,0.0
C1_N2_zero_noise,2026091706,FrozenSRotationReference,2,0.101,0.502,0.497,,2.0302760803311037,1.648947260923852,2.0302760803311037,0.0,0.0
C1_N2_zero_noise,2026091706,ScalarMetricAttention,2,1.0,1.0,1.0,,0.0,0.0,0.0,0.0,0.0
C1_N2_zero_noise,2026091706,VectorQKAddressAttention,2,1.0,1.0,1.0,,0.0,0.0,0.0,0.0,0.0
C1_N2_zero_noise,2026091707,QueryBlindControl,2,0.492,0.492,0.492,,1.9741999435404807,0.0,1.9741999435404807,0.0,0.0
C1_N2_zero_noise,2026091707,PositiveScalarKernel,2,0.0,0.506,0.494,,1.9830805594707472,1.9830805594707472,1.9830805594707472,,
C1_N2_zero_noise,2026091707,SignedScalarKernel,2,0.532,0.76,0.772,,0.9574320784545022,0.9574320784545022,0.9574320784545022,0.0,0.0
C1_N2_zero_noise,2026091707,FrozenSRotationReference,2,0.092,0.511,0.494,,1.9480611267795103,1.60400538977198,1.9480611267795103,0.0,0.0
C1_N2_zero_noise,2026091707,ScalarMetricAttention,2,1.0,1.0,1.0,,0.0,0.0,0.0,0.0,0.0
C1_N2_zero_noise,2026091707,VectorQKAddressAttention,2,1.0,1.0,1.0,,0.0,0.0,0.0,0.0,0.0
C1_N2_zero_noise,2026091708,QueryBlindControl,2,0.5,0.5,0.5,,2.0202759402066413,0.0,2.0202759402066413,0.0,0.0
C1_N2_zero_noise,2026091708,PositiveScalarKernel,2,0.0,0.491,0.509,,2.0038504431570314,2.0038504431570314,2.0038504431570314,,
C1_N2_zero_noise,2026091708,SignedScalarKernel,2,0.523,0.749,0.774,,0.9572088550631895,0.9572088550631895,0.9572088550631895,0.0,0.0
C1_N2_zero_noise,2026091708,FrozenSRotationReference,2,0.105,0.512,0.509,,1.9314778033484954,1.62747357303912,1.9314778033484954,0.0,0.0
C1_N2_zero_noise,2026091708,ScalarMetricAttention,2,1.0,1.0,1.0,,0.0,0.0,0.0,0.0,0.0
C1_N2_zero_noise,2026091708,VectorQKAddressAttention,2,1.0,1.0,1.0,,0.0,0.0,0.0,0.0,0.0
C1_N2_zero_noise,2026091709,QueryBlindControl,2,0.474,0.474,0.474,,2.159375247422107,0.0,2.159375247422107,0.0,0.0
C1_N2_zero_noise,2026091709,PositiveScalarKernel,2,0.0,0.509,0.491,,2.0091373989353687,2.0091373989353687,2.0091373989353687,,
C1_N2_zero_noise,2026091709,SignedScalarKernel,2,0.527,0.752,0.775,,0.9520188303748301,0.9520188303748301,0.9520188303748301,0.0,0.0
C1_N2_zero_noise,2026091709,FrozenSRotationReference,2,0.099,0.501,0.491,,2.0087215904713824,1.6069606731061243,2.0087215904713824,0.0,0.0
C1_N2_zero_noise,2026091709,ScalarMetricAttention,2,1.0,1.0,1.0,,0.0,0.0,0.0,0.0,0.0
C1_N2_zero_noise,2026091709,VectorQKAddressAttention,2,1.0,1.0,1.0,,0.0,0.0,0.0,0.0,0.0
C2_N3_zero_noise,2026091700,QueryBlindControl,3,0.189,0.357,0.346,0.18970588235294117,2.5833739596791148,1.3115810541073047,2.4183527875946256,0.0,0.0
C2_N3_zero_noise,2026091700,PositiveScalarKernel,3,0.0,0.329,0.345,0.0,2.6457647843744647,2.47315169830247,2.0071214493067826,,
C2_N3_zero_noise,2026091700,SignedScalarKernel,3,0.251,0.59,0.603,0.0,1.6315720052636649,1.609184261303686,1.5224020453583222,0.0,0.0
C2_N3_zero_noise,2026091700,FrozenSRotationReference,3,0.057,0.303,0.345,0.075,2.678957962755963,2.0036703509435805,2.2050976523785684,0.0,0.0
C2_N3_zero_noise,2026091700,ScalarMetricAttention,3,1.0,1.0,1.0,1.0,0.0,0.0,0.0,0.0,0.0
C2_N3_zero_noise,2026091700,VectorQKAddressAttention,3,1.0,1.0,1.0,1.0,0.0,0.0,0.0,0.0,0.0
C2_N3_zero_noise,2026091701,QueryBlindControl,3,0.169,0.33,0.332,0.17690058479532164,2.609696863444197,1.2941475997467287,2.441821413987835,0.0,0.0
C2_N3_zero_noise,2026091701,PositiveScalarKernel,3,0.0,0.334,0.328,0.0,2.6480722368092646,2.4896800797323912,2.042207776425737,,
C2_N3_zero_noise,2026091701,SignedScalarKernel,3,0.252,0.593,0.582,0.0,1.686896484197714,1.6414627289369796,1.494674937397339,0.0,0.0
C2_N3_zero_noise,2026091701,FrozenSRotationReference,3,0.064,0.305,0.328,0.08625730994152046,2.6937314235743717,2.0015622369164245,2.220968961739081,0.0,0.0
C2_N3_zero_noise,2026091701,ScalarMetricAttention,3,1.0,1.0,1.0,1.0,0.0,0.0,0.0,0.0,0.0
C2_N3_zero_noise,2026091701,VectorQKAddressAttention,3,1.0,1.0,1.0,1.0,0.0,0.0,0.0,0.0,0.0
C2_N3_zero_noise,2026091702,QueryBlindControl,3,0.176,0.36,0.328,0.17956656346749225,2.605062595214699,1.3001410812877612,2.4593010954284518,0.0,0.0
C2_N3_zero_noise,2026091702,PositiveScalarKernel,3,0.0,0.331,0.355,0.0,2.546595410178523,2.3848089751038577,1.9793984622706315,,
C2_N3_zero_noise,2026091702,SignedScalarKernel,3,0.292,0.577,0.643,0.0,1.5674855759213884,1.5374180952768748,1.4089807395922844,0.0,0.0
C2_N3_zero_noise,2026091702,FrozenSRotationReference,3,0.073,0.352,0.355,0.10990712074303406,2.390127852480539,1.857084241821808,2.0421683151233205,0.0,0.0
C2_N3_zero_noise,2026091702,ScalarMetricAttention,3,1.0,1.0,1.0,1.0,0.0,0.0,0.0,0.0,0.0
C2_N3_zero_noise,2026091702,VectorQKAddressAttention,3,1.0,1.0,1.0,1.0,0.0,0.0,0.0,0.0,0.0
C2_N3_zero_noise,2026091703,QueryBlindControl,3,0.17,0.334,0.329,0.16066066066066065,2.730718119896538,1.3404788360453253,2.5499157028938595,0.0,0.0
C2_N3_zero_noise,2026091703,PositiveScalarKernel,3,0.0,0.355,0.313,0.0,2.69260878656262,2.519672467401208,1.9920121166213598,,
C2_N3_zero_noise,2026091703,SignedScalarKernel,3,0.242,0.598,0.567,0.0,1.7281721378123562,1.6736391123786125,1.5743156919225856,0.0,0.0
C2_N3_zero_noise,2026091703,FrozenSRotationReference,3,0.074,0.346,0.313,0.08408408408408409,2.679444420939487,1.9539809232872185,2.2403750215000726,0.0,0.0
C2_N3_zero_noise,2026091703,ScalarMetricAttention,3,1.0,1.0,1.0,1.0,0.0,0.0,0.0,0.0,0.0
C2_N3_zero_noise,2026091703,VectorQKAddressAttention,3,1.0,1.0,1.0,1.0,0.0,0.0,0.0,0.0,0.0
C2_N3_zero_noise,2026091704,QueryBlindControl,3,0.17,0.324,0.35,0.1779788838612368,2.613563582619986,1.3446557317526013,2.4211441343731313,0.0,0.0
C2_N3_zero_noise,2026091704,PositiveScalarKernel,3,0.0,0.342,0.326,0.0,2.6413097321542685,2.4768321392671124,1.978938239952357,,
C2_N3_zero_noise,2026091704,SignedScalarKernel,3,0.258,0.571,0.606,0.0,1.6496398551179536,1.623952396394728,1.4730019984322793,0.0,0.0
C2_N3_zero_noise,2026091704,FrozenSRotationReference,3,0.066,0.337,0.326,0.08748114630467571,2.65927073575535,2.0355393153558845,2.2170729907608133,0.0,0.0
C2_N3_zero_noise,2026091704,ScalarMetricAttention,3,1.0,1.0,1.0,1.0,0.0,0.0,0.0,0.0,0.0
C2_N3_zero_noise,2026091704,VectorQKAddressAttention,3,1.0,1.0,1.0,1.0,0.0,0.0,0.0,0.0,0.0
C2_N3_zero_noise,2026091705,QueryBlindControl,3,0.17,0.347,0.336,0.1646153846153846,2.70699730433508,1.282625836607446,2.550362244885939,0.0,0.0
C2_N3_zero_noise,2026091705,PositiveScalarKernel,3,0.0,0.338,0.331,0.0,2.68857177753844,2.4817935508244338,2.0875065314975436,,
C2_N3_zero_noise,2026091705,SignedScalarKernel,3,0.27,0.611,0.594,0.0,1.6703897308114346,1.6449637570921547,1.533741733743368,0.0,0.0
C2_N3_zero_noise,2026091705,FrozenSRotationReference,3,0.069,0.326,0.331,0.09230769230769231,2.7442700285248285,2.0089973254840126,2.2974370870082637,0.0,0.0
C2_N3_zero_noise,2026091705,ScalarMetricAttention,3,1.0,1.0,1.0,1.0,0.0,0.0,0.0,0.0,0.0
C2_N3_zero_noise,2026091705,VectorQKAddressAttention,3,1.0,1.0,1.0,1.0,0.0,0.0,0.0,0.0,0.0
C2_N3_zero_noise,2026091706,QueryBlindControl,3,0.17,0.326,0.35,0.17008797653958943,2.6086008402819787,1.326953101484577,2.4533916180236357,0.0,0.0
C2_N3_zero_noise,2026091706,PositiveScalarKernel,3,0.0,0.339,0.318,0.0,2.671440058949777,2.5097032016276084,1.9972134677540494,,
C2_N3_zero_noise,2026091706,SignedScalarKernel,3,0.249,0.587,0.588,0.0,1.6708743719654446,1.6354650196878324,1.529404038573763,0.0,0.0
C2_N3_zero_noise,2026091706,FrozenSRotationReference,3,0.066,0.349,0.318,0.08064516129032258,2.704473441769797,1.9776282296827203,2.2676661720782954,0.0,0.0
C2_N3_zero_noise,2026091706,ScalarMetricAttention,3,1.0,1.0,1.0,1.0,0.0,0.0,0.0,0.0,0.0
C2_N3_zero_noise,2026091706,VectorQKAddressAttention,3,1.0,1.0,1.0,1.0,0.0,0.0,0.0,0.0,0.0
C2_N3_zero_noise,2026091707,QueryBlindControl,3,0.161,0.327,0.309,0.1561119293078056,2.7456156734060397,1.358283943054776,2.5595655175264995,0.0,0.0
C2_N3_zero_noise,2026091707,PositiveScalarKernel,3,0.0,0.335,0.325,0.0,2.621323222659341,2.432290638828101,1.9922156472327361,,
C2_N3_zero_noise,2026091707,SignedScalarKernel,3,0.262,0.576,0.602,0.0,1.6365259765810425,1.5937153810383675,1.4726724531079953,0.0,0.0
C2_N3_zero_noise,2026091707,FrozenSRotationReference,3,0.07,0.364,0.325,0.09278350515463918,2.620036094405402,1.947458856887107,2.168492216899785,0.0,0.0
C2_N3_zero_noise,2026091707,ScalarMetricAttention,3,1.0,1.0,1.0,1.0,0.0,0.0,0.0,0.0,0.0
C2_N3_zero_noise,2026091707,VectorQKAddressAttention,3,1.0,1.0,1.0,1.0,0.0,0.0,0.0,0.0,0.0
C2_N3_zero_noise,2026091708,QueryBlindControl,3,0.186,0.348,0.358,0.18529862174578868,2.614989733716909,1.3467395125260186,2.457612742276574,0.0,0.0
C2_N3_zero_noise,2026091708,PositiveScalarKernel,3,0.0,0.348,0.323,0.0,2.602121757505533,2.4322215662117697,1.997785008121576,,
C2_N3_zero_noise,2026091708,SignedScalarKernel,3,0.264,0.593,0.611,0.0,1.5991106186515323,1.564778674761562,1.4905033980123692,0.0,0.0
C2_N3_zero_noise,2026091708,FrozenSRotationReference,3,0.054,0.334,0.323,0.07503828483920368,2.6696181373971126,1.9851696800911036,2.234206168226506,0.0,0.0
C2_N3_zero_noise,2026091708,ScalarMetricAttention,3,1.0,1.0,1.0,1.0,0.0,0.0,0.0,0.0,0.0
C2_N3_zero_noise,2026091708,VectorQKAddressAttention,3,1.0,1.0,1.0,1.0,0.0,0.0,0.0,0.0,0.0
C2_N3_zero_noise,2026091709,QueryBlindControl,3,0.159,0.311,0.33,0.1581196581196581,2.6812969683586543,1.4290184739437062,2.4887852364592367,0.0,0.0
C2_N3_zero_noise,2026091709,PositiveScalarKernel,3,0.0,0.339,0.318,0.0,2.726215005460618,2.57218303124539,2.0364166706787485,,
C2_N3_zero_noise,2026091709,SignedScalarKernel,3,0.241,0.578,0.593,0.0,1.739202019870917,1.7057220391579777,1.5768459546497982,0.0,0.0
C2_N3_zero_noise,2026091709,FrozenSRotationReference,3,0.062,0.327,0.318,0.08404558404558404,2.7803322215812183,2.047043206560826,2.3031185802102545,0.0,0.0
C2_N3_zero_noise,2026091709,ScalarMetricAttention,3,1.0,1.0,1.0,1.0,0.0,0.0,0.0,0.0,0.0
C2_N3_zero_noise,2026091709,VectorQKAddressAttention,3,1.0,1.0,1.0,1.0,0.0,0.0,0.0,0.0,0.0
C3_N3_low_noise,2026091700,QueryBlindControl,3,0.181,0.333,0.352,0.1861152141802068,2.7399360165832864,1.3005800198995217,2.62462023969663,0.0,0.0
C3_N3_low_noise,2026091700,PositiveScalarKernel,3,0.0,0.32,0.337,0.0,2.7081722721553856,2.52136979814865,2.0793044248051404,,
C3_N3_low_noise,2026091700,SignedScalarKernel,3,0.253,0.577,0.605,0.0,1.594747861775983,1.5605272195243005,1.4539177365627647,0.0,0.0
C3_N3_low_noise,2026091700,FrozenSRotationReference,3,0.069,0.33,0.337,0.08862629246676514,2.7450714016945104,2.0073170719064573,2.3541048189046294,0.0,0.0
C3_N3_low_noise,2026091700,ScalarMetricAttention,3,0.992,0.995,0.997,0.9911373707533235,0.014126865463005874,0.014126865463005874,0.014126865463005874,0.0,0.0
C3_N3_low_noise,2026091700,VectorQKAddressAttention,3,0.992,0.995,0.997,0.9911373707533235,0.014126865463005874,0.014126865463005874,0.014126865463005874,0.0,0.0
C3_N3_low_noise,2026091701,QueryBlindControl,3,0.178,0.348,0.324,0.1837037037037037,2.6463294701241624,1.3040050647248758,2.4807455931821387,0.0,0.0
C3_N3_low_noise,2026091701,PositiveScalarKernel,3,0.0,0.316,0.359,0.0,2.6221936869770595,2.489326334856616,1.9778124321416424,,
C3_N3_low_noise,2026091701,SignedScalarKernel,3,0.25,0.577,0.617,0.0,1.640614905765617,1.629612195403875,1.513744209633386,0.0,0.0
C3_N3_low_noise,2026091701,FrozenSRotationReference,3,0.062,0.307,0.359,0.08148148148148149,2.638536201555961,2.0234463536667464,2.172176405474146,0.0,0.0
C3_N3_low_noise,2026091701,ScalarMetricAttention,3,0.981,0.99,0.99,0.9807407407407407,0.04681899878335754,0.03790174633031075,0.04681899878335754,0.0,0.0
C3_N3_low_noise,2026091701,VectorQKAddressAttention,3,0.981,0.99,0.99,0.9807407407407407,0.04681899878335754,0.03790174633031075,0.04681899878335754,0.0,0.0
C3_N3_low_noise,2026091702,QueryBlindControl,3,0.174,0.357,0.324,0.19402985074626866,2.627393089639314,1.3222635176825406,2.4844630433424126,0.0,0.0
C3_N3_low_noise,2026091702,PositiveScalarKernel,3,0.0,0.306,0.353,0.0,2.639979211189274,2.4791077923209848,2.013984322652091,,
C3_N3_low_noise,2026091702,SignedScalarKernel,3,0.264,0.574,0.623,0.0,1.6096437918505861,1.5862296267220577,1.4587535748735232,0.0,0.0
C3_N3_low_noise,2026091702,FrozenSRotationReference,3,0.073,0.329,0.353,0.09701492537313433,2.633037223844954,1.9866953518770074,2.2251744369318662,0.0,0.0
C3_N3_low_noise,2026091702,ScalarMetricAttention,3,0.992,0.996,0.996,0.991044776119403,0.015993196233866008,0.015993196233866008,0.015993196233866008,0.0,0.0
C3_N3_low_noise,2026091702,VectorQKAddressAttention,3,0.992,0.996,0.996,0.991044776119403,0.015993196233866008,0.015993196233866008,0.015993196233866008,0.0,0.0
C3_N3_low_noise,2026091703,QueryBlindControl,3,0.162,0.356,0.332,0.16220238095238096,2.6139437352965094,1.390355455986165,2.47327505126816,0.0,0.0
C3_N3_low_noise,2026091703,PositiveScalarKernel,3,0.0,0.329,0.359,0.0,2.6825028224718652,2.530273532036604,2.066285032752619,,
C3_N3_low_noise,2026091703,SignedScalarKernel,3,0.252,0.604,0.57,0.0,1.680944683881914,1.6327030209253546,1.5639283356460492,0.0,0.0
C3_N3_low_noise,2026091703,FrozenSRotationReference,3,0.08,0.34,0.359,0.10267857142857142,2.6682453521435474,1.9964130328067144,2.258287770967202,0.0,0.0
C3_N3_low_noise,2026091703,ScalarMetricAttention,3,0.992,0.996,0.996,0.9910714285714286,0.016786933478490106,0.016786933478490106,0.016786933478490102,0.0,0.0
C3_N3_low_noise,2026091703,VectorQKAddressAttention,3,0.992,0.996,0.996,0.9910714285714286,0.016786933478490106,0.016786933478490106,0.016786933478490102,0.0,0.0
C3_N3_low_noise,2026091704,QueryBlindControl,3,0.164,0.347,0.315,0.172821270310192,2.5246845041232997,1.3106011207870465,2.335603962977265,0.0,0.0
C3_N3_low_noise,2026091704,PositiveScalarKernel,3,0.0,0.312,0.344,0.0,2.5815947202264566,2.423885175428518,1.9247729453451554,,
C3_N3_low_noise,2026091704,SignedScalarKernel,3,0.261,0.599,0.592,0.0,1.5617140687958797,1.5267547539493638,1.4312854694893873,0.0,0.0
C3_N3_low_noise,2026091704,FrozenSRotationReference,3,0.082,0.355,0.344,0.11669128508124077,2.5185150372211846,1.910557298178101,2.0954660531641465,0.0,0.0
C3_N3_low_noise,2026091704,ScalarMetricAttention,3,0.981,0.994,0.987,0.9734121122599705,0.035882876051987866,0.035882876051987866,0.035882876051987866,0.0,0.0
C3_N3_low_noise,2026091704,VectorQKAddressAttention,3,0.981,0.994,0.987,0.9734121122599705,0.035882876051987866,0.035882876051987866,0.035882876051987866,0.0,0.0
C3_N3_low_noise,2026091705,QueryBlindControl,3,0.176,0.353,0.341,0.17,2.6078428758676737,1.31722094354379,2.4191793096647842,0.0,0.0
C3_N3_low_noise,2026091705,PositiveScalarKernel,3,0.0,0.339,0.322,0.0,2.6168984976888576,2.4429936240096466,1.961545962682859,,
C3_N3_low_noise,2026091705,SignedScalarKernel,3,0.244,0.59,0.578,0.0,1.625733928759777,1.597707845064568,1.4665275860584936,0.0,0.0
C3_N3_low_noise,2026091705,FrozenSRotationReference,3,0.082,0.355,0.322,0.11,2.62789337768136,2.0093408444949006,2.176036808456767,0.0,0.0
C3_N3_low_noise,2026091705,ScalarMetricAttention,3,0.989,0.994,0.995,0.9857142857142858,0.029298347732480422,0.029298347732480422,0.029298347732480422,0.0,0.0
C3_N3_low_noise,2026091705,VectorQKAddressAttention,3,0.989,0.994,0.995,0.9857142857142858,0.029298347732480422,0.029298347732480422,0.029298347732480422,0.0,0.0
C3_N3_low_noise,2026091706,QueryBlindControl,3,0.164,0.312,0.352,0.17304747320061256,2.7491914296355846,1.3853357131344592,2.5701021794567804,0.0,0.0
C3_N3_low_noise,2026091706,PositiveScalarKernel,3,0.0,0.331,0.342,0.0,2.666071977215034,2.499702187162519,2.0100726708240413,,
C3_N3_low_noise,2026091706,SignedScalarKernel,3,0.284,0.603,0.615,0.0,1.5554150560585847,1.5233911308074821,1.4238480193452057,0.0,0.0
C3_N3_low_noise,2026091706,FrozenSRotationReference,3,0.064,0.341,0.342,0.08575803981623277,2.6628485596861364,2.0031530132929998,2.220943506263413,0.0,0.0
C3_N3_low_noise,2026091706,ScalarMetricAttention,3,0.986,0.995,0.991,0.9846860643185299,0.036724338721781435,0.036724338721781435,0.036724338721781435,0.0,0.0
C3_N3_low_noise,2026091706,VectorQKAddressAttention,3,0.986,0.995,0.991,0.9846860643185299,0.036724338721781435,0.036724338721781435,0.036724338721781435,0.0,0.0
C3_N3_low_noise,2026091707,QueryBlindControl,3,0.167,0.35,0.323,0.16176470588235295,2.592504614085414,1.293669108834132,2.4286888870296544,0.0,0.0
C3_N3_low_noise,2026091707,PositiveScalarKernel,3,0.0,0.317,0.344,0.0,2.6075364209969276,2.4385393228415677,1.9447755124579722,,
C3_N3_low_noise,2026091707,SignedScalarKernel,3,0.262,0.593,0.595,0.0,1.605730875559847,1.5765550462696127,1.462567759332995,0.0,0.0
C3_N3_low_noise,2026091707,FrozenSRotationReference,3,0.081,0.339,0.344,0.11470588235294117,2.604216298278434,1.9729165433048816,2.1285779648926155,0.0,0.0
C3_N3_low_noise,2026091707,ScalarMetricAttention,3,0.989,0.994,0.995,0.9852941176470589,0.021752487741492587,0.021752487741492587,0.021752487741492587,0.0,0.0
C3_N3_low_noise,2026091707,VectorQKAddressAttention,3,0.989,0.994,0.995,0.9852941176470589,0.021752487741492587,0.021752487741492587,0.021752487741492587,0.0,0.0
C3_N3_low_noise,2026091708,QueryBlindControl,3,0.153,0.303,0.34,0.15922619047619047,2.8749269721236375,1.3422407849099125,2.7493851147861013,0.0,0.0
C3_N3_low_noise,2026091708,PositiveScalarKernel,3,0.0,0.331,0.34,0.0,2.76346972999563,2.577919875434568,2.146800045831117,,
C3_N3_low_noise,2026091708,SignedScalarKernel,3,0.254,0.587,0.588,0.0,1.7474129721085896,1.7123427636844755,1.5850973467393303,0.0,0.0
C3_N3_low_noise,2026091708,FrozenSRotationReference,3,0.057,0.312,0.34,0.07738095238095238,2.768013831298962,2.087962804164005,2.3002201028544986,0.0,0.0
C3_N3_low_noise,2026091708,ScalarMetricAttention,3,0.986,0.995,0.99,0.9851190476190477,0.030982454895850005,0.022053693917261072,0.030982454895850005,0.0,0.0
C3_N3_low_noise,2026091708,VectorQKAddressAttention,3,0.986,0.995,0.99,0.9851190476190477,0.030982454895850005,0.022053693917261072,0.030982454895850005,0.0,0.0
C3_N3_low_noise,2026091709,QueryBlindControl,3,0.18,0.331,0.327,0.17142857142857143,2.754360742493063,1.346345292200332,2.5899148426061513,0.0,0.0
C3_N3_low_noise,2026091709,PositiveScalarKernel,3,0.0,0.353,0.33,0.0,2.6621955839160982,2.5175429667483376,2.01389768778152,,
C3_N3_low_noise,2026091709,SignedScalarKernel,3,0.272,0.588,0.607,0.0,1.669944549866666,1.6252379881968464,1.4730952479603219,0.0,0.0
C3_N3_low_noise,2026091709,FrozenSRotationReference,3,0.067,0.37,0.33,0.09172932330827067,2.625942165912872,1.9699352029607264,2.2451853109696813,0.0,0.0
C3_N3_low_noise,2026091709,ScalarMetricAttention,3,0.988,0.996,0.991,0.9864661654135338,0.03125504680042569,0.02544297425847531,0.03125504680042569,0.0,0.0
C3_N3_low_noise,2026091709,VectorQKAddressAttention,3,0.988,0.996,0.991,0.9864661654135338,0.03125504680042569,0.02544297425847531,0.03125504680042569,0.0,0.0
C4_N3_high_noise,2026091700,QueryBlindControl,3,0.181,0.333,0.352,0.1861152141802068,2.7399360165832864,1.3005800198995217,2.62462023969663,0.0,0.0
C4_N3_high_noise,2026091700,PositiveScalarKernel,3,0.0,0.32,0.337,0.0,2.7081722721553856,2.52136979814865,2.0793044248051404,,
C4_N3_high_noise,2026091700,SignedScalarKernel,3,0.243,0.57,0.592,0.0,1.6235735195980368,1.578240597542201,1.4732698933109727,0.0,0.0
C4_N3_high_noise,2026091700,FrozenSRotationReference,3,0.069,0.33,0.337,0.08862629246676514,2.7450714016945104,2.0073170719064573,2.3541048189046294,0.0,0.0
C4_N3_high_noise,2026091700,ScalarMetricAttention,3,0.801,0.886,0.894,0.7725258493353028,0.43045753682535715,0.3678929125251188,0.4180540458468541,0.0,0.0
C4_N3_high_noise,2026091700,VectorQKAddressAttention,3,0.801,0.886,0.894,0.7725258493353028,0.43045753682535715,0.3678929125251188,0.4180540458468541,0.0,0.0
C4_N3_high_noise,2026091701,QueryBlindControl,3,0.178,0.348,0.324,0.1837037037037037,2.6463294701241624,1.3040050647248758,2.4807455931821387,0.0,0.0
C4_N3_high_noise,2026091701,PositiveScalarKernel,3,0.0,0.316,0.359,0.0,2.6221936869770595,2.489326334856616,1.9778124321416424,,
C4_N3_high_noise,2026091701,SignedScalarKernel,3,0.251,0.579,0.621,0.0,1.6392411200116,1.6293069333825725,1.5115976580850141,0.0,0.0
C4_N3_high_noise,2026091701,FrozenSRotationReference,3,0.062,0.307,0.359,0.08148148148148149,2.638536201555961,2.0234463536667464,2.172176405474146,0.0,0.0
C4_N3_high_noise,2026091701,ScalarMetricAttention,3,0.82,0.899,0.907,0.8014814814814815,0.40589572496574167,0.3660479930617881,0.39287975720823476,0.0,0.0
C4_N3_high_noise,2026091701,VectorQKAddressAttention,3,0.82,0.899,0.907,0.8014814814814815,0.40589572496574167,0.3660479930617881,0.39287975720823476,0.0,0.0
C4_N3_high_noise,2026091702,QueryBlindControl,3,0.174,0.357,0.324,0.19402985074626866,2.627393089639314,1.3222635176825406,2.4844630433424126,0.0,0.0
C4_N3_high_noise,2026091702,PositiveScalarKernel,3,0.0,0.306,0.353,0.0,2.639979211189274,2.4791077923209848,2.013984322652091,,
C4_N3_high_noise,2026091702,SignedScalarKernel,3,0.258,0.574,0.618,0.0,1.6179563477021977,1.5870323894781764,1.4791305136212567,0.0,0.0
C4_N3_high_noise,2026091702,FrozenSRotationReference,3,0.073,0.329,0.353,0.09701492537313433,2.633037223844954,1.9866953518770074,2.2251744369318662,0.0,0.0
C4_N3_high_noise,2026091702,ScalarMetricAttention,3,0.804,0.889,0.9,0.7805970149253731,0.38079847489483065,0.3380772502191071,0.38079847489483065,0.0,0.0
C4_N3_high_noise,2026091702,VectorQKAddressAttention,3,0.804,0.889,0.9,0.7805970149253731,0.38079847489483065,0.3380772502191071,0.38079847489483065,0.0,0.0
C4_N3_high_noise,2026091703,QueryBlindControl,3,0.162,0.356,0.332,0.16220238095238096,2.6139437352965094,1.390355455986165,2.47327505126816,0.0,0.0
C4_N3_high_noise,2026091703,PositiveScalarKernel,3,0.0,0.329,0.359,0.0,2.6825028224718652,2.530273532036604,2.066285032752619,,
C4_N3_high_noise,2026091703,SignedScalarKernel,3,0.249,0.598,0.566,0.0,1.7040749055489328,1.647540623714881,1.5775225749800952,0.0,0.0
C4_N3_high_noise,2026091703,FrozenSRotationReference,3,0.08,0.34,0.359,0.10267857142857142,2.6682453521435474,1.9964130328067144,2.258287770967202,0.0,0.0
C4_N3_high_noise,2026091703,ScalarMetricAttention,3,0.777,0.883,0.87,0.7604166666666666,0.5347570028749038,0.4515512285672595,0.5284385982978299,0.0,0.0
C4_N3_high_noise,2026091703,VectorQKAddressAttention,3,0.777,0.883,0.87,0.7604166666666666,0.5347570028749038,0.4515512285672595,0.5284385982978299,0.0,0.0
C4_N3_high_noise,2026091704,QueryBlindControl,3,0.164,0.347,0.315,0.172821270310192,2.5246845041232997,1.3106011207870465,2.335603962977265,0.0,0.0
C4_N3_high_noise,2026091704,PositiveScalarKernel,3,0.0,0.312,0.344,0.0,2.5815947202264566,2.423885175428518,1.9247729453451554,,
C4_N3_high_noise,2026091704,SignedScalarKernel,3,0.259,0.597,0.593,0.0,1.5530883448849473,1.5066325212625467,1.4273059211306292,0.0,0.0
C4_N3_high_noise,2026091704,FrozenSRotationReference,3,0.082,0.355,0.344,0.11669128508124077,2.5185150372211846,1.910557298178101,2.0954660531641465,0.0,0.0
C4_N3_high_noise,2026091704,ScalarMetricAttention,3,0.813,0.882,0.908,0.7828655834564254,0.4016478588066383,0.3082612880056575,0.40042803083986034,0.0,0.0
C4_N3_high_noise,2026091704,VectorQKAddressAttention,3,0.813,0.882,0.908,0.7828655834564254,0.4016478588066383,0.3082612880056575,0.40042803083986034,0.0,0.0
C4_N3_high_noise,2026091705,QueryBlindControl,3,0.176,0.353,0.341,0.17,2.6078428758676737,1.31722094354379,2.4191793096647842,0.0,0.0
C4_N3_high_noise,2026091705,PositiveScalarKernel,3,0.0,0.339,0.322,0.0,2.6168984976888576,2.4429936240096466,1.961545962682859,,
C4_N3_high_noise,2026091705,SignedScalarKernel,3,0.24,0.585,0.579,0.0,1.6341785584275708,1.6036853698187779,1.4750189454133102,0.0,0.0
C4_N3_high_noise,2026091705,FrozenSRotationReference,3,0.082,0.355,0.322,0.11,2.62789337768136,2.0093408444949006,2.176036808456767,0.0,0.0
C4_N3_high_noise,2026091705,ScalarMetricAttention,3,0.811,0.895,0.899,0.78,0.405140460945987,0.3508271930087507,0.40368920491843097,0.0,0.0
C4_N3_high_noise,2026091705,VectorQKAddressAttention,3,0.811,0.895,0.899,0.78,0.405140460945987,0.3508271930087507,0.40368920491843097,0.0,0.0
C4_N3_high_noise,2026091706,QueryBlindControl,3,0.164,0.312,0.352,0.17304747320061256,2.7491914296355846,1.3853357131344592,2.5701021794567804,0.0,0.0
C4_N3_high_noise,2026091706,PositiveScalarKernel,3,0.0,0.331,0.342,0.0,2.666071977215034,2.499702187162519,2.0100726708240413,,
C4_N3_high_noise,2026091706,SignedScalarKernel,3,0.281,0.601,0.608,0.0,1.5632928347977904,1.5280318303018785,1.4043049705044257,0.0,0.0
C4_N3_high_noise,2026091706,FrozenSRotationReference,3,0.064,0.341,0.342,0.08575803981623277,2.6628485596861364,2.0031530132929998,2.220943506263413,0.0,0.0
C4_N3_high_noise,2026091706,ScalarMetricAttention,3,0.796,0.889,0.891,0.7580398162327718,0.44767582665953276,0.4052090075934993,0.44680909631426363,0.0,0.0
C4_N3_high_noise,2026091706,VectorQKAddressAttention,3,0.796,0.889,0.891,0.7580398162327718,0.44767582665953276,0.4052090075934993,0.44680909631426363,0.0,0.0
C4_N3_high_noise,2026091707,QueryBlindControl,3,0.167,0.35,0.323,0.16176470588235295,2.592504614085414,1.293669108834132,2.4286888870296544,0.0,0.0
C4_N3_high_noise,2026091707,PositiveScalarKernel,3,0.0,0.317,0.344,0.0,2.6075364209969276,2.4385393228415677,1.9447755124579722,,
C4_N3_high_noise,2026091707,SignedScalarKernel,3,0.26,0.591,0.593,0.0,1.6154382647174654,1.5866962637331117,1.4687097929599098,0.0,0.0
C4_N3_high_noise,2026091707,FrozenSRotationReference,3,0.081,0.339,0.344,0.11470588235294117,2.604216298278434,1.9729165433048816,2.1285779648926155,0.0,0.0
C4_N3_high_noise,2026091707,ScalarMetricAttention,3,0.794,0.89,0.887,0.7794117647058824,0.49449856745613663,0.4334987021414771,0.49254403663141716,0.0,0.0
C4_N3_high_noise,2026091707,VectorQKAddressAttention,3,0.794,0.89,0.887,0.7794117647058824,0.49449856745613663,0.4334987021414771,0.49254403663141716,0.0,0.0
C4_N3_high_noise,2026091708,QueryBlindControl,3,0.153,0.303,0.34,0.15922619047619047,2.8749269721236375,1.3422407849099125,2.7493851147861013,0.0,0.0
C4_N3_high_noise,2026091708,PositiveScalarKernel,3,0.0,0.331,0.34,0.0,2.76346972999563,2.577919875434568,2.146800045831117,,
C4_N3_high_noise,2026091708,SignedScalarKernel,3,0.244,0.578,0.579,0.0,1.7835841926372737,1.7489315179377927,1.5962824267394655,0.0,0.0
C4_N3_high_noise,2026091708,FrozenSRotationReference,3,0.057,0.312,0.34,0.07738095238095238,2.768013831298962,2.087962804164005,2.3002201028544986,0.0,0.0
C4_N3_high_noise,2026091708,ScalarMetricAttention,3,0.775,0.88,0.876,0.7827380952380952,0.5377404742303576,0.47251198989827137,0.532220850609094,0.0,0.0
C4_N3_high_noise,2026091708,VectorQKAddressAttention,3,0.775,0.88,0.876,0.7827380952380952,0.5377404742303576,0.47251198989827137,0.532220850609094,0.0,0.0
C4_N3_high_noise,2026091709,QueryBlindControl,3,0.18,0.331,0.327,0.17142857142857143,2.754360742493063,1.346345292200332,2.5899148426061513,0.0,0.0
C4_N3_high_noise,2026091709,PositiveScalarKernel,3,0.0,0.353,0.33,0.0,2.6621955839160982,2.5175429667483376,2.01389768778152,,
C4_N3_high_noise,2026091709,SignedScalarKernel,3,0.266,0.584,0.602,0.0,1.684539596645073,1.64186137122538,1.4950287498243209,0.0,0.0
C4_N3_high_noise,2026091709,FrozenSRotationReference,3,0.067,0.37,0.33,0.09172932330827067,2.625942165912872,1.9699352029607264,2.2451853109696813,0.0,0.0
C4_N3_high_noise,2026091709,ScalarMetricAttention,3,0.795,0.895,0.887,0.7804511278195488,0.4243850319458973,0.38859649013413655,0.42279269673166164,0.0,0.0
C4_N3_high_noise,2026091709,VectorQKAddressAttention,3,0.795,0.895,0.887,0.7804511278195488,0.4243850319458973,0.38859649013413655,0.42279269673166164,0.0,0.0
C5_N3_low_amp_ood,2026091700,QueryBlindControl,3,0.158,0.337,0.336,0.14088820826952528,2.66821214323136,1.340429865675546,2.541066202957258,0.0,0.0
C5_N3_low_amp_ood,2026091700,PositiveScalarKernel,3,0.0,0.341,0.338,0.0,2.6751822126876887,2.537828712840068,2.0158505744281414,,
C5_N3_low_amp_ood,2026091700,SignedScalarKernel,3,0.0,0.335,0.333,0.0,2.7715407784328563,2.595412832363632,2.0158505744281414,,
C5_N3_low_amp_ood,2026091700,FrozenSRotationReference,3,0.0,0.341,0.338,0.0,2.6751822126876887,2.537828712840068,2.0158505744281414,,
C5_N3_low_amp_ood,2026091700,ScalarMetricAttention,3,1.0,1.0,1.0,1.0,0.0,0.0,0.0,0.0,0.0
C5_N3_low_amp_ood,2026091700,VectorQKAddressAttention,3,1.0,1.0,1.0,1.0,0.0,0.0,0.0,0.0,0.0
C5_N3_low_amp_ood,2026091701,QueryBlindControl,3,0.151,0.328,0.308,0.15463917525773196,2.729417671770759,1.319460539848627,2.592723843715401,0.0,0.0
C5_N3_low_amp_ood,2026091701,PositiveScalarKernel,3,0.0,0.33,0.343,0.0,2.630864975645768,2.4806033349015233,2.006812404098316,,
C5_N3_low_amp_ood,2026091701,SignedScalarKernel,3,0.0,0.318,0.33,0.0,2.7350446872911034,2.5336801279546006,2.006812404098316,,
C5_N3_low_amp_ood,2026091701,FrozenSRotationReference,3,0.0,0.33,0.343,0.0,2.630864975645768,2.4806033349015233,2.006812404098316,,
C5_N3_low_amp_ood,2026091701,ScalarMetricAttention,3,1.0,1.0,1.0,1.0,0.0,0.0,0.0,0.0,0.0
C5_N3_low_amp_ood,2026091701,VectorQKAddressAttention,3,1.0,1.0,1.0,1.0,0.0,0.0,0.0,0.0,0.0
C5_N3_low_amp_ood,2026091702,QueryBlindControl,3,0.179,0.334,0.333,0.18711656441717792,2.738971481066331,1.306819763053802,2.5796488261220123,0.0,0.0
C5_N3_low_amp_ood,2026091702,PositiveScalarKernel,3,0.0,0.315,0.337,0.0,2.6689167202031894,2.496925201167265,1.9850520203668307,,
C5_N3_low_amp_ood,2026091702,SignedScalarKernel,3,0.0,0.356,0.34,0.0,2.604729515043026,2.4321196103446057,1.9850520203668307,,
C5_N3_low_amp_ood,2026091702,FrozenSRotationReference,3,0.0,0.315,0.337,0.0,2.6689167202031894,2.496925201167265,1.9850520203668307,,
C5_N3_low_amp_ood,2026091702,ScalarMetricAttention,3,1.0,1.0,1.0,1.0,0.0,0.0,0.0,0.0,0.0
C5_N3_low_amp_ood,2026091702,VectorQKAddressAttention,3,1.0,1.0,1.0,1.0,0.0,0.0,0.0,0.0,0.0
C5_N3_low_amp_ood,2026091703,QueryBlindControl,3,0.165,0.325,0.323,0.16470588235294117,2.702967179512758,1.2862709612473886,2.5258497625852363,0.0,0.0
C5_N3_low_amp_ood,2026091703,PositiveScalarKernel,3,0.0,0.325,0.322,0.0,2.688491171757882,2.534520074197159,2.042977539723669,,
C5_N3_low_amp_ood,2026091703,SignedScalarKernel,3,0.0,0.337,0.336,0.0,2.599663019553017,2.404300064412269,2.042977539723669,,
C5_N3_low_amp_ood,2026091703,FrozenSRotationReference,3,0.0,0.325,0.322,0.0,2.688491171757882,2.534520074197159,2.042977539723669,,
C5_N3_low_amp_ood,2026091703,ScalarMetricAttention,3,1.0,1.0,1.0,1.0,0.0,0.0,0.0,0.0,0.0
C5_N3_low_amp_ood,2026091703,VectorQKAddressAttention,3,1.0,1.0,1.0,1.0,0.0,0.0,0.0,0.0,0.0
C5_N3_low_amp_ood,2026091704,QueryBlindControl,3,0.171,0.33,0.345,0.18479880774962743,2.6082739934754424,1.2928548803780195,2.436273816780806,0.0,0.0
C5_N3_low_amp_ood,2026091704,PositiveScalarKernel,3,0.0,0.324,0.328,0.0,2.6711690220062443,2.5227307877724874,1.995434487739743,,
C5_N3_low_amp_ood,2026091704,SignedScalarKernel,3,0.0,0.335,0.342,0.0,2.634799184820113,2.4740197199177647,1.995434487739743,,
C5_N3_low_amp_ood,2026091704,FrozenSRotationReference,3,0.0,0.324,0.328,0.0,2.6711690220062443,2.5227307877724874,1.995434487739743,,
C5_N3_low_amp_ood,2026091704,ScalarMetricAttention,3,1.0,1.0,1.0,1.0,0.0,0.0,0.0,0.0,0.0
C5_N3_low_amp_ood,2026091704,VectorQKAddressAttention,3,1.0,1.0,1.0,1.0,0.0,0.0,0.0,0.0,0.0
C5_N3_low_amp_ood,2026091705,QueryBlindControl,3,0.168,0.332,0.349,0.1702127659574468,2.672902253324696,1.306083297782471,2.4843612432914894,0.0,0.0
C5_N3_low_amp_ood,2026091705,PositiveScalarKernel,3,0.0,0.344,0.329,0.0,2.743476204753313,2.5732336105498623,2.063951145572742,,
C5_N3_low_amp_ood,2026091705,SignedScalarKernel,3,0.0,0.328,0.341,0.0,2.7008027934316114,2.5293019558316736,2.063951145572742,,
C5_N3_low_amp_ood,2026091705,FrozenSRotationReference,3,0.0,0.344,0.329,0.0,2.743476204753313,2.5732336105498623,2.063951145572742,,
C5_N3_low_amp_ood,2026091705,ScalarMetricAttention,3,1.0,1.0,1.0,1.0,0.0,0.0,0.0,0.0,0.0
C5_N3_low_amp_ood,2026091705,VectorQKAddressAttention,3,1.0,1.0,1.0,1.0,0.0,0.0,0.0,0.0,0.0
C5_N3_low_amp_ood,2026091706,QueryBlindControl,3,0.176,0.347,0.342,0.17304747320061256,2.5412734531756986,1.26531056304641,2.389810075333644,0.0,0.0
C5_N3_low_amp_ood,2026091706,PositiveScalarKernel,3,0.0,0.329,0.332,0.0,2.5801616848779685,2.3925789758757614,1.9545256672657518,,
C5_N3_low_amp_ood,2026091706,SignedScalarKernel,3,0.0,0.333,0.353,0.0,2.6022092422629233,2.4633975163426993,1.9545256672657518,,
C5_N3_low_amp_ood,2026091706,FrozenSRotationReference,3,0.0,0.329,0.332,0.0,2.5801616848779685,2.3925789758757614,1.9545256672657518,,
C5_N3_low_amp_ood,2026091706,ScalarMetricAttention,3,1.0,1.0,1.0,1.0,0.0,0.0,0.0,0.0,0.0
C5_N3_low_amp_ood,2026091706,VectorQKAddressAttention,3,1.0,1.0,1.0,1.0,0.0,0.0,0.0,0.0,0.0
C5_N3_low_amp_ood,2026091707,QueryBlindControl,3,0.151,0.313,0.299,0.15757575757575756,2.7717106405451424,1.3503830391863851,2.5996608336557445,0.0,0.0
C5_N3_low_amp_ood,2026091707,PositiveScalarKernel,3,0.0,0.351,0.337,0.0,2.596720481425171,2.396068758821515,2.0520809691915853,,
C5_N3_low_amp_ood,2026091707,SignedScalarKernel,3,0.0,0.312,0.34,0.0,2.7562512539581676,2.5675071844015,2.0520809691915853,,
C5_N3_low_amp_ood,2026091707,FrozenSRotationReference,3,0.0,0.351,0.337,0.0,2.596720481425171,2.396068758821515,2.0520809691915853,,
C5_N3_low_amp_ood,2026091707,ScalarMetricAttention,3,1.0,1.0,1.0,1.0,0.0,0.0,0.0,0.0,0.0
C5_N3_low_amp_ood,2026091707,VectorQKAddressAttention,3,1.0,1.0,1.0,1.0,0.0,0.0,0.0,0.0,0.0
C5_N3_low_amp_ood,2026091708,QueryBlindControl,3,0.167,0.317,0.327,0.1689497716894977,2.7626239378968704,1.2960094810731502,2.622556179400878,0.0,0.0
C5_N3_low_amp_ood,2026091708,PositiveScalarKernel,3,0.0,0.342,0.338,0.0,2.6460041100456757,2.4788193524927573,2.0323468720432425,,
C5_N3_low_amp_ood,2026091708,SignedScalarKernel,3,0.0,0.333,0.33,0.0,2.717867439252048,2.554585361087364,2.0323468720432425,,
C5_N3_low_amp_ood,2026091708,FrozenSRotationReference,3,0.0,0.342,0.338,0.0,2.6460041100456757,2.4788193524927573,2.0323468720432425,,
C5_N3_low_amp_ood,2026091708,ScalarMetricAttention,3,1.0,1.0,1.0,1.0,0.0,0.0,0.0,0.0,0.0
C5_N3_low_amp_ood,2026091708,VectorQKAddressAttention,3,1.0,1.0,1.0,1.0,0.0,0.0,0.0,0.0,0.0
C5_N3_low_amp_ood,2026091709,QueryBlindControl,3,0.148,0.336,0.31,0.14957264957264957,2.6645417569847423,1.4125143069320678,2.4988538891103316,0.0,0.0
C5_N3_low_amp_ood,2026091709,PositiveScalarKernel,3,0.0,0.328,0.338,0.0,2.6163829594643953,2.474977427041861,1.9643046862413516,,
C5_N3_low_amp_ood,2026091709,SignedScalarKernel,3,0.0,0.303,0.329,0.0,2.705886104834868,2.539417035887189,1.9643046862413516,,
C5_N3_low_amp_ood,2026091709,FrozenSRotationReference,3,0.0,0.328,0.338,0.0,2.6163829594643953,2.474977427041861,1.9643046862413516,,
C5_N3_low_amp_ood,2026091709,ScalarMetricAttention,3,1.0,1.0,1.0,1.0,0.0,0.0,0.0,0.0,0.0
C5_N3_low_amp_ood,2026091709,VectorQKAddressAttention,3,1.0,1.0,1.0,1.0,0.0,0.0,0.0,0.0,0.0
C6_N3_high_amp_ood,2026091700,QueryBlindControl,3,0.167,0.346,0.322,0.17117117117117117,2.7849907593489003,1.3593292522794986,2.644498650158156,0.0,0.0
C6_N3_high_amp_ood,2026091700,PositiveScalarKernel,3,0.0,0.324,0.322,0.0,2.746785163622053,2.569153374500255,2.0364403903007755,,
C6_N3_high_amp_ood,2026091700,SignedScalarKernel,3,0.0,0.324,0.322,0.0,2.746785163622053,2.569153374500255,2.0364403903007755,,
C6_N3_high_amp_ood,2026091700,FrozenSRotationReference,3,0.005,0.343,0.343,0.0075075075075075074,2.7728819149862955,2.5938748758467844,2.0587384007387644,0.0,0.0
C6_N3_high_amp_ood,2026091700,ScalarMetricAttention,3,1.0,1.0,1.0,1.0,0.0,0.0,0.0,0.0,0.0
C6_N3_high_amp_ood,2026091700,VectorQKAddressAttention,3,1.0,1.0,1.0,1.0,0.0,0.0,0.0,0.0,0.0
C6_N3_high_amp_ood,2026091701,QueryBlindControl,3,0.16,0.34,0.316,0.1676300578034682,2.576693018356019,1.264067718486696,2.4180594704331124,0.0,0.0
C6_N3_high_amp_ood,2026091701,PositiveScalarKernel,3,0.0,0.323,0.335,0.0,2.688699533358139,2.5180030317138637,2.009964691930731,,
C6_N3_high_amp_ood,2026091701,SignedScalarKernel,3,0.0,0.323,0.335,0.0,2.688699533358139,2.5180030317138637,2.009964691930731,,
C6_N3_high_amp_ood,2026091701,FrozenSRotationReference,3,0.006,0.308,0.344,0.008670520231213872,2.6910607383001697,2.4564037797040017,2.023582171082229,0.0,0.0
C6_N3_high_amp_ood,2026091701,ScalarMetricAttention,3,1.0,1.0,1.0,1.0,0.0,0.0,0.0,0.0,0.0
C6_N3_high_amp_ood,2026091701,VectorQKAddressAttention,3,1.0,1.0,1.0,1.0,0.0,0.0,0.0,0.0,0.0
C6_N3_high_amp_ood,2026091702,QueryBlindControl,3,0.19,0.356,0.355,0.19431988041853512,2.6940809304119977,1.373142947122362,2.5162986979345243,0.0,0.0
C6_N3_high_amp_ood,2026091702,PositiveScalarKernel,3,0.0,0.338,0.326,0.0,2.7197954326782576,2.530799396519045,2.1109971468673177,,
C6_N3_high_amp_ood,2026091702,SignedScalarKernel,3,0.0,0.338,0.326,0.0,2.7197954326782576,2.530799396519045,2.1109971468673177,,
C6_N3_high_amp_ood,2026091702,FrozenSRotationReference,3,0.008,0.311,0.358,0.01195814648729447,2.741921529476512,2.507392079593628,2.120897924180825,0.0,0.0
C6_N3_high_amp_ood,2026091702,ScalarMetricAttention,3,1.0,1.0,1.0,1.0,0.0,0.0,0.0,0.0,0.0
C6_N3_high_amp_ood,2026091702,VectorQKAddressAttention,3,1.0,1.0,1.0,1.0,0.0,0.0,0.0,0.0,0.0
C6_N3_high_amp_ood,2026091703,QueryBlindControl,3,0.171,0.33,0.326,0.17404129793510326,2.7188360270942202,1.2999712695208285,2.551398031768559,0.0,0.0
C6_N3_high_amp_ood,2026091703,PositiveScalarKernel,3,0.0,0.358,0.3,0.0,2.622538011275775,2.430035773077357,2.0080891495995914,,
C6_N3_high_amp_ood,2026091703,SignedScalarKernel,3,0.0,0.358,0.3,0.0,2.622538011275775,2.430035773077357,2.0080891495995914,,
C6_N3_high_amp_ood,2026091703,FrozenSRotationReference,3,0.005,0.317,0.338,0.007374631268436578,2.6406603333191225,2.3489860901106203,2.060909165222433,0.0,0.0
C6_N3_high_amp_ood,2026091703,ScalarMetricAttention,3,1.0,1.0,1.0,1.0,0.0,0.0,0.0,0.0,0.0
C6_N3_high_amp_ood,2026091703,VectorQKAddressAttention,3,1.0,1.0,1.0,1.0,0.0,0.0,0.0,0.0,0.0
C6_N3_high_amp_ood,2026091704,QueryBlindControl,3,0.16,0.321,0.34,0.1731066460587326,2.799932344388898,1.3838398509138674,2.6103337803864117,0.0,0.0
C6_N3_high_amp_ood,2026091704,PositiveScalarKernel,3,0.0,0.339,0.329,0.0,2.727118248718134,2.5713884871173587,2.0527528854704182,,
C6_N3_high_amp_ood,2026091704,SignedScalarKernel,3,0.0,0.339,0.329,0.0,2.727118248718134,2.5713884871173587,2.0527528854704182,,
C6_N3_high_amp_ood,2026091704,FrozenSRotationReference,3,0.003,0.342,0.332,0.00463678516228748,2.627809556571393,2.3970433972555676,2.078861505802548,0.0,0.0
C6_N3_high_amp_ood,2026091704,ScalarMetricAttention,3,1.0,1.0,1.0,1.0,0.0,0.0,0.0,0.0,0.0
C6_N3_high_amp_ood,2026091704,VectorQKAddressAttention,3,1.0,1.0,1.0,1.0,0.0,0.0,0.0,0.0,0.0
C6_N3_high_amp_ood,2026091705,QueryBlindControl,3,0.179,0.353,0.349,0.18072289156626506,2.59311238438838,1.2543046485088563,2.43584622584154,0.0,0.0
C6_N3_high_amp_ood,2026091705,PositiveScalarKernel,3,0.0,0.328,0.325,0.0,2.714260978960003,2.5136844777566183,2.047307389068764,,
C6_N3_high_amp_ood,2026091705,SignedScalarKernel,3,0.0,0.328,0.325,0.0,2.714260978960003,2.5136844777566183,2.047307389068764,,
C6_N3_high_amp_ood,2026091705,FrozenSRotationReference,3,0.005,0.339,0.344,0.007530120481927711,2.66149198686838,2.4792927893468466,2.057240358576022,0.0,0.0
C6_N3_high_amp_ood,2026091705,ScalarMetricAttention,3,1.0,1.0,1.0,1.0,0.0,0.0,0.0,0.0,0.0
C6_N3_high_amp_ood,2026091705,VectorQKAddressAttention,3,1.0,1.0,1.0,1.0,0.0,0.0,0.0,0.0,0.0
C6_N3_high_amp_ood,2026091706,QueryBlindControl,3,0.191,0.353,0.351,0.19133034379671152,2.532576920164833,1.290089289354613,2.3575854987455775,0.0,0.0
C6_N3_high_amp_ood,2026091706,PositiveScalarKernel,3,0.0,0.316,0.327,0.0,2.6719564921078827,2.479676039586027,2.0220595824074086,,
C6_N3_high_amp_ood,2026091706,SignedScalarKernel,3,0.0,0.316,0.327,0.0,2.6719564921078827,2.479676039586027,2.0220595824074086,,
C6_N3_high_amp_ood,2026091706,FrozenSRotationReference,3,0.007,0.357,0.336,0.01046337817638266,2.671188501299145,2.5023620808091835,2.039090278084355,0.0,0.0
C6_N3_high_amp_ood,2026091706,ScalarMetricAttention,3,1.0,1.0,1.0,1.0,0.0,0.0,0.0,0.0,0.0
C6_N3_high_amp_ood,2026091706,VectorQKAddressAttention,3,1.0,1.0,1.0,1.0,0.0,0.0,0.0,0.0,0.0
C6_N3_high_amp_ood,2026091707,QueryBlindControl,3,0.151,0.31,0.315,0.15146831530139104,2.8075297934387082,1.3827230880018477,2.6328893015545356,0.0,0.0
C6_N3_high_amp_ood,2026091707,PositiveScalarKernel,3,0.0,0.347,0.331,0.0,2.618549372837536,2.4558823364936107,1.9880174101577506,,
C6_N3_high_amp_ood,2026091707,SignedScalarKernel,3,0.0,0.347,0.331,0.0,2.618549372837536,2.4558823364936107,1.9880174101577506,,
C6_N3_high_amp_ood,2026091707,FrozenSRotationReference,3,0.004,0.327,0.338,0.0061823802163833074,2.6609136584313973,2.431457699882972,2.0123123028193115,0.0,0.0
C6_N3_high_amp_ood,2026091707,ScalarMetricAttention,3,1.0,1.0,1.0,1.0,0.0,0.0,0.0,0.0,0.0
C6_N3_high_amp_ood,2026091707,VectorQKAddressAttention,3,1.0,1.0,1.0,1.0,0.0,0.0,0.0,0.0,0.0
C6_N3_high_amp_ood,2026091708,QueryBlindControl,3,0.157,0.327,0.334,0.15384615384615385,2.707108031717009,1.3844283398734716,2.573025908371765,0.0,0.0
C6_N3_high_amp_ood,2026091708,PositiveScalarKernel,3,0.0,0.356,0.335,0.0,2.6494990103340994,2.47404527540646,2.0184871637513724,,
C6_N3_high_amp_ood,2026091708,SignedScalarKernel,3,0.0,0.356,0.335,0.0,2.6494990103340994,2.47404527540646,2.0184871637513724,,
C6_N3_high_amp_ood,2026091708,FrozenSRotationReference,3,0.007,0.305,0.338,0.010558069381598794,2.746604955603421,2.537434313796044,2.029592957395701,0.0,0.0
C6_N3_high_amp_ood,2026091708,ScalarMetricAttention,3,1.0,1.0,1.0,1.0,0.0,0.0,0.0,0.0,0.0
C6_N3_high_amp_ood,2026091708,VectorQKAddressAttention,3,1.0,1.0,1.0,1.0,0.0,0.0,0.0,0.0,0.0
C6_N3_high_amp_ood,2026091709,QueryBlindControl,3,0.169,0.336,0.342,0.1712230215827338,2.5839982415455114,1.3374025855956784,2.4195281748247117,0.0,0.0
C6_N3_high_amp_ood,2026091709,PositiveScalarKernel,3,0.0,0.353,0.305,0.0,2.667946749432307,2.506245127865467,1.9731506261545455,,
C6_N3_high_amp_ood,2026091709,SignedScalarKernel,3,0.0,0.353,0.305,0.0,2.667946749432307,2.506245127865467,1.9731506261545455,,
C6_N3_high_amp_ood,2026091709,FrozenSRotationReference,3,0.011,0.321,0.342,0.015827338129496403,2.6117310732553998,2.438450758276437,1.94879392496563,0.0,0.0
C6_N3_high_amp_ood,2026091709,ScalarMetricAttention,3,1.0,1.0,1.0,1.0,0.0,0.0,0.0,0.0,0.0
C6_N3_high_amp_ood,2026091709,VectorQKAddressAttention,3,1.0,1.0,1.0,1.0,0.0,0.0,0.0,0.0,0.0
