condition,seed,trial_id,model,c1_winner,c2_winner,c1_correct,c2_correct,both_correct,v1_hat,v2_hat,err_add_hard,err_sub_hard,err_add_soft,err_sub_soft,t1_is_middle,t2_is_middle
C1_N2_zero_noise,2026091700,0,QueryBlindControl,3,4,False,False,False,-2.755802,2.738197,0.0,10.987996,0.0,5.493998,False,False
C1_N2_zero_noise,2026091700,1,QueryBlindControl,1,3,False,False,False,-2.337079,-1.151269,0.0,2.37162,0.0,1.18581,False,False
C1_N2_zero_noise,2026091700,2,QueryBlindControl,0,4,False,False,False,-2.630111,1.235935,0.0,7.732091,0.0,3.866046,False,False
C1_N2_zero_noise,2026091700,3,QueryBlindControl,1,2,False,False,False,0.150028,1.093161,0.0,1.886266,0.0,0.943133,False,False
C1_N2_zero_noise,2026091700,4,QueryBlindControl,3,4,True,True,True,0.314007,-1.659377,0.0,0.0,0.0,1.973384,False,False
C1_N2_zero_noise,2026091700,5,QueryBlindControl,0,1,True,True,True,-2.668448,0.621762,0.0,0.0,0.0,3.290209,False,False
C1_N2_zero_noise,2026091700,6,QueryBlindControl,0,4,True,True,True,1.446301,-0.546691,0.0,0.0,0.0,1.992992,False,False
C1_N2_zero_noise,2026091700,7,QueryBlindControl,2,3,True,True,True,-2.921605,0.304567,0.0,0.0,0.0,3.226172,False,False
C1_N2_zero_noise,2026091700,8,QueryBlindControl,2,4,False,False,False,0.634288,1.946903,0.0,2.62523,0.0,1.312615,False,False
C1_N2_zero_noise,2026091700,9,QueryBlindControl,1,3,False,False,False,-0.089643,-2.046244,0.0,3.913201,0.0,1.9566,False,False
C1_N2_zero_noise,2026091700,0,PositiveScalarKernel,4,4,True,False,False,2.738197,2.738197,5.493998,5.493998,5.493998,5.493998,False,False
C1_N2_zero_noise,2026091700,1,PositiveScalarKernel,1,1,False,True,False,-2.337079,-2.337079,1.18581,1.18581,1.161751,1.18581,False,False
C1_N2_zero_noise,2026091700,2,PositiveScalarKernel,0,0,False,True,False,-2.630111,-2.630111,3.866046,3.866046,3.866046,3.866046,False,False
C1_N2_zero_noise,2026091700,3,PositiveScalarKernel,2,2,True,False,False,1.093161,1.093161,0.943133,0.943133,0.943133,0.943133,False,False
C1_N2_zero_noise,2026091700,4,PositiveScalarKernel,4,4,False,True,False,-1.659377,-1.659377,1.973384,1.973384,1.973371,1.973384,False,False
C1_N2_zero_noise,2026091700,5,PositiveScalarKernel,0,0,True,False,False,-2.668448,-2.668448,3.290209,3.290209,3.290068,3.290209,False,False
C1_N2_zero_noise,2026091700,6,PositiveScalarKernel,0,0,True,False,False,1.446301,1.446301,1.992992,1.992992,1.992991,1.992992,False,False
C1_N2_zero_noise,2026091700,7,PositiveScalarKernel,2,2,True,False,False,-2.921605,-2.921605,3.226172,3.226172,3.226172,3.226172,False,False
C1_N2_zero_noise,2026091700,8,PositiveScalarKernel,2,2,False,True,False,0.634288,0.634288,1.312615,1.312615,1.31204,1.312615,False,False
C1_N2_zero_noise,2026091700,9,PositiveScalarKernel,1,1,False,True,False,-0.089643,-0.089643,1.9566,1.9566,1.956415,1.9566,False,False
C1_N2_zero_noise,2026091700,0,SignedScalarKernel,4,3,True,True,True,2.738197,-2.755802,0.0,0.0,0.0,0.000146,False,False
C1_N2_zero_noise,2026091700,1,SignedScalarKernel,3,3,True,False,False,-1.151269,-1.151269,1.18581,1.18581,0.96779,1.18581,False,False
C1_N2_zero_noise,2026091700,2,SignedScalarKernel,4,0,True,True,True,1.235935,-2.630111,0.0,0.0,0.0,0.000317,False,False
C1_N2_zero_noise,2026091700,3,SignedScalarKernel,2,1,True,True,True,1.093161,0.150028,0.0,0.0,0.0,1e-06,False,False
C1_N2_zero_noise,2026091700,4,SignedScalarKernel,3,3,True,False,False,0.314007,0.314007,1.973384,1.973384,1.966153,1.973384,False,False
C1_N2_zero_noise,2026091700,5,SignedScalarKernel,0,1,True,True,True,-2.668448,0.621762,0.0,0.0,0.0,0.030377,False,False
C1_N2_zero_noise,2026091700,6,SignedScalarKernel,4,4,False,True,False,-0.546691,-0.546691,1.992992,1.992992,1.991312,1.992992,False,False
C1_N2_zero_noise,2026091700,7,SignedScalarKernel,2,3,True,True,True,-2.921605,0.304567,0.0,0.0,0.0,0.000447,False,False
C1_N2_zero_noise,2026091700,8,SignedScalarKernel,4,2,True,True,True,1.946903,0.634288,0.0,0.0,0.0,0.038288,False,False
C1_N2_zero_noise,2026091700,9,SignedScalarKernel,3,3,True,False,False,-2.046244,-2.046244,1.9566,1.9566,1.929881,1.9566,False,False
C1_N2_zero_noise,2026091700,0,HistoricalSprint4_2_KernelStaticControl,3,4,False,False,False,-2.755802,2.738197,0.0,10.987996,2.181468,8.313578,False,False
C1_N2_zero_noise,2026091700,1,HistoricalSprint4_2_KernelStaticControl,3,1,True,True,True,-1.151269,-2.337079,0.0,0.0,0.077581,0.807889,False,False
C1_N2_zero_noise,2026091700,2,HistoricalSprint4_2_KernelStaticControl,4,0,True,True,True,1.235935,-2.630111,0.0,0.0,0.241788,0.549174,False,False
C1_N2_zero_noise,2026091700,3,HistoricalSprint4_2_KernelStaticControl,1,2,False,False,False,0.150028,1.093161,0.0,1.886266,0.033743,1.788095,False,False
C1_N2_zero_noise,2026091700,4,HistoricalSprint4_2_KernelStaticControl,4,4,False,True,False,-1.659377,-1.659377,1.973384,1.973384,1.872678,1.872734,False,False
C1_N2_zero_noise,2026091700,5,HistoricalSprint4_2_KernelStaticControl,1,0,False,False,False,0.621762,-2.668448,0.0,6.580418,0.783914,4.627232,False,False
C1_N2_zero_noise,2026091700,6,HistoricalSprint4_2_KernelStaticControl,0,0,True,False,False,1.446301,1.446301,1.992992,1.992992,1.729789,2.256088,False,False
C1_N2_zero_noise,2026091700,7,HistoricalSprint4_2_KernelStaticControl,3,2,False,False,False,0.304567,-2.921605,0.0,6.452345,0.622231,5.78479,False,False
C1_N2_zero_noise,2026091700,8,HistoricalSprint4_2_KernelStaticControl,4,2,True,True,True,1.946903,0.634288,0.0,0.0,0.000442,0.67383,False,False
C1_N2_zero_noise,2026091700,9,HistoricalSprint4_2_KernelStaticControl,1,1,False,True,False,-0.089643,-0.089643,1.9566,1.9566,1.818503,1.818836,False,False
C1_N2_zero_noise,2026091700,0,FrozenSRotationHarmonicReference,4,4,True,False,False,2.738197,2.738197,5.493998,5.493998,1.755807,7.13074,False,False
C1_N2_zero_noise,2026091700,1,FrozenSRotationHarmonicReference,1,1,False,True,False,-2.337079,-2.337079,1.18581,1.18581,0.20563,1.108648,False,False
C1_N2_zero_noise,2026091700,2,FrozenSRotationHarmonicReference,0,0,False,True,False,-2.630111,-2.630111,3.866046,3.866046,2.154486,3.10997,False,False
C1_N2_zero_noise,2026091700,3,FrozenSRotationHarmonicReference,2,2,True,False,False,1.093161,1.093161,0.943133,0.943133,0.508981,1.2004,False,False
C1_N2_zero_noise,2026091700,4,FrozenSRotationHarmonicReference,4,4,False,True,False,-1.659377,-1.659377,1.973384,1.973384,1.204836,1.776077,False,False
C1_N2_zero_noise,2026091700,5,FrozenSRotationHarmonicReference,0,0,True,False,False,-2.668448,-2.668448,3.290209,3.290209,0.812045,3.79672,False,False
C1_N2_zero_noise,2026091700,6,FrozenSRotationHarmonicReference,0,0,True,False,False,1.446301,1.446301,1.992992,1.992992,1.321129,2.217288,False,False
C1_N2_zero_noise,2026091700,7,FrozenSRotationHarmonicReference,2,2,True,False,False,-2.921605,-2.921605,3.226172,3.226172,1.971733,3.757962,False,False
C1_N2_zero_noise,2026091700,8,FrozenSRotationHarmonicReference,2,2,False,True,False,0.634288,0.634288,1.312615,1.312615,0.366163,1.161566,False,False
C1_N2_zero_noise,2026091700,9,FrozenSRotationHarmonicReference,1,1,False,True,False,-0.089643,-0.089643,1.9566,1.9566,1.018866,1.777081,False,False
C1_N2_zero_noise,2026091700,0,ScalarMetricAttention,4,3,True,True,True,2.738197,-2.755802,0.0,0.0,0.0,3.7e-05,False,False
C1_N2_zero_noise,2026091700,1,ScalarMetricAttention,3,1,True,True,True,-1.151269,-2.337079,0.0,0.0,0.0,0.881741,False,False
C1_N2_zero_noise,2026091700,2,ScalarMetricAttention,4,0,True,True,True,1.235935,-2.630111,0.0,0.0,0.0,0.000286,False,False
C1_N2_zero_noise,2026091700,3,ScalarMetricAttention,2,1,True,True,True,1.093161,0.150028,0.0,0.0,0.0,0.0,False,False
C1_N2_zero_noise,2026091700,4,ScalarMetricAttention,3,4,True,True,True,0.314007,-1.659377,0.0,0.0,0.0,0.073144,False,False
C1_N2_zero_noise,2026091700,5,ScalarMetricAttention,0,1,True,True,True,-2.668448,0.621762,0.0,0.0,0.0,0.347288,False,False
C1_N2_zero_noise,2026091700,6,ScalarMetricAttention,0,4,True,True,True,1.446301,-0.546691,0.0,0.0,0.0,0.009477,False,False
C1_N2_zero_noise,2026091700,7,ScalarMetricAttention,2,3,True,True,True,-2.921605,0.304567,0.0,0.0,0.0,0.00067,False,False
C1_N2_zero_noise,2026091700,8,ScalarMetricAttention,4,2,True,True,True,1.946903,0.634288,0.0,0.0,0.0,0.380447,False,False
C1_N2_zero_noise,2026091700,9,ScalarMetricAttention,3,1,True,True,True,-2.046244,-0.089643,0.0,0.0,0.0,0.302406,False,False
C1_N2_zero_noise,2026091700,0,VectorQKAddressAttention,4,3,True,True,True,2.738197,-2.755802,0.0,0.0,0.0,2.973419,False,False
C1_N2_zero_noise,2026091700,1,VectorQKAddressAttention,3,1,True,True,True,-1.151269,-2.337079,0.0,0.0,0.0,1.16095,False,False
C1_N2_zero_noise,2026091700,2,VectorQKAddressAttention,4,0,True,True,True,1.235935,-2.630111,0.0,0.0,0.0,2.388306,False,False
C1_N2_zero_noise,2026091700,3,VectorQKAddressAttention,2,1,True,True,True,1.093161,0.150028,0.0,0.0,0.0,0.327307,False,False
C1_N2_zero_noise,2026091700,4,VectorQKAddressAttention,3,4,True,True,True,0.314007,-1.659377,0.0,0.0,0.0,1.66427,False,False
C1_N2_zero_noise,2026091700,5,VectorQKAddressAttention,0,1,True,True,True,-2.668448,0.621762,0.0,0.0,0.0,2.913315,False,False
C1_N2_zero_noise,2026091700,6,VectorQKAddressAttention,0,4,True,True,True,1.446301,-0.546691,0.0,0.0,0.0,1.524338,False,False
C1_N2_zero_noise,2026091700,7,VectorQKAddressAttention,2,3,True,True,True,-2.921605,0.304567,0.0,0.0,0.0,2.10553,False,False
C1_N2_zero_noise,2026091700,8,VectorQKAddressAttention,4,2,True,True,True,1.946903,0.634288,0.0,0.0,0.0,1.219794,False,False
C1_N2_zero_noise,2026091700,9,VectorQKAddressAttention,3,1,True,True,True,-2.046244,-0.089643,0.0,0.0,0.0,1.763781,False,False
C2_N3_zero_noise,2026091700,0,QueryBlindControl,1,4,False,False,False,-0.231924,0.007987,0.0,0.479822,0.49639,0.239911,False,True
C2_N3_zero_noise,2026091700,1,QueryBlindControl,0,4,True,False,False,-1.615631,2.773478,5.104317,5.104317,3.164475,0.715209,False,True
C2_N3_zero_noise,2026091700,2,QueryBlindControl,0,2,True,True,True,0.922329,-2.974643,0.0,0.0,0.273699,3.896972,False,False
C2_N3_zero_noise,2026091700,3,QueryBlindControl,1,3,True,False,False,2.43966,-0.653576,2.119451,2.119451,0.324595,5.212688,True,False
C2_N3_zero_noise,2026091700,4,QueryBlindControl,0,3,False,False,False,-0.035187,0.304567,2.886418,3.565927,0.848888,3.226172,False,False
C2_N3_zero_noise,2026091700,5,QueryBlindControl,0,4,False,False,False,-2.033739,-2.856935,1.358147,0.288245,0.727114,0.534951,True,False
C2_N3_zero_noise,2026091700,6,QueryBlindControl,1,4,False,False,False,-1.582704,-2.311833,1.733215,0.274958,0.820781,1.004087,True,False
C2_N3_zero_noise,2026091700,7,QueryBlindControl,2,4,True,False,False,0.225216,1.554828,2.728279,2.728279,1.35263,1.398667,False,False
C2_N3_zero_noise,2026091700,8,QueryBlindControl,1,4,True,False,False,1.883666,-2.145176,4.700578,4.700578,2.909807,0.671736,True,False
C2_N3_zero_noise,2026091700,9,QueryBlindControl,0,4,True,False,False,-2.2755,0.120557,0.719098,0.719098,0.558986,3.115155,True,False
C2_N3_zero_noise,2026091700,0,PositiveScalarKernel,4,4,True,False,False,0.007987,0.007987,0.239911,0.239911,0.239801,0.239911,False,True
C2_N3_zero_noise,2026091700,1,PositiveScalarKernel,0,0,True,False,False,-1.615631,-1.615631,0.715209,0.715209,0.714916,0.715209,False,True
C2_N3_zero_noise,2026091700,2,PositiveScalarKernel,2,2,False,True,False,-2.974643,-2.974643,3.896972,3.896972,3.893816,3.896972,False,False
C2_N3_zero_noise,2026091700,3,PositiveScalarKernel,3,3,False,False,False,-0.653576,-0.653576,0.973785,5.212688,0.973769,5.212688,True,False
C2_N3_zero_noise,2026091700,4,PositiveScalarKernel,2,2,False,True,False,-2.921605,-2.921605,3.226172,3.226172,3.131337,3.226172,False,False
C2_N3_zero_noise,2026091700,5,PositiveScalarKernel,0,0,False,True,False,-2.033739,-2.033739,0.534951,0.534951,0.534881,0.534951,True,False
C2_N3_zero_noise,2026091700,6,PositiveScalarKernel,1,1,False,True,False,-1.582704,-1.582704,1.004087,1.004087,1.000881,1.004087,True,False
C2_N3_zero_noise,2026091700,7,PositiveScalarKernel,2,2,True,False,False,0.225216,0.225216,1.398667,1.398667,1.470822,1.398667,False,False
C2_N3_zero_noise,2026091700,8,PositiveScalarKernel,3,3,False,True,False,2.555402,2.555402,0.671736,0.671736,0.671679,0.671736,True,False
C2_N3_zero_noise,2026091700,9,PositiveScalarKernel,4,4,False,False,False,0.120557,0.120557,1.676959,3.115155,1.676958,3.115155,True,False
C2_N3_zero_noise,2026091700,0,SignedScalarKernel,4,3,True,False,False,0.007987,-0.856554,0.62463,0.62463,0.613189,0.605417,False,True
C2_N3_zero_noise,2026091700,1,SignedScalarKernel,0,0,True,False,False,-1.615631,-1.615631,0.715209,0.715209,0.695047,0.715209,False,True
C2_N3_zero_noise,2026091700,2,SignedScalarKernel,2,2,False,True,False,-2.974643,-2.974643,3.896972,3.896972,3.798744,3.896972,False,False
C2_N3_zero_noise,2026091700,3,SignedScalarKernel,2,2,False,True,False,-2.773028,-2.773028,5.212688,5.212688,5.208789,5.212688,True,False
C2_N3_zero_noise,2026091700,4,SignedScalarKernel,3,3,True,False,False,0.304567,0.304567,3.226172,3.226172,3.079228,3.226172,False,False
C2_N3_zero_noise,2026091700,5,SignedScalarKernel,0,0,False,True,False,-2.033739,-2.033739,0.534951,0.534951,0.526637,0.534951,True,False
C2_N3_zero_noise,2026091700,6,SignedScalarKernel,1,1,False,True,False,-1.582704,-1.582704,1.004087,1.004087,0.929017,1.004087,True,False
C2_N3_zero_noise,2026091700,7,SignedScalarKernel,2,2,True,False,False,0.225216,0.225216,1.398667,1.398667,1.762603,1.398667,False,False
C2_N3_zero_noise,2026091700,8,SignedScalarKernel,4,3,False,True,False,-2.145176,2.555402,4.028842,4.028842,4.019576,4.010716,True,False
C2_N3_zero_noise,2026091700,9,SignedScalarKernel,4,2,False,True,False,0.120557,0.839655,2.396057,2.396057,2.392544,2.397561,True,False
C2_N3_zero_noise,2026091700,0,HistoricalSprint4_2_KernelStaticControl,3,4,False,False,False,-0.856554,0.007987,0.62463,1.104452,0.330451,0.660108,False,True
C2_N3_zero_noise,2026091700,1,HistoricalSprint4_2_KernelStaticControl,4,1,False,True,False,2.773478,-2.33084,4.389108,4.389108,4.158747,3.329354,False,True
C2_N3_zero_noise,2026091700,2,HistoricalSprint4_2_KernelStaticControl,0,1,True,False,False,0.922329,-1.436705,1.537938,1.537938,1.161481,2.727288,False,False
C2_N3_zero_noise,2026091700,3,HistoricalSprint4_2_KernelStaticControl,1,3,True,False,False,2.43966,-0.653576,2.119451,2.119451,1.923585,4.454715,True,False
C2_N3_zero_noise,2026091700,4,HistoricalSprint4_2_KernelStaticControl,2,2,False,True,False,-2.921605,-2.921605,3.226172,3.226172,1.310452,1.905036,False,False
C2_N3_zero_noise,2026091700,5,HistoricalSprint4_2_KernelStaticControl,4,3,False,False,False,-2.856935,-1.498788,0.823196,1.893098,0.959192,0.99375,True,False
C2_N3_zero_noise,2026091700,6,HistoricalSprint4_2_KernelStaticControl,4,3,False,False,False,-2.311833,-0.578617,0.729128,2.737302,0.995334,1.430131,True,False
C2_N3_zero_noise,2026091700,7,HistoricalSprint4_2_KernelStaticControl,3,3,False,True,False,-1.173451,-1.173451,1.398667,1.398667,0.753782,1.77952,False,False
C2_N3_zero_noise,2026091700,8,HistoricalSprint4_2_KernelStaticControl,4,3,False,True,False,-2.145176,2.555402,4.028842,4.028842,2.735536,2.071135,True,False
C2_N3_zero_noise,2026091700,9,HistoricalSprint4_2_KernelStaticControl,2,0,False,False,False,0.839655,-2.2755,0.0,6.23031,0.327858,4.399146,True,False
C2_N3_zero_noise,2026091700,0,FrozenSRotationHarmonicReference,4,4,True,False,False,0.007987,0.007987,0.239911,0.239911,0.175535,0.336079,False,True
C2_N3_zero_noise,2026091700,1,FrozenSRotationHarmonicReference,1,0,False,False,False,-2.33084,-1.615631,0.0,1.430418,1.257316,0.098875,False,True
C2_N3_zero_noise,2026091700,2,FrozenSRotationHarmonicReference,1,2,False,True,False,-1.436705,-2.974643,2.359034,2.359034,0.77025,3.307428,False,False
C2_N3_zero_noise,2026091700,3,FrozenSRotationHarmonicReference,3,3,False,False,False,-0.653576,-0.653576,0.973785,5.212688,0.666575,4.973286,True,False
C2_N3_zero_noise,2026091700,4,FrozenSRotationHarmonicReference,2,2,False,True,False,-2.921605,-2.921605,3.226172,3.226172,0.143084,2.985566,False,False
C2_N3_zero_noise,2026091700,5,FrozenSRotationHarmonicReference,3,0,True,True,True,-1.498788,-2.033739,0.0,0.0,0.546826,0.617404,True,False
C2_N3_zero_noise,2026091700,6,FrozenSRotationHarmonicReference,1,1,False,True,False,-1.582704,-1.582704,1.004087,1.004087,0.66583,1.056598,True,False
C2_N3_zero_noise,2026091700,7,FrozenSRotationHarmonicReference,3,2,False,False,False,-1.173451,0.225216,0.0,2.797335,1.437337,1.580726,False,False
C2_N3_zero_noise,2026091700,8,FrozenSRotationHarmonicReference,3,3,False,True,False,2.555402,2.555402,0.671736,0.671736,1.008843,0.091068,True,False
C2_N3_zero_noise,2026091700,9,FrozenSRotationHarmonicReference,0,4,True,False,False,-2.2755,0.120557,0.719098,0.719098,0.193116,2.871849,True,False
C2_N3_zero_noise,2026091700,0,ScalarMetricAttention,4,1,True,True,True,0.007987,-0.231924,0.0,0.0,0.118775,0.045434,False,True
C2_N3_zero_noise,2026091700,1,ScalarMetricAttention,0,1,True,True,True,-1.615631,-2.33084,0.0,0.0,0.000159,0.202354,False,True
C2_N3_zero_noise,2026091700,2,ScalarMetricAttention,0,2,True,True,True,0.922329,-2.974643,0.0,0.0,0.079118,0.65206,False,False
C2_N3_zero_noise,2026091700,3,ScalarMetricAttention,1,2,True,True,True,2.43966,-2.773028,0.0,0.0,0.048199,0.068733,True,False
C2_N3_zero_noise,2026091700,4,ScalarMetricAttention,3,2,True,True,True,0.304567,-2.921605,0.0,0.0,0.91722,1.741503,False,False
C2_N3_zero_noise,2026091700,5,ScalarMetricAttention,3,0,True,True,True,-1.498788,-2.033739,0.0,0.0,0.23658,0.331625,True,False
C2_N3_zero_noise,2026091700,6,ScalarMetricAttention,3,1,True,True,True,-0.578617,-1.582704,0.0,0.0,0.303794,0.808968,True,False
C2_N3_zero_noise,2026091700,7,ScalarMetricAttention,2,3,True,True,True,0.225216,-1.173451,0.0,0.0,1.205291,0.251383,False,False
C2_N3_zero_noise,2026091700,8,ScalarMetricAttention,1,3,True,True,True,1.883666,2.555402,0.0,0.0,0.143477,0.045045,True,False
C2_N3_zero_noise,2026091700,9,ScalarMetricAttention,0,2,True,True,True,-2.2755,0.839655,0.0,0.0,0.005571,0.044291,True,False
C2_N3_zero_noise,2026091700,0,VectorQKAddressAttention,4,1,True,True,True,0.007987,-0.231924,0.0,0.0,0.423825,0.169741,False,True
C2_N3_zero_noise,2026091700,1,VectorQKAddressAttention,0,1,True,True,True,-1.615631,-2.33084,0.0,0.0,1.382124,1.126123,False,True
C2_N3_zero_noise,2026091700,2,VectorQKAddressAttention,0,2,True,True,True,0.922329,-2.974643,0.0,0.0,0.283458,3.277495,False,False
C2_N3_zero_noise,2026091700,3,VectorQKAddressAttention,1,2,True,True,True,2.43966,-2.773028,0.0,0.0,0.329141,4.311788,True,False
C2_N3_zero_noise,2026091700,4,VectorQKAddressAttention,3,2,True,True,True,0.304567,-2.921605,0.0,0.0,0.868116,3.073659,False,False
C2_N3_zero_noise,2026091700,5,VectorQKAddressAttention,3,0,True,True,True,-1.498788,-2.033739,0.0,0.0,0.614453,0.602251,True,False
C2_N3_zero_noise,2026091700,6,VectorQKAddressAttention,3,1,True,True,True,-0.578617,-1.582704,0.0,0.0,0.73246,1.039229,True,False
C2_N3_zero_noise,2026091700,7,VectorQKAddressAttention,2,3,True,True,True,0.225216,-1.173451,0.0,0.0,1.389479,1.276638,False,False
C2_N3_zero_noise,2026091700,8,VectorQKAddressAttention,1,3,True,True,True,1.883666,2.555402,0.0,0.0,2.092548,0.111661,True,False
C2_N3_zero_noise,2026091700,9,VectorQKAddressAttention,0,2,True,True,True,-2.2755,0.839655,0.0,0.0,0.361782,2.755144,True,False
C3_N3_low_noise,2026091700,0,QueryBlindControl,1,4,False,False,False,-0.231924,0.007987,0.0,0.479822,0.49639,0.239911,False,True
C3_N3_low_noise,2026091700,1,QueryBlindControl,1,4,False,True,False,-1.314695,-0.021854,3.422755,3.422755,1.571865,2.129914,False,True
C3_N3_low_noise,2026091700,2,QueryBlindControl,0,4,False,False,False,0.898185,-2.305397,1.912399,4.494765,1.705327,1.291183,False,True
C3_N3_low_noise,2026091700,3,QueryBlindControl,0,4,False,False,False,2.629322,-1.953325,0.0,9.165295,0.16268,4.582648,True,False
C3_N3_low_noise,2026091700,4,QueryBlindControl,0,4,True,False,False,2.311467,-2.033739,3.216111,3.216111,2.520439,1.129095,False,False
C3_N3_low_noise,2026091700,5,QueryBlindControl,1,4,False,False,False,-0.240621,2.643363,2.341432,3.426536,1.741805,0.542552,False,True
C3_N3_low_noise,2026091700,6,QueryBlindControl,1,4,False,True,False,-1.037461,-1.754528,2.584005,2.584005,0.622313,3.301072,False,True
C3_N3_low_noise,2026091700,7,QueryBlindControl,0,4,True,False,False,-2.632626,-2.2755,0.999766,0.999766,0.214213,1.356892,False,False
C3_N3_low_noise,2026091700,8,QueryBlindControl,1,4,False,False,False,-2.437782,2.266987,3.538268,5.871269,2.747679,1.166501,True,False
C3_N3_low_noise,2026091700,9,QueryBlindControl,0,3,True,True,True,2.688323,-0.644256,0.0,0.0,1.726476,3.332579,False,False
C3_N3_low_noise,2026091700,0,PositiveScalarKernel,4,4,True,False,False,0.007987,0.007987,0.239911,0.239911,0.239801,0.239911,False,True
C3_N3_low_noise,2026091700,1,PositiveScalarKernel,1,1,False,False,False,-1.314695,-1.314695,4.715595,2.129914,4.713072,2.129914,False,True
C3_N3_low_noise,2026091700,2,PositiveScalarKernel,0,0,False,False,False,0.898185,0.898185,5.115981,1.291183,5.115981,1.291183,False,True
C3_N3_low_noise,2026091700,3,PositiveScalarKernel,0,0,False,True,False,2.629322,2.629322,4.582648,4.582648,4.581613,4.582648,True,False
C3_N3_low_noise,2026091700,4,PositiveScalarKernel,3,3,False,True,False,1.182372,1.182372,1.129095,1.129095,1.129095,1.129095,False,False
C3_N3_low_noise,2026091700,5,PositiveScalarKernel,3,3,True,False,False,0.301931,0.301931,0.542552,0.542552,0.542549,0.542552,False,True
C3_N3_low_noise,2026091700,6,PositiveScalarKernel,1,1,False,False,False,-1.037461,-1.037461,1.866939,3.301072,1.867022,3.301072,False,True
C3_N3_low_noise,2026091700,7,PositiveScalarKernel,1,1,False,True,False,-1.275734,-1.275734,1.356892,1.356892,1.356892,1.356892,False,False
C3_N3_low_noise,2026091700,8,PositiveScalarKernel,1,1,False,True,False,-2.437782,-2.437782,1.166501,1.166501,1.1665,1.166501,True,False
C3_N3_low_noise,2026091700,9,PositiveScalarKernel,3,3,False,True,False,-0.644256,-0.644256,3.332579,3.332579,3.332712,3.332579,False,False
C3_N3_low_noise,2026091700,0,SignedScalarKernel,4,3,True,False,False,0.007987,-0.856554,0.62463,0.62463,0.613189,0.605417,False,True
C3_N3_low_noise,2026091700,1,SignedScalarKernel,3,1,True,False,False,2.10806,-1.314695,1.29284,1.29284,1.253694,1.25362,False,True
C3_N3_low_noise,2026091700,2,SignedScalarKernel,4,4,True,False,False,-2.305397,-2.305397,1.291183,1.291183,0.655255,1.291183,False,True
C3_N3_low_noise,2026091700,3,SignedScalarKernel,1,0,False,True,False,0.093979,2.629322,2.047304,2.047304,1.901716,2.000612,True,False
C3_N3_low_noise,2026091700,4,SignedScalarKernel,0,3,True,True,True,2.311467,1.182372,0.0,0.0,0.054568,0.054063,False,False
C3_N3_low_noise,2026091700,5,SignedScalarKernel,3,3,True,False,False,0.301931,0.301931,0.542552,0.542552,0.540718,0.542552,False,True
C3_N3_low_noise,2026091700,6,SignedScalarKernel,2,1,True,False,False,1.546544,-1.037461,0.717067,0.717067,0.692189,0.731312,False,True
C3_N3_low_noise,2026091700,7,SignedScalarKernel,0,1,True,True,True,-2.632626,-1.275734,0.0,0.0,0.004626,0.004645,False,False
C3_N3_low_noise,2026091700,8,SignedScalarKernel,1,1,False,True,False,-2.437782,-2.437782,1.166501,1.166501,1.165713,1.166501,True,False
C3_N3_low_noise,2026091700,9,SignedScalarKernel,0,3,True,True,True,2.688323,-0.644256,0.0,0.0,0.015445,1.3e-05,False,False
C3_N3_low_noise,2026091700,0,HistoricalSprint4_2_KernelStaticControl,3,4,False,False,False,-0.856554,0.007987,0.62463,1.104452,0.330451,0.660108,False,True
C3_N3_low_noise,2026091700,1,HistoricalSprint4_2_KernelStaticControl,3,4,True,True,True,2.10806,-0.021854,0.0,0.0,0.788605,0.216419,False,True
C3_N3_low_noise,2026091700,2,HistoricalSprint4_2_KernelStaticControl,0,0,False,False,False,0.898185,0.898185,5.115981,1.291183,3.912242,0.087941,False,True
C3_N3_low_noise,2026091700,3,HistoricalSprint4_2_KernelStaticControl,4,0,True,True,True,-1.953325,2.629322,0.0,0.0,0.827756,2.25192,True,False
C3_N3_low_noise,2026091700,4,HistoricalSprint4_2_KernelStaticControl,0,3,True,True,True,2.311467,1.182372,0.0,0.0,2.921649,0.234824,False,False
C3_N3_low_noise,2026091700,5,HistoricalSprint4_2_KernelStaticControl,4,1,False,True,False,2.643363,-0.240621,2.341432,2.341432,1.92613,1.525526,False,True
C3_N3_low_noise,2026091700,6,HistoricalSprint4_2_KernelStaticControl,2,1,True,False,False,1.546544,-1.037461,0.717067,0.717067,0.312939,1.487571,False,True
C3_N3_low_noise,2026091700,7,HistoricalSprint4_2_KernelStaticControl,4,1,False,True,False,-2.2755,-1.275734,0.357126,0.357126,0.405021,0.443518,False,False
C3_N3_low_noise,2026091700,8,HistoricalSprint4_2_KernelStaticControl,4,3,False,False,False,2.266987,-1.271281,4.704769,2.371767,4.307897,0.010853,True,False
C3_N3_low_noise,2026091700,9,HistoricalSprint4_2_KernelStaticControl,0,3,True,True,True,2.688323,-0.644256,0.0,0.0,2.16395,1.434706,False,False
C3_N3_low_noise,2026091700,0,FrozenSRotationHarmonicReference,4,4,True,False,False,0.007987,0.007987,0.239911,0.239911,0.175535,0.336079,False,True
C3_N3_low_noise,2026091700,1,FrozenSRotationHarmonicReference,4,1,False,False,False,-0.021854,-1.314695,3.422755,0.837074,2.773201,1.588716,False,True
C3_N3_low_noise,2026091700,2,FrozenSRotationHarmonicReference,0,0,False,False,False,0.898185,0.898185,5.115981,1.291183,4.007137,0.790998,False,True
C3_N3_low_noise,2026091700,3,FrozenSRotationHarmonicReference,0,0,False,True,False,2.629322,2.629322,4.582648,4.582648,1.22873,4.039897,True,False
C3_N3_low_noise,2026091700,4,FrozenSRotationHarmonicReference,3,3,False,True,False,1.182372,1.182372,1.129095,1.129095,2.635807,1.505307,False,False
C3_N3_low_noise,2026091700,5,FrozenSRotationHarmonicReference,1,3,False,False,False,-0.240621,0.301931,0.0,1.085104,0.469777,0.315821,False,True
C3_N3_low_noise,2026091700,6,FrozenSRotationHarmonicReference,1,1,False,False,False,-1.037461,-1.037461,1.866939,3.301072,1.478693,3.015946,False,True
C3_N3_low_noise,2026091700,7,FrozenSRotationHarmonicReference,1,1,False,True,False,-1.275734,-1.275734,1.356892,1.356892,0.807109,1.06719,False,False
C3_N3_low_noise,2026091700,8,FrozenSRotationHarmonicReference,3,1,True,True,True,-1.271281,-2.437782,0.0,0.0,2.13127,0.276741,True,False
C3_N3_low_noise,2026091700,9,FrozenSRotationHarmonicReference,3,3,False,True,False,-0.644256,-0.644256,3.332579,3.332579,3.16748,3.058813,False,False
C3_N3_low_noise,2026091700,0,ScalarMetricAttention,4,1,True,True,True,0.007987,-0.231924,0.0,0.0,0.108053,0.021285,False,True
C3_N3_low_noise,2026091700,1,ScalarMetricAttention,3,4,True,True,True,2.10806,-0.021854,0.0,0.0,0.309442,0.309412,False,True
C3_N3_low_noise,2026091700,2,ScalarMetricAttention,4,2,True,True,True,-2.305397,-1.014213,0.0,0.0,0.008635,1.215824,False,True
C3_N3_low_noise,2026091700,3,ScalarMetricAttention,4,0,True,True,True,-1.953325,2.629322,0.0,0.0,0.330362,1.495354,True,False
C3_N3_low_noise,2026091700,4,ScalarMetricAttention,0,3,True,True,True,2.311467,1.182372,0.0,0.0,0.477357,0.476145,False,False
C3_N3_low_noise,2026091700,5,ScalarMetricAttention,3,1,True,True,True,0.301931,-0.240621,0.0,0.0,0.001863,0.018963,False,True
C3_N3_low_noise,2026091700,6,ScalarMetricAttention,2,4,True,True,True,1.546544,-1.754528,0.0,0.0,0.094079,0.502633,False,True
C3_N3_low_noise,2026091700,7,ScalarMetricAttention,0,1,True,True,True,-2.632626,-1.275734,0.0,0.0,0.039754,0.039756,False,False
C3_N3_low_noise,2026091700,8,ScalarMetricAttention,3,1,True,True,True,-1.271281,-2.437782,0.0,0.0,1.321572,1.319604,True,False
C3_N3_low_noise,2026091700,9,ScalarMetricAttention,0,3,True,True,True,2.688323,-0.644256,0.0,0.0,0.104316,0.008982,False,False
C3_N3_low_noise,2026091700,0,VectorQKAddressAttention,4,1,True,True,True,0.007987,-0.231924,0.0,0.0,0.424583,0.176352,False,True
C3_N3_low_noise,2026091700,1,VectorQKAddressAttention,3,4,True,True,True,2.10806,-0.021854,0.0,0.0,1.11586,0.795506,False,True
C3_N3_low_noise,2026091700,2,VectorQKAddressAttention,4,2,True,True,True,-2.305397,-1.014213,0.0,0.0,0.821927,1.22477,False,True
C3_N3_low_noise,2026091700,3,VectorQKAddressAttention,4,0,True,True,True,-1.953325,2.629322,0.0,0.0,0.14607,4.300126,True,False
C3_N3_low_noise,2026091700,4,VectorQKAddressAttention,0,3,True,True,True,2.311467,1.182372,0.0,0.0,2.68613,1.11643,False,False
C3_N3_low_noise,2026091700,5,VectorQKAddressAttention,3,1,True,True,True,0.301931,-0.240621,0.0,0.0,0.429021,0.720848,False,True
C3_N3_low_noise,2026091700,6,VectorQKAddressAttention,2,4,True,True,True,1.546544,-1.754528,0.0,0.0,0.440729,2.945881,False,True
C3_N3_low_noise,2026091700,7,VectorQKAddressAttention,0,1,True,True,True,-2.632626,-1.275734,0.0,0.0,0.115311,0.602514,False,False
C3_N3_low_noise,2026091700,8,VectorQKAddressAttention,3,1,True,True,True,-1.271281,-2.437782,0.0,0.0,2.385762,0.255833,True,False
C3_N3_low_noise,2026091700,9,VectorQKAddressAttention,0,3,True,True,True,2.688323,-0.644256,0.0,0.0,1.855459,2.228597,False,False
C4_N3_high_noise,2026091700,0,QueryBlindControl,1,4,False,False,False,-0.231924,0.007987,0.0,0.479822,0.49639,0.239911,False,True
C4_N3_high_noise,2026091700,1,QueryBlindControl,1,4,False,True,False,-1.314695,-0.021854,3.422755,3.422755,1.571865,2.129914,False,True
C4_N3_high_noise,2026091700,2,QueryBlindControl,0,4,False,False,False,0.898185,-2.305397,1.912399,4.494765,1.705327,1.291183,False,True
C4_N3_high_noise,2026091700,3,QueryBlindControl,0,4,False,False,False,2.629322,-1.953325,0.0,9.165295,0.16268,4.582648,True,False
C4_N3_high_noise,2026091700,4,QueryBlindControl,0,4,True,False,False,2.311467,-2.033739,3.216111,3.216111,2.520439,1.129095,False,False
C4_N3_high_noise,2026091700,5,QueryBlindControl,1,4,False,False,False,-0.240621,2.643363,2.341432,3.426536,1.741805,0.542552,False,True
C4_N3_high_noise,2026091700,6,QueryBlindControl,1,4,False,True,False,-1.037461,-1.754528,2.584005,2.584005,0.622313,3.301072,False,True
C4_N3_high_noise,2026091700,7,QueryBlindControl,0,4,True,False,False,-2.632626,-2.2755,0.999766,0.999766,0.214213,1.356892,False,False
C4_N3_high_noise,2026091700,8,QueryBlindControl,1,4,False,False,False,-2.437782,2.266987,3.538268,5.871269,2.747679,1.166501,True,False
C4_N3_high_noise,2026091700,9,QueryBlindControl,0,3,True,True,True,2.688323,-0.644256,0.0,0.0,1.726476,3.332579,False,False
C4_N3_high_noise,2026091700,0,PositiveScalarKernel,4,4,True,False,False,0.007987,0.007987,0.239911,0.239911,0.239801,0.239911,False,True
C4_N3_high_noise,2026091700,1,PositiveScalarKernel,1,1,False,False,False,-1.314695,-1.314695,4.715595,2.129914,4.713072,2.129914,False,True
C4_N3_high_noise,2026091700,2,PositiveScalarKernel,0,0,False,False,False,0.898185,0.898185,5.115981,1.291183,5.115981,1.291183,False,True
C4_N3_high_noise,2026091700,3,PositiveScalarKernel,0,0,False,True,False,2.629322,2.629322,4.582648,4.582648,4.581613,4.582648,True,False
C4_N3_high_noise,2026091700,4,PositiveScalarKernel,3,3,False,True,False,1.182372,1.182372,1.129095,1.129095,1.129095,1.129095,False,False
C4_N3_high_noise,2026091700,5,PositiveScalarKernel,3,3,True,False,False,0.301931,0.301931,0.542552,0.542552,0.542549,0.542552,False,True
C4_N3_high_noise,2026091700,6,PositiveScalarKernel,1,1,False,False,False,-1.037461,-1.037461,1.866939,3.301072,1.867022,3.301072,False,True
C4_N3_high_noise,2026091700,7,PositiveScalarKernel,1,1,False,True,False,-1.275734,-1.275734,1.356892,1.356892,1.356892,1.356892,False,False
C4_N3_high_noise,2026091700,8,PositiveScalarKernel,1,1,False,True,False,-2.437782,-2.437782,1.166501,1.166501,1.1665,1.166501,True,False
C4_N3_high_noise,2026091700,9,PositiveScalarKernel,3,3,False,True,False,-0.644256,-0.644256,3.332579,3.332579,3.332712,3.332579,False,False
C4_N3_high_noise,2026091700,0,SignedScalarKernel,4,3,True,False,False,0.007987,-0.856554,0.62463,0.62463,0.613189,0.605417,False,True
C4_N3_high_noise,2026091700,1,SignedScalarKernel,3,1,True,False,False,2.10806,-1.314695,1.29284,1.29284,1.253694,1.25362,False,True
C4_N3_high_noise,2026091700,2,SignedScalarKernel,4,4,True,False,False,-2.305397,-2.305397,1.291183,1.291183,0.655255,1.291183,False,True
C4_N3_high_noise,2026091700,3,SignedScalarKernel,1,1,False,False,False,0.093979,0.093979,0.48804,4.582648,0.680319,4.582648,True,False
C4_N3_high_noise,2026091700,4,SignedScalarKernel,0,3,True,True,True,2.311467,1.182372,0.0,0.0,0.054568,0.054063,False,False
C4_N3_high_noise,2026091700,5,SignedScalarKernel,3,3,True,False,False,0.301931,0.301931,0.542552,0.542552,0.540718,0.542552,False,True
C4_N3_high_noise,2026091700,6,SignedScalarKernel,2,2,True,False,False,1.546544,1.546544,3.301072,3.301072,3.261949,3.301072,False,True
C4_N3_high_noise,2026091700,7,SignedScalarKernel,0,1,True,True,True,-2.632626,-1.275734,0.0,0.0,0.004626,0.004645,False,False
C4_N3_high_noise,2026091700,8,SignedScalarKernel,1,1,False,True,False,-2.437782,-2.437782,1.166501,1.166501,1.165713,1.166501,True,False
C4_N3_high_noise,2026091700,9,SignedScalarKernel,0,3,True,True,True,2.688323,-0.644256,0.0,0.0,0.015445,1.3e-05,False,False
C4_N3_high_noise,2026091700,0,HistoricalSprint4_2_KernelStaticControl,3,4,False,False,False,-0.856554,0.007987,0.62463,1.104452,0.330451,0.660108,False,True
C4_N3_high_noise,2026091700,1,HistoricalSprint4_2_KernelStaticControl,3,4,True,True,True,2.10806,-0.021854,0.0,0.0,0.788605,0.216419,False,True
C4_N3_high_noise,2026091700,2,HistoricalSprint4_2_KernelStaticControl,0,0,False,False,False,0.898185,0.898185,5.115981,1.291183,3.912242,0.087941,False,True
C4_N3_high_noise,2026091700,3,HistoricalSprint4_2_KernelStaticControl,4,0,True,True,True,-1.953325,2.629322,0.0,0.0,0.827756,2.25192,True,False
C4_N3_high_noise,2026091700,4,HistoricalSprint4_2_KernelStaticControl,0,3,True,True,True,2.311467,1.182372,0.0,0.0,2.921649,0.234824,False,False
C4_N3_high_noise,2026091700,5,HistoricalSprint4_2_KernelStaticControl,4,1,False,True,False,2.643363,-0.240621,2.341432,2.341432,1.92613,1.525526,False,True
C4_N3_high_noise,2026091700,6,HistoricalSprint4_2_KernelStaticControl,2,1,True,False,False,1.546544,-1.037461,0.717067,0.717067,0.312939,1.487571,False,True
C4_N3_high_noise,2026091700,7,HistoricalSprint4_2_KernelStaticControl,4,1,False,True,False,-2.2755,-1.275734,0.357126,0.357126,0.405021,0.443518,False,False
C4_N3_high_noise,2026091700,8,HistoricalSprint4_2_KernelStaticControl,4,3,False,False,False,2.266987,-1.271281,4.704769,2.371767,4.307897,0.010853,True,False
C4_N3_high_noise,2026091700,9,HistoricalSprint4_2_KernelStaticControl,0,3,True,True,True,2.688323,-0.644256,0.0,0.0,2.16395,1.434706,False,False
C4_N3_high_noise,2026091700,0,FrozenSRotationHarmonicReference,4,4,True,False,False,0.007987,0.007987,0.239911,0.239911,0.175535,0.336079,False,True
C4_N3_high_noise,2026091700,1,FrozenSRotationHarmonicReference,4,1,False,False,False,-0.021854,-1.314695,3.422755,0.837074,2.773201,1.588716,False,True
C4_N3_high_noise,2026091700,2,FrozenSRotationHarmonicReference,0,0,False,False,False,0.898185,0.898185,5.115981,1.291183,4.007137,0.790998,False,True
C4_N3_high_noise,2026091700,3,FrozenSRotationHarmonicReference,0,0,False,True,False,2.629322,2.629322,4.582648,4.582648,1.22873,4.039897,True,False
C4_N3_high_noise,2026091700,4,FrozenSRotationHarmonicReference,3,3,False,True,False,1.182372,1.182372,1.129095,1.129095,2.635807,1.505307,False,False
C4_N3_high_noise,2026091700,5,FrozenSRotationHarmonicReference,1,3,False,False,False,-0.240621,0.301931,0.0,1.085104,0.469777,0.315821,False,True
C4_N3_high_noise,2026091700,6,FrozenSRotationHarmonicReference,1,1,False,False,False,-1.037461,-1.037461,1.866939,3.301072,1.478693,3.015946,False,True
C4_N3_high_noise,2026091700,7,FrozenSRotationHarmonicReference,1,1,False,True,False,-1.275734,-1.275734,1.356892,1.356892,0.807109,1.06719,False,False
C4_N3_high_noise,2026091700,8,FrozenSRotationHarmonicReference,3,1,True,True,True,-1.271281,-2.437782,0.0,0.0,2.13127,0.276741,True,False
C4_N3_high_noise,2026091700,9,FrozenSRotationHarmonicReference,3,3,False,True,False,-0.644256,-0.644256,3.332579,3.332579,3.16748,3.058813,False,False
C4_N3_high_noise,2026091700,0,ScalarMetricAttention,4,1,True,True,True,0.007987,-0.231924,0.0,0.0,0.081025,0.081024,False,True
C4_N3_high_noise,2026091700,1,ScalarMetricAttention,3,4,True,True,True,2.10806,-0.021854,0.0,0.0,0.353573,0.353498,False,True
C4_N3_high_noise,2026091700,2,ScalarMetricAttention,4,2,True,True,True,-2.305397,-1.014213,0.0,0.0,0.043328,1.237328,False,True
C4_N3_high_noise,2026091700,3,ScalarMetricAttention,4,0,True,True,True,-1.953325,2.629322,0.0,0.0,0.039229,1.819821,True,False
C4_N3_high_noise,2026091700,4,ScalarMetricAttention,0,3,True,True,True,2.311467,1.182372,0.0,0.0,0.24429,0.239419,False,False
C4_N3_high_noise,2026091700,5,ScalarMetricAttention,3,1,True,True,True,0.301931,-0.240621,0.0,0.0,0.011153,0.024506,False,True
C4_N3_high_noise,2026091700,6,ScalarMetricAttention,2,4,True,True,True,1.546544,-1.754528,0.0,0.0,0.417805,0.709365,False,True
C4_N3_high_noise,2026091700,7,ScalarMetricAttention,0,1,True,True,True,-2.632626,-1.275734,0.0,0.0,0.018937,0.018939,False,False
C4_N3_high_noise,2026091700,8,ScalarMetricAttention,3,1,True,True,True,-1.271281,-2.437782,0.0,0.0,1.065792,1.064469,True,False
C4_N3_high_noise,2026091700,9,ScalarMetricAttention,0,3,True,True,True,2.688323,-0.644256,0.0,0.0,0.020152,0.01233,False,False
C4_N3_high_noise,2026091700,0,VectorQKAddressAttention,4,1,True,True,True,0.007987,-0.231924,0.0,0.0,0.42787,0.202974,False,True
C4_N3_high_noise,2026091700,1,VectorQKAddressAttention,3,4,True,True,True,2.10806,-0.021854,0.0,0.0,1.18975,0.82361,False,True
C4_N3_high_noise,2026091700,2,VectorQKAddressAttention,4,2,True,True,True,-2.305397,-1.014213,0.0,0.0,0.7908,1.244952,False,True
C4_N3_high_noise,2026091700,3,VectorQKAddressAttention,4,0,True,True,True,-1.953325,2.629322,0.0,0.0,0.211653,4.30883,True,False
C4_N3_high_noise,2026091700,4,VectorQKAddressAttention,0,3,True,True,True,2.311467,1.182372,0.0,0.0,2.676516,1.034361,False,False
C4_N3_high_noise,2026091700,5,VectorQKAddressAttention,3,1,True,True,True,0.301931,-0.240621,0.0,0.0,0.40284,0.696779,False,True
C4_N3_high_noise,2026091700,6,VectorQKAddressAttention,2,4,True,True,True,1.546544,-1.754528,0.0,0.0,0.361164,2.973789,False,True
C4_N3_high_noise,2026091700,7,VectorQKAddressAttention,0,1,True,True,True,-2.632626,-1.275734,0.0,0.0,0.126457,0.576864,False,False
C4_N3_high_noise,2026091700,8,VectorQKAddressAttention,3,1,True,True,True,-1.271281,-2.437782,0.0,0.0,2.283819,0.306863,True,False
C4_N3_high_noise,2026091700,9,VectorQKAddressAttention,0,3,True,True,True,2.688323,-0.644256,0.0,0.0,1.862809,1.993749,False,False
C5_N3_OOD_low_keys,2026091700,0,QueryBlindControl,1,4,False,False,False,-0.231924,0.007987,0.0,0.479822,0.49639,0.239911,False,True
C5_N3_OOD_low_keys,2026091700,1,QueryBlindControl,0,4,True,False,False,-1.615631,2.773478,5.104317,5.104317,3.164475,0.715209,False,True
C5_N3_OOD_low_keys,2026091700,2,QueryBlindControl,0,2,True,True,True,0.922329,-2.974643,0.0,0.0,0.273699,3.896972,False,False
C5_N3_OOD_low_keys,2026091700,3,QueryBlindControl,1,3,True,False,False,2.43966,-0.653576,2.119451,2.119451,0.324595,5.212688,True,False
C5_N3_OOD_low_keys,2026091700,4,QueryBlindControl,0,3,False,False,False,-0.035187,0.304567,2.886418,3.565927,0.848888,3.226172,False,False
C5_N3_OOD_low_keys,2026091700,5,QueryBlindControl,0,4,False,False,False,-2.033739,-2.856935,1.358147,0.288245,0.727114,0.534951,True,False
C5_N3_OOD_low_keys,2026091700,6,QueryBlindControl,1,4,False,False,False,-1.582704,-2.311833,1.733215,0.274958,0.820781,1.004087,True,False
C5_N3_OOD_low_keys,2026091700,7,QueryBlindControl,2,4,True,False,False,0.225216,1.554828,2.728279,2.728279,1.35263,1.398667,False,False
C5_N3_OOD_low_keys,2026091700,8,QueryBlindControl,1,4,True,False,False,1.883666,-2.145176,4.700578,4.700578,2.909807,0.671736,True,False
C5_N3_OOD_low_keys,2026091700,9,QueryBlindControl,0,4,True,False,False,-2.2755,0.120557,0.719098,0.719098,0.558986,3.115155,True,False
C5_N3_OOD_low_keys,2026091700,0,PositiveScalarKernel,4,4,True,False,False,0.007987,0.007987,0.239911,0.239911,0.064512,0.239911,False,True
C5_N3_OOD_low_keys,2026091700,1,PositiveScalarKernel,0,0,True,False,False,-1.615631,-1.615631,0.715209,0.715209,0.568493,0.715209,False,True
C5_N3_OOD_low_keys,2026091700,2,PositiveScalarKernel,2,2,False,True,False,-2.974643,-2.974643,3.896972,3.896972,2.235378,3.896972,False,False
C5_N3_OOD_low_keys,2026091700,3,PositiveScalarKernel,3,3,False,False,False,-0.653576,-0.653576,0.973785,5.212688,0.025929,5.212688,True,False
C5_N3_OOD_low_keys,2026091700,4,PositiveScalarKernel,2,2,False,True,False,-2.921605,-2.921605,3.226172,3.226172,0.201874,3.226172,False,False
C5_N3_OOD_low_keys,2026091700,5,PositiveScalarKernel,0,0,False,True,False,-2.033739,-2.033739,0.534951,0.534951,0.450847,0.534951,True,False
C5_N3_OOD_low_keys,2026091700,6,PositiveScalarKernel,1,1,False,True,False,-1.582704,-1.582704,1.004087,1.004087,0.632802,1.004087,True,False
C5_N3_OOD_low_keys,2026091700,7,PositiveScalarKernel,2,2,True,False,False,0.225216,0.225216,1.398667,1.398667,1.847341,1.398667,False,False
C5_N3_OOD_low_keys,2026091700,8,PositiveScalarKernel,3,3,False,True,False,2.555402,2.555402,0.671736,0.671736,0.216635,0.671736,True,False
C5_N3_OOD_low_keys,2026091700,9,PositiveScalarKernel,4,4,False,False,False,0.120557,0.120557,1.676959,3.115155,1.037957,3.115155,True,False
C5_N3_OOD_low_keys,2026091700,0,SignedScalarKernel,3,3,False,False,False,-0.856554,-0.856554,1.48917,0.239911,0.750359,0.239911,False,True
C5_N3_OOD_low_keys,2026091700,1,SignedScalarKernel,4,4,False,False,False,2.773478,2.773478,9.493425,0.715209,6.216757,0.715209,False,True
C5_N3_OOD_low_keys,2026091700,2,SignedScalarKernel,0,0,True,False,False,0.922329,0.922329,3.896972,3.896972,0.905411,3.896972,False,False
C5_N3_OOD_low_keys,2026091700,3,SignedScalarKernel,2,2,False,True,False,-2.773028,-2.773028,5.212688,5.212688,2.043218,5.212688,True,False
C5_N3_OOD_low_keys,2026091700,4,SignedScalarKernel,3,3,True,False,False,0.304567,0.304567,3.226172,3.226172,1.345101,3.226172,False,False
C5_N3_OOD_low_keys,2026091700,5,SignedScalarKernel,4,4,False,False,False,-2.856935,-2.856935,2.181343,0.534951,1.002879,0.534951,True,False
C5_N3_OOD_low_keys,2026091700,6,SignedScalarKernel,4,4,False,False,False,-2.311833,-2.311833,2.462344,1.004087,1.039751,1.004087,True,False
C5_N3_OOD_low_keys,2026091700,7,SignedScalarKernel,3,3,False,True,False,-1.173451,-1.173451,1.398667,1.398667,0.968536,1.398667,False,False
C5_N3_OOD_low_keys,2026091700,8,SignedScalarKernel,4,4,False,False,False,-2.145176,-2.145176,8.72942,0.671736,4.88209,0.671736,True,False
C5_N3_OOD_low_keys,2026091700,9,SignedScalarKernel,2,2,False,True,False,0.839655,0.839655,3.115155,3.115155,1.250519,3.115155,True,False
C5_N3_OOD_low_keys,2026091700,0,HistoricalSprint4_2_KernelStaticControl,4,4,True,False,False,0.007987,0.007987,0.239911,0.239911,0.028004,0.346911,False,True
C5_N3_OOD_low_keys,2026091700,1,HistoricalSprint4_2_KernelStaticControl,0,0,True,False,False,-1.615631,-1.615631,0.715209,0.715209,0.554258,0.669763,False,True
C5_N3_OOD_low_keys,2026091700,2,HistoricalSprint4_2_KernelStaticControl,2,2,False,True,False,-2.974643,-2.974643,3.896972,3.896972,2.492305,3.339262,False,False
C5_N3_OOD_low_keys,2026091700,3,HistoricalSprint4_2_KernelStaticControl,3,3,False,False,False,-0.653576,-0.653576,0.973785,5.212688,0.218748,4.8183,True,False
C5_N3_OOD_low_keys,2026091700,4,HistoricalSprint4_2_KernelStaticControl,2,2,False,True,False,-2.921605,-2.921605,3.226172,3.226172,0.719307,2.741594,False,False
C5_N3_OOD_low_keys,2026091700,5,HistoricalSprint4_2_KernelStaticControl,0,0,False,True,False,-2.033739,-2.033739,0.534951,0.534951,0.45049,0.540381,True,False
C5_N3_OOD_low_keys,2026091700,6,HistoricalSprint4_2_KernelStaticControl,1,1,False,True,False,-1.582704,-1.582704,1.004087,1.004087,0.651045,0.979436,True,False
C5_N3_OOD_low_keys,2026091700,7,HistoricalSprint4_2_KernelStaticControl,2,2,True,False,False,0.225216,0.225216,1.398667,1.398667,1.882986,1.501091,False,False
C5_N3_OOD_low_keys,2026091700,8,HistoricalSprint4_2_KernelStaticControl,3,3,False,True,False,2.555402,2.555402,0.671736,0.671736,0.065987,0.277637,True,False
C5_N3_OOD_low_keys,2026091700,9,HistoricalSprint4_2_KernelStaticControl,4,4,False,False,False,0.120557,0.120557,1.676959,3.115155,1.167075,2.795077,True,False
C5_N3_OOD_low_keys,2026091700,0,FrozenSRotationHarmonicReference,4,4,True,False,False,0.007987,0.007987,0.239911,0.239911,0.422976,0.250763,False,True
C5_N3_OOD_low_keys,2026091700,1,FrozenSRotationHarmonicReference,0,0,True,False,False,-1.615631,-1.615631,0.715209,0.715209,2.422983,0.611023,False,True
C5_N3_OOD_low_keys,2026091700,2,FrozenSRotationHarmonicReference,2,2,False,True,False,-2.974643,-2.974643,3.896972,3.896972,0.599835,3.845482,False,False
C5_N3_OOD_low_keys,2026091700,3,FrozenSRotationHarmonicReference,3,3,False,False,False,-0.653576,-0.653576,0.973785,5.212688,0.000744,5.250905,True,False
C5_N3_OOD_low_keys,2026091700,4,FrozenSRotationHarmonicReference,2,2,False,True,False,-2.921605,-2.921605,3.226172,3.226172,0.696002,3.203897,False,False
C5_N3_OOD_low_keys,2026091700,5,FrozenSRotationHarmonicReference,0,0,False,True,False,-2.033739,-2.033739,0.534951,0.534951,0.661915,0.544456,True,False
C5_N3_OOD_low_keys,2026091700,6,FrozenSRotationHarmonicReference,1,1,False,True,False,-1.582704,-1.582704,1.004087,1.004087,0.772096,1.011006,True,False
C5_N3_OOD_low_keys,2026091700,7,FrozenSRotationHarmonicReference,2,2,True,False,False,0.225216,0.225216,1.398667,1.398667,1.445426,1.413135,False,False
C5_N3_OOD_low_keys,2026091700,8,FrozenSRotationHarmonicReference,3,3,False,True,False,2.555402,2.555402,0.671736,0.671736,2.368585,0.592587,True,False
C5_N3_OOD_low_keys,2026091700,9,FrozenSRotationHarmonicReference,4,4,False,False,False,0.120557,0.120557,1.676959,3.115155,0.488275,3.119233,True,False
C5_N3_OOD_low_keys,2026091700,0,ScalarMetricAttention,4,1,True,True,True,0.007987,-0.231924,0.0,0.0,0.48399,0.227816,False,True
C5_N3_OOD_low_keys,2026091700,1,ScalarMetricAttention,0,1,True,True,True,-1.615631,-2.33084,0.0,0.0,2.784415,0.841193,False,True
C5_N3_OOD_low_keys,2026091700,2,ScalarMetricAttention,0,2,True,True,True,0.922329,-2.974643,0.0,0.0,0.277003,3.79161,False,False
C5_N3_OOD_low_keys,2026091700,3,ScalarMetricAttention,1,2,True,True,True,2.43966,-2.773028,0.0,0.0,0.304358,5.08957,True,False
C5_N3_OOD_low_keys,2026091700,4,ScalarMetricAttention,3,2,True,True,True,0.304567,-2.921605,0.0,0.0,0.852174,3.201214,False,False
C5_N3_OOD_low_keys,2026091700,5,ScalarMetricAttention,3,0,True,True,True,-1.498788,-2.033739,0.0,0.0,0.707144,0.547884,True,False
C5_N3_OOD_low_keys,2026091700,6,ScalarMetricAttention,3,1,True,True,True,-0.578617,-1.582704,0.0,0.0,0.805747,1.010616,True,False
C5_N3_OOD_low_keys,2026091700,7,ScalarMetricAttention,2,3,True,True,True,0.225216,-1.173451,0.0,0.0,1.359345,1.378727,False,False
C5_N3_OOD_low_keys,2026091700,8,ScalarMetricAttention,1,3,True,True,True,1.883666,2.555402,0.0,0.0,2.759628,0.563462,True,False
C5_N3_OOD_low_keys,2026091700,9,ScalarMetricAttention,0,2,True,True,True,-2.2755,0.839655,0.0,0.0,0.507494,3.080637,True,False
C5_N3_OOD_low_keys,2026091700,0,VectorQKAddressAttention,4,1,True,True,True,0.007987,-0.231924,0.0,0.0,0.495391,0.238935,False,True
C5_N3_OOD_low_keys,2026091700,1,VectorQKAddressAttention,0,1,True,True,True,-1.615631,-2.33084,0.0,0.0,3.132982,0.726017,False,True
C5_N3_OOD_low_keys,2026091700,2,VectorQKAddressAttention,0,2,True,True,True,0.922329,-2.974643,0.0,0.0,0.273987,3.888491,False,False
C5_N3_OOD_low_keys,2026091700,3,VectorQKAddressAttention,1,2,True,True,True,2.43966,-2.773028,0.0,0.0,0.322571,5.203299,True,False
C5_N3_OOD_low_keys,2026091700,4,VectorQKAddressAttention,3,2,True,True,True,0.304567,-2.921605,0.0,0.0,0.849153,3.224172,False,False
C5_N3_OOD_low_keys,2026091700,5,VectorQKAddressAttention,3,0,True,True,True,-1.498788,-2.033739,0.0,0.0,0.725496,0.536011,True,False
C5_N3_OOD_low_keys,2026091700,6,VectorQKAddressAttention,3,1,True,True,True,-0.578617,-1.582704,0.0,0.0,0.819569,1.00462,True,False
C5_N3_OOD_low_keys,2026091700,7,VectorQKAddressAttention,2,3,True,True,True,0.225216,-1.173451,0.0,0.0,1.353177,1.39707,False,False
C5_N3_OOD_low_keys,2026091700,8,VectorQKAddressAttention,1,3,True,True,True,1.883666,2.555402,0.0,0.0,2.897598,0.66288,True,False
C5_N3_OOD_low_keys,2026091700,9,VectorQKAddressAttention,0,2,True,True,True,-2.2755,0.839655,0.0,0.0,0.554555,3.112786,True,False
C6_N3_OOD_high_keys,2026091700,0,QueryBlindControl,1,4,False,False,False,-0.231924,0.007987,0.0,0.479822,0.49639,0.239911,False,True
C6_N3_OOD_high_keys,2026091700,1,QueryBlindControl,0,4,True,False,False,-1.615631,2.773478,5.104317,5.104317,3.164475,0.715209,False,True
C6_N3_OOD_high_keys,2026091700,2,QueryBlindControl,0,2,True,True,True,0.922329,-2.974643,0.0,0.0,0.273699,3.896972,False,False
C6_N3_OOD_high_keys,2026091700,3,QueryBlindControl,1,3,True,False,False,2.43966,-0.653576,2.119451,2.119451,0.324595,5.212688,True,False
C6_N3_OOD_high_keys,2026091700,4,QueryBlindControl,0,3,False,False,False,-0.035187,0.304567,2.886418,3.565927,0.848888,3.226172,False,False
C6_N3_OOD_high_keys,2026091700,5,QueryBlindControl,0,4,False,False,False,-2.033739,-2.856935,1.358147,0.288245,0.727114,0.534951,True,False
C6_N3_OOD_high_keys,2026091700,6,QueryBlindControl,1,4,False,False,False,-1.582704,-2.311833,1.733215,0.274958,0.820781,1.004087,True,False
C6_N3_OOD_high_keys,2026091700,7,QueryBlindControl,2,4,True,False,False,0.225216,1.554828,2.728279,2.728279,1.35263,1.398667,False,False
C6_N3_OOD_high_keys,2026091700,8,QueryBlindControl,1,4,True,False,False,1.883666,-2.145176,4.700578,4.700578,2.909807,0.671736,True,False
C6_N3_OOD_high_keys,2026091700,9,QueryBlindControl,0,4,True,False,False,-2.2755,0.120557,0.719098,0.719098,0.558986,3.115155,True,False
C6_N3_OOD_high_keys,2026091700,0,PositiveScalarKernel,4,4,True,False,False,0.007987,0.007987,0.239911,0.239911,0.228246,0.239911,False,True
C6_N3_OOD_high_keys,2026091700,1,PositiveScalarKernel,0,0,True,False,False,-1.615631,-1.615631,0.715209,0.715209,0.685752,0.715209,False,True
C6_N3_OOD_high_keys,2026091700,2,PositiveScalarKernel,2,2,False,True,False,-2.974643,-2.974643,3.896972,3.896972,3.762366,3.896972,False,False
C6_N3_OOD_high_keys,2026091700,3,PositiveScalarKernel,3,3,False,False,False,-0.653576,-0.653576,0.973785,5.212688,0.956025,5.212688,True,False
C6_N3_OOD_high_keys,2026091700,4,PositiveScalarKernel,2,2,False,True,False,-2.921605,-2.921605,3.226172,3.226172,2.352614,3.226172,False,False
C6_N3_OOD_high_keys,2026091700,5,PositiveScalarKernel,0,0,False,True,False,-2.033739,-2.033739,0.534951,0.534951,0.522325,0.534951,True,False
C6_N3_OOD_high_keys,2026091700,6,PositiveScalarKernel,1,1,False,True,False,-1.582704,-1.582704,1.004087,1.004087,0.905868,1.004087,True,False
C6_N3_OOD_high_keys,2026091700,7,PositiveScalarKernel,2,2,True,False,False,0.225216,0.225216,1.398667,1.398667,1.809182,1.398667,False,False
C6_N3_OOD_high_keys,2026091700,8,PositiveScalarKernel,3,3,False,True,False,2.555402,2.555402,0.671736,0.671736,0.657562,0.671736,True,False
C6_N3_OOD_high_keys,2026091700,9,PositiveScalarKernel,4,4,False,False,False,0.120557,0.120557,1.676959,3.115155,1.672888,3.115155,True,False
C6_N3_OOD_high_keys,2026091700,0,SignedScalarKernel,4,4,True,False,False,0.007987,0.007987,0.239911,0.239911,0.138646,0.239911,False,True
C6_N3_OOD_high_keys,2026091700,1,SignedScalarKernel,0,0,True,False,False,-1.615631,-1.615631,0.715209,0.715209,0.545495,0.715209,False,True
C6_N3_OOD_high_keys,2026091700,2,SignedScalarKernel,2,2,False,True,False,-2.974643,-2.974643,3.896972,3.896972,3.203862,3.896972,False,False
C6_N3_OOD_high_keys,2026091700,3,SignedScalarKernel,3,3,False,False,False,-0.653576,-0.653576,0.973785,5.212688,0.665074,5.212688,True,False
C6_N3_OOD_high_keys,2026091700,4,SignedScalarKernel,2,2,False,True,False,-2.921605,-2.921605,3.226172,3.226172,1.144988,3.226172,False,False
C6_N3_OOD_high_keys,2026091700,5,SignedScalarKernel,0,0,False,True,False,-2.033739,-2.033739,0.534951,0.534951,0.458363,0.534951,True,False
C6_N3_OOD_high_keys,2026091700,6,SignedScalarKernel,1,1,False,True,False,-1.582704,-1.582704,1.004087,1.004087,0.700621,1.004087,True,False
C6_N3_OOD_high_keys,2026091700,7,SignedScalarKernel,2,2,True,False,False,0.225216,0.225216,1.398667,1.398667,1.982775,1.398667,False,False
C6_N3_OOD_high_keys,2026091700,8,SignedScalarKernel,3,3,False,True,False,2.555402,2.555402,0.671736,0.671736,0.484384,0.671736,True,False
C6_N3_OOD_high_keys,2026091700,9,SignedScalarKernel,4,4,False,False,False,0.120557,0.120557,1.676959,3.115155,1.5429,3.115155,True,False
C6_N3_OOD_high_keys,2026091700,0,HistoricalSprint4_2_KernelStaticControl,3,3,False,False,False,-0.856554,-0.856554,1.48917,0.239911,0.65151,0.282699,False,True
C6_N3_OOD_high_keys,2026091700,1,HistoricalSprint4_2_KernelStaticControl,4,4,False,False,False,2.773478,2.773478,9.493425,0.715209,4.933511,0.246978,False,True
C6_N3_OOD_high_keys,2026091700,2,HistoricalSprint4_2_KernelStaticControl,0,0,True,False,False,0.922329,0.922329,3.896972,3.896972,0.37137,3.748352,False,False
C6_N3_OOD_high_keys,2026091700,3,HistoricalSprint4_2_KernelStaticControl,2,2,False,True,False,-2.773028,-2.773028,5.212688,5.212688,1.34529,5.555342,True,False
C6_N3_OOD_high_keys,2026091700,4,HistoricalSprint4_2_KernelStaticControl,3,3,True,False,False,0.304567,0.304567,3.226172,3.226172,1.16742,3.130893,False,False
C6_N3_OOD_high_keys,2026091700,5,HistoricalSprint4_2_KernelStaticControl,4,4,False,False,False,-2.856935,-2.856935,2.181343,0.534951,0.878314,0.574917,True,False
C6_N3_OOD_high_keys,2026091700,6,HistoricalSprint4_2_KernelStaticControl,4,4,False,False,False,-2.311833,-2.311833,2.462344,1.004087,0.940021,1.03716,True,False
C6_N3_OOD_high_keys,2026091700,7,HistoricalSprint4_2_KernelStaticControl,3,3,False,True,False,-1.173451,-1.173451,1.398667,1.398667,1.157227,1.444275,False,False
C6_N3_OOD_high_keys,2026091700,8,HistoricalSprint4_2_KernelStaticControl,4,4,False,False,False,-2.145176,-2.145176,8.72942,0.671736,4.092759,0.350255,True,False
C6_N3_OOD_high_keys,2026091700,9,HistoricalSprint4_2_KernelStaticControl,2,2,False,True,False,0.839655,0.839655,3.115155,3.115155,0.926494,3.245611,True,False
C6_N3_OOD_high_keys,2026091700,0,FrozenSRotationHarmonicReference,3,3,False,False,False,-0.856554,-0.856554,1.48917,0.239911,0.602432,0.302436,False,True
C6_N3_OOD_high_keys,2026091700,1,FrozenSRotationHarmonicReference,4,4,False,False,False,2.773478,2.773478,9.493425,0.715209,4.692342,0.0402,False,True
C6_N3_OOD_high_keys,2026091700,2,FrozenSRotationHarmonicReference,0,0,True,False,False,0.922329,0.922329,3.896972,3.896972,0.456073,3.621939,False,False
C6_N3_OOD_high_keys,2026091700,3,FrozenSRotationHarmonicReference,2,2,False,True,False,-2.773028,-2.773028,5.212688,5.212688,0.84284,5.639712,True,False
C6_N3_OOD_high_keys,2026091700,4,FrozenSRotationHarmonicReference,3,3,True,False,False,0.304567,0.304567,3.226172,3.226172,1.008348,3.100349,False,False
C6_N3_OOD_high_keys,2026091700,5,FrozenSRotationHarmonicReference,4,4,False,False,False,-2.856935,-2.856935,2.181343,0.534951,0.86722,0.602198,True,False
C6_N3_OOD_high_keys,2026091700,6,FrozenSRotationHarmonicReference,4,4,False,False,False,-2.311833,-2.311833,2.462344,1.004087,0.923572,1.057919,True,False
C6_N3_OOD_high_keys,2026091700,7,FrozenSRotationHarmonicReference,3,3,False,True,False,-1.173451,-1.173451,1.398667,1.398667,1.106389,1.490658,False,False
C6_N3_OOD_high_keys,2026091700,8,FrozenSRotationHarmonicReference,4,4,False,False,False,-2.145176,-2.145176,8.72942,0.671736,3.790941,0.18922,True,False
C6_N3_OOD_high_keys,2026091700,9,FrozenSRotationHarmonicReference,2,2,False,True,False,0.839655,0.839655,3.115155,3.115155,0.766027,3.297846,True,False
C6_N3_OOD_high_keys,2026091700,0,ScalarMetricAttention,4,1,True,True,True,0.007987,-0.231924,0.0,0.0,0.329588,0.081593,False,True
C6_N3_OOD_high_keys,2026091700,1,ScalarMetricAttention,0,1,True,True,True,-1.615631,-2.33084,0.0,0.0,0.361845,0.867203,False,True
C6_N3_OOD_high_keys,2026091700,2,ScalarMetricAttention,0,2,True,True,True,0.922329,-2.974643,0.0,0.0,0.253201,2.462134,False,False
C6_N3_OOD_high_keys,2026091700,3,ScalarMetricAttention,1,2,True,True,True,2.43966,-2.773028,0.0,0.0,0.479971,2.758145,True,False
C6_N3_OOD_high_keys,2026091700,4,ScalarMetricAttention,3,2,True,True,True,0.304567,-2.921605,0.0,0.0,0.893543,2.841104,False,False
C6_N3_OOD_high_keys,2026091700,5,ScalarMetricAttention,3,0,True,True,True,-1.498788,-2.033739,0.0,0.0,0.485691,0.650852,True,False
C6_N3_OOD_high_keys,2026091700,6,ScalarMetricAttention,3,1,True,True,True,-0.578617,-1.582704,0.0,0.0,0.614332,1.070462,True,False
C6_N3_OOD_high_keys,2026091700,7,ScalarMetricAttention,2,3,True,True,True,0.225216,-1.173451,0.0,0.0,1.426031,1.090126,False,False
C6_N3_OOD_high_keys,2026091700,8,ScalarMetricAttention,1,3,True,True,True,1.883666,2.555402,0.0,0.0,1.287139,0.297275,True,False
C6_N3_OOD_high_keys,2026091700,9,ScalarMetricAttention,0,2,True,True,True,-2.2755,0.839655,0.0,0.0,0.278663,1.89421,True,False
C6_N3_OOD_high_keys,2026091700,0,VectorQKAddressAttention,4,1,True,True,True,0.007987,-0.231924,0.0,0.0,0.480581,0.2245,False,True
C6_N3_OOD_high_keys,2026091700,1,VectorQKAddressAttention,0,1,True,True,True,-1.615631,-2.33084,0.0,0.0,2.685931,0.871319,False,True
C6_N3_OOD_high_keys,2026091700,2,VectorQKAddressAttention,0,2,True,True,True,0.922329,-2.974643,0.0,0.0,0.277799,3.762609,False,False
C6_N3_OOD_high_keys,2026091700,3,VectorQKAddressAttention,1,2,True,True,True,2.43966,-2.773028,0.0,0.0,0.300708,5.053139,True,False
C6_N3_OOD_high_keys,2026091700,4,VectorQKAddressAttention,3,2,True,True,True,0.304567,-2.921605,0.0,0.0,0.853079,3.194261,False,False
C6_N3_OOD_high_keys,2026091700,5,VectorQKAddressAttention,3,0,True,True,True,-1.498788,-2.033739,0.0,0.0,0.701709,0.55133,True,False
C6_N3_OOD_high_keys,2026091700,6,VectorQKAddressAttention,3,1,True,True,True,-0.578617,-1.582704,0.0,0.0,0.801606,1.012373,True,False
C6_N3_OOD_high_keys,2026091700,7,VectorQKAddressAttention,2,3,True,True,True,0.225216,-1.173451,0.0,0.0,1.361165,1.373171,False,False
C6_N3_OOD_high_keys,2026091700,8,VectorQKAddressAttention,1,3,True,True,True,1.883666,2.555402,0.0,0.0,2.719157,0.534662,True,False
C6_N3_OOD_high_keys,2026091700,9,VectorQKAddressAttention,0,2,True,True,True,-2.2755,0.839655,0.0,0.0,0.494952,3.068891,True,False
