experiment,d,case,pair,theta_pi,seed,estimate,analytic,SE,CI_lo,CI_hi,status,note
E1,2,iso,P1,,20260904,0.49970000,0.50000000,0.00500000,0.48990000,0.50950000,PASS,
E1,2,iso,P1,,20260905,0.49380000,0.50000000,0.00499962,0.48400075,0.50359925,PASS,
E1,2,iso,P1,,20260906,0.50760000,0.50000000,0.00499942,0.49780113,0.51739887,PASS,
E1,2,iso,P2,,20260904,0.49980000,0.50000000,0.00500000,0.49000000,0.50960000,PASS,
E1,2,iso,P2,,20260905,0.49590000,0.50000000,0.00499983,0.48610033,0.50569967,PASS,
E1,2,iso,P2,,20260906,0.49610000,0.50000000,0.00499985,0.48630030,0.50589970,PASS,
E1,2,iso,P3,,20260904,0.49300000,0.50000000,0.00499951,0.48320096,0.50279904,PASS,
E1,2,iso,P3,,20260905,0.49480000,0.50000000,0.00499973,0.48500053,0.50459947,PASS,
E1,2,iso,P3,,20260906,0.49490000,0.50000000,0.00499974,0.48510051,0.50469949,PASS,
E1,3,iso,P1,,20260904,0.50590000,0.50000000,0.00499965,0.49610068,0.51569932,PASS,
E1,3,iso,P1,,20260905,0.49540000,0.50000000,0.00499979,0.48560041,0.50519959,PASS,
E1,3,iso,P1,,20260906,0.49290000,0.50000000,0.00499950,0.48310099,0.50269901,PASS,
E1,3,iso,P2,,20260904,0.50430000,0.50000000,0.00499982,0.49450036,0.51409964,PASS,
E1,3,iso,P2,,20260905,0.49200000,0.50000000,0.00499936,0.48220125,0.50179875,PASS,
E1,3,iso,P2,,20260906,0.49740000,0.50000000,0.00499993,0.48760013,0.50719987,PASS,
E1,3,iso,P3,,20260904,0.49850000,0.50000000,0.00499998,0.48870004,0.50829996,PASS,
E1,3,iso,P3,,20260905,0.49270000,0.50000000,0.00499947,0.48290104,0.50249896,PASS,
E1,3,iso,P3,,20260906,0.49870000,0.50000000,0.00499998,0.48890003,0.50849997,PASS,
E1,4,iso,P1,,20260904,0.50110000,0.50000000,0.00499999,0.49130002,0.51089998,PASS,
E1,4,iso,P1,,20260905,0.49450000,0.50000000,0.00499970,0.48470059,0.50429941,PASS,
E1,4,iso,P1,,20260906,0.49430000,0.50000000,0.00499968,0.48450064,0.50409936,PASS,
E1,4,iso,P2,,20260904,0.50180000,0.50000000,0.00499997,0.49200006,0.51159994,PASS,
E1,4,iso,P2,,20260905,0.49460000,0.50000000,0.00499971,0.48480057,0.50439943,PASS,
E1,4,iso,P2,,20260906,0.49450000,0.50000000,0.00499970,0.48470059,0.50429941,PASS,
E1,4,iso,P3,,20260904,0.50130000,0.50000000,0.00499998,0.49150003,0.51109997,PASS,
E1,4,iso,P3,,20260905,0.49280000,0.50000000,0.00499948,0.48300102,0.50259898,PASS,
E1,4,iso,P3,,20260906,0.49930000,0.50000000,0.00500000,0.48950001,0.50909999,PASS,
E1,8,iso,P1,,20260904,0.50070000,0.50000000,0.00500000,0.49090001,0.51049999,PASS,
E1,8,iso,P1,,20260905,0.50360000,0.50000000,0.00499987,0.49380025,0.51339975,PASS,
E1,8,iso,P1,,20260906,0.49550000,0.50000000,0.00499980,0.48570040,0.50529960,PASS,
E1,8,iso,P2,,20260904,0.49890000,0.50000000,0.00499999,0.48910002,0.50869998,PASS,
E1,8,iso,P2,,20260905,0.50370000,0.50000000,0.00499986,0.49390027,0.51349973,PASS,
E1,8,iso,P2,,20260906,0.49590000,0.50000000,0.00499983,0.48610033,0.50569967,PASS,
E1,8,iso,P3,,20260904,0.49760000,0.50000000,0.00499994,0.48780011,0.50739989,PASS,
E1,8,iso,P3,,20260905,0.50750000,0.50000000,0.00499944,0.49770110,0.51729890,PASS,
E1,8,iso,P3,,20260906,0.49420000,0.50000000,0.00499966,0.48440066,0.50399934,PASS,
E1,1,CaseA,S1,,20260904,0.00000000,0.00000000,,,,PASS,
E1,1,CaseB,S1,,20260904,0.49820000,0.50000000,0.00499997,0.48840006,0.50799994,PASS,
E1,1,CaseC,S1,,20260904,0.50220000,0.50000000,0.00499995,0.49240009,0.51199991,PASS,
E1,1,CaseA,S1,,20260905,0.00000000,0.00000000,,,,PASS,
E1,1,CaseB,S1,,20260905,0.50060000,0.50000000,0.00500000,0.49080001,0.51039999,PASS,
E1,1,CaseC,S1,,20260905,0.49000000,0.50000000,0.00499900,0.48020196,0.49979804,PASS,
E1,1,CaseA,S1,,20260906,0.00000000,0.00000000,,,,PASS,
E1,1,CaseB,S1,,20260906,0.49330000,0.50000000,0.00499955,0.48350088,0.50309912,PASS,
E1,1,CaseC,S1,,20260906,0.50420000,0.50000000,0.00499982,0.49440035,0.51399965,PASS,
E1,1,CaseA,S2,,20260904,0.00000000,0.00000000,,,,PASS,
E1,1,CaseB,S2,,20260904,0.49820000,0.50000000,0.00499997,0.48840006,0.50799994,PASS,
E1,1,CaseC,S2,,20260904,0.50220000,0.50000000,0.00499995,0.49240009,0.51199991,PASS,
E1,1,CaseA,S2,,20260905,0.00000000,0.00000000,,,,PASS,
E1,1,CaseB,S2,,20260905,0.50060000,0.50000000,0.00500000,0.49080001,0.51039999,PASS,
E1,1,CaseC,S2,,20260905,0.49000000,0.50000000,0.00499900,0.48020196,0.49979804,PASS,
E1,1,CaseA,S2,,20260906,0.00000000,0.00000000,,,,PASS,
E1,1,CaseB,S2,,20260906,0.49330000,0.50000000,0.00499955,0.48350088,0.50309912,PASS,
E1,1,CaseC,S2,,20260906,0.50420000,0.50000000,0.00499982,0.49440035,0.51399965,PASS,
E1,1,CaseA,S3,,20260904,1.00000000,1.00000000,,,,PASS,
E1,1,CaseB,S3,,20260904,0.50180000,0.50000000,0.00499997,0.49200006,0.51159994,PASS,
E1,1,CaseC,S3,,20260904,0.49780000,0.50000000,0.00499995,0.48800009,0.50759991,PASS,
E1,1,CaseA,S3,,20260905,1.00000000,1.00000000,,,,PASS,
E1,1,CaseB,S3,,20260905,0.49940000,0.50000000,0.00500000,0.48960001,0.50919999,PASS,
E1,1,CaseC,S3,,20260905,0.51000000,0.50000000,0.00499900,0.50020196,0.51979804,PASS,
E1,1,CaseA,S3,,20260906,1.00000000,1.00000000,,,,PASS,
E1,1,CaseB,S3,,20260906,0.50670000,0.50000000,0.00499955,0.49690088,0.51649912,PASS,
E1,1,CaseC,S3,,20260906,0.49580000,0.50000000,0.00499982,0.48600035,0.50559965,PASS,
E2,2,iso,P1,,20260904,0.50070000,0.50000000,0.00353553,0.49377036,0.50762964,PASS,
E2,2,iso,P1,,20260905,0.49560000,0.50000000,0.00353540,0.48867062,0.50252938,PASS,
E2,2,iso,P1,,20260906,0.50750000,0.50000000,0.00353514,0.50057113,0.51442887,PASS,
E2,2,iso,P2,,20260904,0.50270000,0.50000000,0.00353548,0.49577045,0.50962955,PASS,
E2,2,iso,P2,,20260905,0.49830000,0.50000000,0.00353551,0.49137039,0.50522961,PASS,
E2,2,iso,P2,,20260906,0.49920000,0.50000000,0.00353553,0.49227036,0.50612964,PASS,
E2,2,iso,P3,,20260904,0.49810000,0.50000000,0.00353551,0.49117040,0.50502960,PASS,
E2,2,iso,P3,,20260905,0.49900000,0.50000000,0.00353553,0.49207037,0.50592963,PASS,
E2,2,iso,P3,,20260906,0.49570000,0.50000000,0.00353540,0.48877061,0.50262939,PASS,
E2,3,iso,P1,,20260904,0.50440000,0.50000000,0.00353540,0.49747062,0.51132938,PASS,
E2,3,iso,P1,,20260905,0.50190000,0.50000000,0.00353551,0.49497040,0.50882960,PASS,
E2,3,iso,P1,,20260906,0.50550000,0.50000000,0.00353532,0.49857077,0.51242923,PASS,
E2,3,iso,P2,,20260904,0.49820000,0.50000000,0.00353551,0.49127040,0.50512960,PASS,
E2,3,iso,P2,,20260905,0.49660000,0.50000000,0.00353545,0.48967051,0.50352949,PASS,
E2,3,iso,P2,,20260906,0.50310000,0.50000000,0.00353547,0.49617049,0.51002951,PASS,
E2,3,iso,P3,,20260904,0.49100000,0.50000000,0.00353496,0.48407148,0.49792852,PASS,
E2,3,iso,P3,,20260905,0.49840000,0.50000000,0.00353552,0.49147039,0.50532961,PASS,
E2,3,iso,P3,,20260906,0.49790000,0.50000000,0.00353550,0.49097041,0.50482959,PASS,
E2,4,iso,P1,,20260904,0.50660000,0.50000000,0.00353523,0.49967096,0.51352904,PASS,
E2,4,iso,P1,,20260905,0.50460000,0.50000000,0.00353538,0.49767065,0.51152935,PASS,
E2,4,iso,P1,,20260906,0.50020000,0.50000000,0.00353553,0.49327035,0.50712965,PASS,
E2,4,iso,P2,,20260904,0.50330000,0.50000000,0.00353546,0.49637050,0.51022950,PASS,
E2,4,iso,P2,,20260905,0.50360000,0.50000000,0.00353544,0.49667053,0.51052947,PASS,
E2,4,iso,P2,,20260906,0.50360000,0.50000000,0.00353544,0.49667053,0.51052947,PASS,
E2,4,iso,P3,,20260904,0.50130000,0.50000000,0.00353552,0.49437038,0.50822962,PASS,
E2,4,iso,P3,,20260905,0.50400000,0.50000000,0.00353542,0.49707058,0.51092942,PASS,
E2,4,iso,P3,,20260906,0.50240000,0.50000000,0.00353549,0.49547043,0.50932957,PASS,
E2,8,iso,P1,,20260904,0.50180000,0.50000000,0.00353551,0.49487040,0.50872960,PASS,
E2,8,iso,P1,,20260905,0.49710000,0.50000000,0.00353547,0.49017047,0.50402953,PASS,
E2,8,iso,P1,,20260906,0.50050000,0.50000000,0.00353553,0.49357036,0.50742964,PASS,
E2,8,iso,P2,,20260904,0.50100000,0.50000000,0.00353553,0.49407037,0.50792963,PASS,
E2,8,iso,P2,,20260905,0.49530000,0.50000000,0.00353538,0.48837066,0.50222934,PASS,
E2,8,iso,P2,,20260906,0.49600000,0.50000000,0.00353542,0.48907058,0.50292942,PASS,
E2,8,iso,P3,,20260904,0.50180000,0.50000000,0.00353551,0.49487040,0.50872960,PASS,
E2,8,iso,P3,,20260905,0.50510000,0.50000000,0.00353535,0.49817071,0.51202929,PASS,
E2,8,iso,P3,,20260906,0.49960000,0.50000000,0.00353553,0.49267036,0.50652964,PASS,
E2,1,CaseA,S1,,20260904,0.00000000,0.00000000,,,,PASS,
E2,1,CaseB,S1,,20260904,0.50190000,0.50000000,0.00353551,0.49497040,0.50882960,PASS,
E2,1,CaseC,S1,,20260904,0.49820000,0.50000000,0.00353551,0.49127040,0.50512960,PASS,
E2,1,CaseA,S1,,20260905,0.00000000,0.00000000,,,,PASS,
E2,1,CaseB,S1,,20260905,0.50660000,0.50000000,0.00353523,0.49967096,0.51352904,PASS,
E2,1,CaseC,S1,,20260905,0.50470000,0.50000000,0.00353538,0.49777066,0.51162934,PASS,
E2,1,CaseA,S1,,20260906,0.00000000,0.00000000,,,,PASS,
E2,1,CaseB,S1,,20260906,0.50830000,0.50000000,0.00353505,0.50137131,0.51522869,PASS,
E2,1,CaseC,S1,,20260906,0.49650000,0.50000000,0.00353545,0.48957052,0.50342948,PASS,
E2,1,CaseA,S2,,20260904,0.00000000,0.00000000,,,,PASS,
E2,1,CaseB,S2,,20260904,0.50190000,0.50000000,0.00353551,0.49497040,0.50882960,PASS,
E2,1,CaseC,S2,,20260904,0.49820000,0.50000000,0.00353551,0.49127040,0.50512960,PASS,
E2,1,CaseA,S2,,20260905,0.00000000,0.00000000,,,,PASS,
E2,1,CaseB,S2,,20260905,0.50660000,0.50000000,0.00353523,0.49967096,0.51352904,PASS,
E2,1,CaseC,S2,,20260905,0.50470000,0.50000000,0.00353538,0.49777066,0.51162934,PASS,
E2,1,CaseA,S2,,20260906,0.00000000,0.00000000,,,,PASS,
E2,1,CaseB,S2,,20260906,0.50830000,0.50000000,0.00353505,0.50137131,0.51522869,PASS,
E2,1,CaseC,S2,,20260906,0.49650000,0.50000000,0.00353545,0.48957052,0.50342948,PASS,
E2,1,CaseA,S3,,20260904,0.00000000,0.00000000,,,,PASS,
E2,1,CaseB,S3,,20260904,0.50190000,0.50000000,0.00353551,0.49497040,0.50882960,PASS,
E2,1,CaseC,S3,,20260904,0.49820000,0.50000000,0.00353551,0.49127040,0.50512960,PASS,
E2,1,CaseA,S3,,20260905,0.00000000,0.00000000,,,,PASS,
E2,1,CaseB,S3,,20260905,0.50660000,0.50000000,0.00353523,0.49967096,0.51352904,PASS,
E2,1,CaseC,S3,,20260905,0.50470000,0.50000000,0.00353538,0.49777066,0.51162934,PASS,
E2,1,CaseA,S3,,20260906,0.00000000,0.00000000,,,,PASS,
E2,1,CaseB,S3,,20260906,0.50830000,0.50000000,0.00353505,0.50137131,0.51522869,PASS,
E2,1,CaseC,S3,,20260906,0.49650000,0.50000000,0.00353545,0.48957052,0.50342948,PASS,
E3,2,iso,equal-norm,0.0,20260904,0.00000000,0.00000000,0.00000000,0.00000000,0.00000000,PASS,
E3,2,iso,equal-norm,0.0,20260905,0.00000000,0.00000000,0.00000000,0.00000000,0.00000000,PASS,
E3,2,iso,equal-norm,0.0,20260906,0.00000000,0.00000000,0.00000000,0.00000000,0.00000000,PASS,
E3,2,iso,equal-norm,0.0833,20260904,0.08450000,0.08333333,0.00278136,0.07904853,0.08995147,PASS,
E3,2,iso,equal-norm,0.0833,20260905,0.09080000,0.08333333,0.00287324,0.08516844,0.09643156,PASS,
E3,2,iso,equal-norm,0.0833,20260906,0.08430000,0.08333333,0.00277837,0.07885439,0.08974561,PASS,
E3,2,iso,equal-norm,0.1667,20260904,0.16810000,0.16666667,0.00373955,0.16077048,0.17542952,PASS,
E3,2,iso,equal-norm,0.1667,20260905,0.17070000,0.16666667,0.00376247,0.16332557,0.17807443,PASS,
E3,2,iso,equal-norm,0.1667,20260906,0.16680000,0.16666667,0.00372797,0.15949317,0.17410683,PASS,
E3,2,iso,equal-norm,0.25,20260904,0.25220000,0.25000000,0.00434275,0.24368820,0.26071180,PASS,
E3,2,iso,equal-norm,0.25,20260905,0.25110000,0.25000000,0.00433646,0.24260054,0.25959946,PASS,
E3,2,iso,equal-norm,0.25,20260906,0.24610000,0.25000000,0.00430737,0.23765755,0.25454245,PASS,
E3,2,iso,equal-norm,0.3333,20260904,0.33700000,0.33333333,0.00472685,0.32773538,0.34626462,PASS,
E3,2,iso,equal-norm,0.3333,20260905,0.33500000,0.33333333,0.00471990,0.32574899,0.34425101,PASS,
E3,2,iso,equal-norm,0.3333,20260906,0.33010000,0.33333333,0.00470249,0.32088312,0.33931688,PASS,
E3,2,iso,equal-norm,0.5,20260904,0.50230000,0.50000000,0.00499995,0.49250010,0.51209990,PASS,
E3,2,iso,equal-norm,0.5,20260905,0.50570000,0.50000000,0.00499968,0.49590064,0.51549936,PASS,
E3,2,iso,equal-norm,0.5,20260906,0.49440000,0.50000000,0.00499969,0.48460061,0.50419939,PASS,
E3,2,iso,equal-norm,0.6667,20260904,0.67300000,0.66666667,0.00469117,0.66380530,0.68219470,PASS,
E3,2,iso,equal-norm,0.6667,20260905,0.66600000,0.66666667,0.00471640,0.65675586,0.67524414,PASS,
E3,2,iso,equal-norm,0.6667,20260906,0.66440000,0.66666667,0.00472200,0.65514488,0.67365512,PASS,
E3,2,iso,equal-norm,0.75,20260904,0.75360000,0.75000000,0.00430914,0.74515408,0.76204592,PASS,
E3,2,iso,equal-norm,0.75,20260905,0.74990000,0.75000000,0.00433070,0.74141182,0.75838818,PASS,
E3,2,iso,equal-norm,0.75,20260906,0.74370000,0.75000000,0.00436589,0.73514285,0.75225715,PASS,
E3,2,iso,equal-norm,0.8333,20260904,0.83800000,0.83333333,0.00368451,0.83077836,0.84522164,PASS,
E3,2,iso,equal-norm,0.8333,20260905,0.83150000,0.83333333,0.00374310,0.82416353,0.83883647,PASS,
E3,2,iso,equal-norm,0.8333,20260906,0.82850000,0.83333333,0.00376945,0.82111187,0.83588813,PASS,
E3,2,iso,equal-norm,0.9167,20260904,0.91870000,0.91666667,0.00273295,0.91334341,0.92405659,PASS,
E3,2,iso,equal-norm,0.9167,20260905,0.91300000,0.91666667,0.00281835,0.90747603,0.91852397,PASS,
E3,2,iso,equal-norm,0.9167,20260906,0.91490000,0.91666667,0.00279030,0.90943100,0.92036900,PASS,
E3,2,iso,equal-norm,1.0,20260904,1.00000000,1.00000000,0.00000000,1.00000000,1.00000000,PASS,
E3,2,iso,equal-norm,1.0,20260905,1.00000000,1.00000000,0.00000000,1.00000000,1.00000000,PASS,
E3,2,iso,equal-norm,1.0,20260906,1.00000000,1.00000000,0.00000000,1.00000000,1.00000000,PASS,
E3,3,iso,equal-norm,0.0,20260904,0.00000000,0.00000000,0.00000000,0.00000000,0.00000000,PASS,
E3,3,iso,equal-norm,0.0,20260905,0.00000000,0.00000000,0.00000000,0.00000000,0.00000000,PASS,
E3,3,iso,equal-norm,0.0,20260906,0.00000000,0.00000000,0.00000000,0.00000000,0.00000000,PASS,
E3,3,iso,equal-norm,0.0833,20260904,0.08390000,0.08333333,0.00277238,0.07846614,0.08933386,PASS,
E3,3,iso,equal-norm,0.0833,20260905,0.08350000,0.08333333,0.00276636,0.07807792,0.08892208,PASS,
E3,3,iso,equal-norm,0.0833,20260906,0.08940000,0.08333333,0.00285320,0.08380772,0.09499228,PASS,
E3,3,iso,equal-norm,0.1667,20260904,0.17050000,0.16666667,0.00376071,0.16312900,0.17787100,PASS,
E3,3,iso,equal-norm,0.1667,20260905,0.16880000,0.16666667,0.00374575,0.16145833,0.17614167,PASS,
E3,3,iso,equal-norm,0.1667,20260906,0.17370000,0.16666667,0.00378851,0.16627451,0.18112549,PASS,
E3,3,iso,equal-norm,0.25,20260904,0.25160000,0.25000000,0.00433933,0.24309492,0.26010508,PASS,
E3,3,iso,equal-norm,0.25,20260905,0.25430000,0.25000000,0.00435467,0.24576485,0.26283515,PASS,
E3,3,iso,equal-norm,0.25,20260906,0.25410000,0.25000000,0.00435354,0.24556706,0.26263294,PASS,
E3,3,iso,equal-norm,0.3333,20260904,0.33370000,0.33333333,0.00471534,0.32445793,0.34294207,PASS,
E3,3,iso,equal-norm,0.3333,20260905,0.33330000,0.33333333,0.00471393,0.32406070,0.34253930,PASS,
E3,3,iso,equal-norm,0.3333,20260906,0.33570000,0.33333333,0.00472235,0.32644420,0.34495580,PASS,
E3,3,iso,equal-norm,0.5,20260904,0.49410000,0.50000000,0.00499965,0.48430068,0.50389932,PASS,
E3,3,iso,equal-norm,0.5,20260905,0.50310000,0.50000000,0.00499990,0.49330019,0.51289981,PASS,
E3,3,iso,equal-norm,0.5,20260906,0.49900000,0.50000000,0.00499999,0.48920002,0.50879998,PASS,
E3,3,iso,equal-norm,0.6667,20260904,0.66560000,0.66666667,0.00471780,0.65635311,0.67484689,PASS,
E3,3,iso,equal-norm,0.6667,20260905,0.67050000,0.66666667,0.00470032,0.66128738,0.67971262,PASS,
E3,3,iso,equal-norm,0.6667,20260906,0.66790000,0.66666667,0.00470967,0.65866905,0.67713095,PASS,
E3,3,iso,equal-norm,0.75,20260904,0.74810000,0.75000000,0.00434104,0.73959156,0.75660844,PASS,
E3,3,iso,equal-norm,0.75,20260905,0.75310000,0.75000000,0.00431208,0.74464832,0.76155168,PASS,
E3,3,iso,equal-norm,0.75,20260906,0.74890000,0.75000000,0.00433646,0.74040054,0.75739946,PASS,
E3,3,iso,equal-norm,0.8333,20260904,0.83310000,0.83333333,0.00372887,0.82579142,0.84040858,PASS,
E3,3,iso,equal-norm,0.8333,20260905,0.83670000,0.83333333,0.00369639,0.82945507,0.84394493,PASS,
E3,3,iso,equal-norm,0.8333,20260906,0.82990000,0.83333333,0.00375721,0.82253588,0.83726412,PASS,
E3,3,iso,equal-norm,0.9167,20260904,0.91720000,0.91666667,0.00275580,0.91179864,0.92260136,PASS,
E3,3,iso,equal-norm,0.9167,20260905,0.91630000,0.91666667,0.00276937,0.91087203,0.92172797,PASS,
E3,3,iso,equal-norm,0.9167,20260906,0.91800000,0.91666667,0.00274365,0.91262245,0.92337755,PASS,
E3,3,iso,equal-norm,1.0,20260904,1.00000000,1.00000000,0.00000000,1.00000000,1.00000000,PASS,
E3,3,iso,equal-norm,1.0,20260905,1.00000000,1.00000000,0.00000000,1.00000000,1.00000000,PASS,
E3,3,iso,equal-norm,1.0,20260906,1.00000000,1.00000000,0.00000000,1.00000000,1.00000000,PASS,
E3,4,iso,equal-norm,0.0,20260904,0.00000000,0.00000000,0.00000000,0.00000000,0.00000000,PASS,
E3,4,iso,equal-norm,0.0,20260905,0.00000000,0.00000000,0.00000000,0.00000000,0.00000000,PASS,
E3,4,iso,equal-norm,0.0,20260906,0.00000000,0.00000000,0.00000000,0.00000000,0.00000000,PASS,
E3,4,iso,equal-norm,0.0833,20260904,0.08440000,0.08333333,0.00277987,0.07895146,0.08984854,PASS,
E3,4,iso,equal-norm,0.0833,20260905,0.08840000,0.08333333,0.00283876,0.08283604,0.09396396,PASS,
E3,4,iso,equal-norm,0.0833,20260906,0.08060000,0.08333333,0.00272220,0.07526449,0.08593551,PASS,
E3,4,iso,equal-norm,0.1667,20260904,0.17130000,0.16666667,0.00376771,0.16391529,0.17868471,PASS,
E3,4,iso,equal-norm,0.1667,20260905,0.17330000,0.16666667,0.00378506,0.16588127,0.18071873,PASS,
E3,4,iso,equal-norm,0.1667,20260906,0.16230000,0.16666667,0.00368726,0.15507297,0.16952703,PASS,
E3,4,iso,equal-norm,0.25,20260904,0.25390000,0.25000000,0.00435241,0.24536928,0.26243072,PASS,
E3,4,iso,equal-norm,0.25,20260905,0.25700000,0.25000000,0.00436979,0.24843520,0.26556480,PASS,
E3,4,iso,equal-norm,0.25,20260906,0.24160000,0.25000000,0.00428053,0.23321016,0.24998984,PASS,
E3,4,iso,equal-norm,0.3333,20260904,0.33400000,0.33333333,0.00471640,0.32475586,0.34324414,PASS,
E3,4,iso,equal-norm,0.3333,20260905,0.33820000,0.33333333,0.00473097,0.32892730,0.34747270,PASS,
E3,4,iso,equal-norm,0.3333,20260906,0.32460000,0.33333333,0.00468225,0.31542279,0.33377721,PASS,
E3,4,iso,equal-norm,0.5,20260904,0.50470000,0.50000000,0.00499978,0.49490043,0.51449957,PASS,
E3,4,iso,equal-norm,0.5,20260905,0.50400000,0.50000000,0.00499984,0.49420031,0.51379969,PASS,
E3,4,iso,equal-norm,0.5,20260906,0.49270000,0.50000000,0.00499947,0.48290104,0.50249896,PASS,
E3,4,iso,equal-norm,0.6667,20260904,0.67340000,0.66666667,0.00468970,0.66420820,0.68259180,PASS,
E3,4,iso,equal-norm,0.6667,20260905,0.66650000,0.66666667,0.00471463,0.65725932,0.67574068,PASS,
E3,4,iso,equal-norm,0.6667,20260906,0.65740000,0.66666667,0.00474579,0.64809825,0.66670175,PASS,
E3,4,iso,equal-norm,0.75,20260904,0.75000000,0.75000000,0.00433013,0.74151295,0.75848705,PASS,
E3,4,iso,equal-norm,0.75,20260905,0.75150000,0.75000000,0.00432143,0.74302999,0.75997001,PASS,
E3,4,iso,equal-norm,0.75,20260906,0.74270000,0.75000000,0.00437146,0.73413194,0.75126806,PASS,
E3,4,iso,equal-norm,0.8333,20260904,0.83270000,0.83333333,0.00373243,0.82538443,0.84001557,PASS,
E3,4,iso,equal-norm,0.8333,20260905,0.83380000,0.83333333,0.00372260,0.82650370,0.84109630,PASS,
E3,4,iso,equal-norm,0.8333,20260906,0.82620000,0.83333333,0.00378937,0.81877283,0.83362717,PASS,
E3,4,iso,equal-norm,0.9167,20260904,0.91690000,0.91666667,0.00276033,0.91148975,0.92231025,PASS,
E3,4,iso,equal-norm,0.9167,20260905,0.91550000,0.91666667,0.00278136,0.91004853,0.92095147,PASS,
E3,4,iso,equal-norm,0.9167,20260906,0.91450000,0.91666667,0.00279624,0.90901936,0.91998064,PASS,
E3,4,iso,equal-norm,1.0,20260904,1.00000000,1.00000000,0.00000000,1.00000000,1.00000000,PASS,
E3,4,iso,equal-norm,1.0,20260905,1.00000000,1.00000000,0.00000000,1.00000000,1.00000000,PASS,
E3,4,iso,equal-norm,1.0,20260906,1.00000000,1.00000000,0.00000000,1.00000000,1.00000000,PASS,
E3,8,iso,equal-norm,0.0,20260904,0.00000000,0.00000000,0.00000000,0.00000000,0.00000000,PASS,
E3,8,iso,equal-norm,0.0,20260905,0.00000000,0.00000000,0.00000000,0.00000000,0.00000000,PASS,
E3,8,iso,equal-norm,0.0,20260906,0.00000000,0.00000000,0.00000000,0.00000000,0.00000000,PASS,
E3,8,iso,equal-norm,0.0833,20260904,0.08130000,0.08333333,0.00273295,0.07594341,0.08665659,PASS,
E3,8,iso,equal-norm,0.0833,20260905,0.08680000,0.08333333,0.00281542,0.08128178,0.09231822,PASS,
E3,8,iso,equal-norm,0.0833,20260906,0.08360000,0.08333333,0.00276787,0.07817497,0.08902503,PASS,
E3,8,iso,equal-norm,0.1667,20260904,0.16410000,0.16666667,0.00370366,0.15684082,0.17135918,PASS,
E3,8,iso,equal-norm,0.1667,20260905,0.17270000,0.16666667,0.00377988,0.16529144,0.18010856,PASS,
E3,8,iso,equal-norm,0.1667,20260906,0.16850000,0.16666667,0.00374310,0.16116353,0.17583647,PASS,
E3,8,iso,equal-norm,0.25,20260904,0.25090000,0.25000000,0.00433531,0.24240279,0.25939721,PASS,
E3,8,iso,equal-norm,0.25,20260905,0.25590000,0.25000000,0.00436366,0.24734723,0.26445277,PASS,
E3,8,iso,equal-norm,0.25,20260906,0.25000000,0.25000000,0.00433013,0.24151295,0.25848705,PASS,
E3,8,iso,equal-norm,0.3333,20260904,0.33540000,0.33333333,0.00472130,0.32614625,0.34465375,PASS,
E3,8,iso,equal-norm,0.3333,20260905,0.34150000,0.33333333,0.00474213,0.33220543,0.35079457,PASS,
E3,8,iso,equal-norm,0.3333,20260906,0.33710000,0.33333333,0.00472719,0.32783470,0.34636530,PASS,
E3,8,iso,equal-norm,0.5,20260904,0.50400000,0.50000000,0.00499984,0.49420031,0.51379969,PASS,
E3,8,iso,equal-norm,0.5,20260905,0.50720000,0.50000000,0.00499948,0.49740102,0.51699898,PASS,
E3,8,iso,equal-norm,0.5,20260906,0.50120000,0.50000000,0.00499999,0.49140003,0.51099997,PASS,
E3,8,iso,equal-norm,0.6667,20260904,0.66910000,0.66666667,0.00470537,0.65987747,0.67832253,PASS,
E3,8,iso,equal-norm,0.6667,20260905,0.66880000,0.66666667,0.00470645,0.65957536,0.67802464,PASS,
E3,8,iso,equal-norm,0.6667,20260906,0.66320000,0.66666667,0.00472616,0.65393673,0.67246327,PASS,
E3,8,iso,equal-norm,0.75,20260904,0.75220000,0.75000000,0.00431735,0.74373799,0.76066201,PASS,
E3,8,iso,equal-norm,0.75,20260905,0.74990000,0.75000000,0.00433070,0.74141182,0.75838818,PASS,
E3,8,iso,equal-norm,0.75,20260906,0.74750000,0.75000000,0.00434446,0.73898485,0.75601515,PASS,
E3,8,iso,equal-norm,0.8333,20260904,0.83250000,0.83333333,0.00373422,0.82518094,0.83981906,PASS,
E3,8,iso,equal-norm,0.8333,20260905,0.83150000,0.83333333,0.00374310,0.82416353,0.83883647,PASS,
E3,8,iso,equal-norm,0.8333,20260906,0.82920000,0.83333333,0.00376334,0.82182385,0.83657615,PASS,
E3,8,iso,equal-norm,0.9167,20260904,0.91500000,0.91666667,0.00278882,0.90953392,0.92046608,PASS,
E3,8,iso,equal-norm,0.9167,20260905,0.92010000,0.91666667,0.00271138,0.91478569,0.92541431,PASS,
E3,8,iso,equal-norm,0.9167,20260906,0.91700000,0.91666667,0.00275882,0.91159271,0.92240729,PASS,
E3,8,iso,equal-norm,1.0,20260904,1.00000000,1.00000000,0.00000000,1.00000000,1.00000000,PASS,
E3,8,iso,equal-norm,1.0,20260905,1.00000000,1.00000000,0.00000000,1.00000000,1.00000000,PASS,
E3,8,iso,equal-norm,1.0,20260906,1.00000000,1.00000000,0.00000000,1.00000000,1.00000000,PASS,
E3b,2,iso,unequal-norm,0.1667,20260904,0.16810000,0.16666667,0.00373955,0.16077048,0.17542952,PASS,
E3b,2,iso,unequal-norm,0.1667,20260905,0.17070000,0.16666667,0.00376247,0.16332557,0.17807443,PASS,
E3b,2,iso,unequal-norm,0.1667,20260906,0.16680000,0.16666667,0.00372797,0.15949317,0.17410683,PASS,
E3b,2,iso,unequal-norm,0.5,20260904,0.50230000,0.50000000,0.00499995,0.49250010,0.51209990,PASS,
E3b,2,iso,unequal-norm,0.5,20260905,0.50570000,0.50000000,0.00499968,0.49590064,0.51549936,PASS,
E3b,2,iso,unequal-norm,0.5,20260906,0.49440000,0.50000000,0.00499969,0.48460061,0.50419939,PASS,
E3b,2,iso,unequal-norm,0.8333,20260904,0.83800000,0.83333333,0.00368451,0.83077836,0.84522164,PASS,
E3b,2,iso,unequal-norm,0.8333,20260905,0.83150000,0.83333333,0.00374310,0.82416353,0.83883647,PASS,
E3b,2,iso,unequal-norm,0.8333,20260906,0.82850000,0.83333333,0.00376945,0.82111187,0.83588813,PASS,
E3b,3,iso,unequal-norm,0.1667,20260904,0.17050000,0.16666667,0.00376071,0.16312900,0.17787100,PASS,
E3b,3,iso,unequal-norm,0.1667,20260905,0.16880000,0.16666667,0.00374575,0.16145833,0.17614167,PASS,
E3b,3,iso,unequal-norm,0.1667,20260906,0.17370000,0.16666667,0.00378851,0.16627451,0.18112549,PASS,
E3b,3,iso,unequal-norm,0.5,20260904,0.49410000,0.50000000,0.00499965,0.48430068,0.50389932,PASS,
E3b,3,iso,unequal-norm,0.5,20260905,0.50310000,0.50000000,0.00499990,0.49330019,0.51289981,PASS,
E3b,3,iso,unequal-norm,0.5,20260906,0.49900000,0.50000000,0.00499999,0.48920002,0.50879998,PASS,
E3b,3,iso,unequal-norm,0.8333,20260904,0.83310000,0.83333333,0.00372887,0.82579142,0.84040858,PASS,
E3b,3,iso,unequal-norm,0.8333,20260905,0.83670000,0.83333333,0.00369639,0.82945507,0.84394493,PASS,
E3b,3,iso,unequal-norm,0.8333,20260906,0.82990000,0.83333333,0.00375721,0.82253588,0.83726412,PASS,
E3b,4,iso,unequal-norm,0.1667,20260904,0.17130000,0.16666667,0.00376771,0.16391529,0.17868471,PASS,
E3b,4,iso,unequal-norm,0.1667,20260905,0.17330000,0.16666667,0.00378506,0.16588127,0.18071873,PASS,
E3b,4,iso,unequal-norm,0.1667,20260906,0.16230000,0.16666667,0.00368726,0.15507297,0.16952703,PASS,
E3b,4,iso,unequal-norm,0.5,20260904,0.50470000,0.50000000,0.00499978,0.49490043,0.51449957,PASS,
E3b,4,iso,unequal-norm,0.5,20260905,0.50400000,0.50000000,0.00499984,0.49420031,0.51379969,PASS,
E3b,4,iso,unequal-norm,0.5,20260906,0.49270000,0.50000000,0.00499947,0.48290104,0.50249896,PASS,
E3b,4,iso,unequal-norm,0.8333,20260904,0.83270000,0.83333333,0.00373243,0.82538443,0.84001557,PASS,
E3b,4,iso,unequal-norm,0.8333,20260905,0.83380000,0.83333333,0.00372260,0.82650370,0.84109630,PASS,
E3b,4,iso,unequal-norm,0.8333,20260906,0.82620000,0.83333333,0.00378937,0.81877283,0.83362717,PASS,
E3b,8,iso,unequal-norm,0.1667,20260904,0.16410000,0.16666667,0.00370366,0.15684082,0.17135918,PASS,
E3b,8,iso,unequal-norm,0.1667,20260905,0.17270000,0.16666667,0.00377988,0.16529144,0.18010856,PASS,
E3b,8,iso,unequal-norm,0.1667,20260906,0.16850000,0.16666667,0.00374310,0.16116353,0.17583647,PASS,
E3b,8,iso,unequal-norm,0.5,20260904,0.50400000,0.50000000,0.00499984,0.49420031,0.51379969,PASS,
E3b,8,iso,unequal-norm,0.5,20260905,0.50720000,0.50000000,0.00499948,0.49740102,0.51699898,PASS,
E3b,8,iso,unequal-norm,0.5,20260906,0.50120000,0.50000000,0.00499999,0.49140003,0.51099997,PASS,
E3b,8,iso,unequal-norm,0.8333,20260904,0.83250000,0.83333333,0.00373422,0.82518094,0.83981906,PASS,
E3b,8,iso,unequal-norm,0.8333,20260905,0.83150000,0.83333333,0.00374310,0.82416353,0.83883647,PASS,
E3b,8,iso,unequal-norm,0.8333,20260906,0.82920000,0.83333333,0.00376334,0.82182385,0.83657615,PASS,
E3,1,CaseA,S1,,20260904,0.00000000,0.00000000,,,,PASS,
E3,1,CaseB,S1,,20260904,0.50570000,0.50000000,0.00499968,0.49590064,0.51549936,PASS,
E3,1,CaseA,S1,,20260905,0.00000000,0.00000000,,,,PASS,
E3,1,CaseB,S1,,20260905,0.49400000,0.50000000,0.00499964,0.48420071,0.50379929,PASS,
E3,1,CaseA,S1,,20260906,0.00000000,0.00000000,,,,PASS,
E3,1,CaseB,S1,,20260906,0.49650000,0.50000000,0.00499988,0.48670024,0.50629976,PASS,
E3,1,CaseC,"Q=(+1,+1)",,det,0.00000000,0.00000000,,,,PASS,
E3,1,CaseC,"Q=(+1,-1)",,det,1.00000000,1.00000000,,,,PASS,
E4,1,CaseA-trap,fixed,,closed-form,0.07505289,0.05000000,,,,PASS,JSD>0.05 assertion
E4,1,CaseA-trap,fixed,,closed-form,0.00000000,0.00000000,,,,PASS,flip==0 assertion
E4,2,flip-case,fixed,120.0,closed-form,0.06471342,0.05000000,,,,PASS,JSD>0.05 assertion
E4,2,flip-case,fixed,120.0,closed-form,1.00000000,1.00000000,,,,PASS,flip==1 assertion
E4,2,no-flip-case(iii),fixed,30.0,closed-form,0.00045439,0.00050000,,,,PROTOCOL-FAIL / NUMERICAL-PASS,Amendment 1: original prediction 0.00103 INVALID (arithmetic error); exact closed form 0.00045439; agreement with corrected benchmark < 5e-4; flip==0 (False)
E4,2,no-flip-case(iii),fixed,30.0,closed-form,0.00045439,0.00045439,,,,PASS,independent entropy-identity path
E4,2,no-flip-case(iii),fixed,30.0,closed-form,0.00000000,0.00000000,,,,PASS,flip==0 qualitative claim
E4,2,ensemble,fixed,90.0,20260904,0.99980000,1.00000000,,,,PASS,P[JSD>1e-9] >= 0.999 assertion
E4,2,ensemble,fixed,90.0,20260904,0.50230000,0.50000000,0.00499995,0.49250010,0.51209990,PASS,
E4,2,ensemble,fixed,90.0,20260905,0.99980000,1.00000000,,,,PASS,P[JSD>1e-9] >= 0.999 assertion
E4,2,ensemble,fixed,90.0,20260905,0.50570000,0.50000000,0.00499968,0.49590064,0.51549936,PASS,
E4,2,ensemble,fixed,90.0,20260906,0.99990000,1.00000000,,,,PASS,P[JSD>1e-9] >= 0.999 assertion
E4,2,ensemble,fixed,90.0,20260906,0.49440000,0.50000000,0.00499969,0.48460061,0.50419939,PASS,
E6,2,dense-MC,M3,,20260904,6.00000000,6.00000000,,,,PASS,distinct orderings == exact arrangement count
E6,2,dense-MC,M4,,20260904,12.00000000,12.00000000,,,,PASS,distinct orderings == exact arrangement count
