task,metric,metric_label,baseline,baseline_mean,baseline_std,baseline_CI_lo,baseline_CI_hi,TAN_mean,TAN_std,TAN_CI_lo,TAN_CI_hi,t_stat,t_p,wilcoxon_p,cohens_d,d_interp,sig,verdict
A,decay_time,"Decay Time (steps, higher=better)",LIF,0.0,0.0,0.0,0.0,8.0,0.0,8.0,8.0,inf,0.0,6.856641447475644e-18,1000.0,extreme,***,WIN
A,decay_time,"Decay Time (steps, higher=better)",AdaptiveLIF,0.0,0.0,0.0,0.0,8.0,0.0,8.0,8.0,inf,0.0,6.856641447475644e-18,1000.0,extreme,***,WIN
A,decay_time,"Decay Time (steps, higher=better)",RNN,8.0,0.0,8.0,8.0,8.0,0.0,8.0,8.0,,,1.0,0.0,negligible,ns,TIE
A,decay_time,"Decay Time (steps, higher=better)",GRU,7.0,0.0,7.0,7.0,8.0,0.0,8.0,8.0,inf,0.0,6.856641447475644e-18,1000.0,extreme,***,WIN
B,false_spike_rate,False Spike Rate (lower=better),LIF,0.5065,0.025659664209551524,0.49950000000000006,0.5135000000000001,0.2645,0.033915410981452315,0.255,0.274,-40.23650813306106,7.225941479519349e-60,6.856641447475644e-18,-8.047301626612212,very large,***,WIN
B,false_spike_rate,False Spike Rate (lower=better),AdaptiveLIF,0.31999999999999995,0.015152288168283163,0.316,0.324,0.2645,0.033915410981452315,0.255,0.274,-10.564830363001644,5.701876639523317e-16,1.8508119437323456e-13,-2.1129660726003285,very large,***,WIN
B,false_spike_rate,False Spike Rate (lower=better),RNN,0.24150000000000005,0.06954847083810231,0.2225,0.261,0.2645,0.033915410981452315,0.255,0.274,2.101838422668683,0.039113364764923046,0.05530378168750094,0.4203676845337367,small,ns,TIE
B,false_spike_rate,False Spike Rate (lower=better),GRU,0.11900000000000001,0.05793205027426175,0.1035,0.1355,0.2645,0.033915410981452315,0.255,0.274,15.326190101541469,2.1798001758144635e-25,3.7913091067288977e-16,3.0652380203082936,very large,***,LOSS
C,final_err,Final Error (lower=better),LIF,34.00000000000004,0.0,34.00000000000004,34.00000000000004,5.9999999999999725,8.97195690676443e-16,5.9999999999999725,5.9999999999999725,-2.2067638174115485e+17,0.0,6.856641447475644e-18,-1000.0,extreme,***,WIN
C,final_err,Final Error (lower=better),AdaptiveLIF,34.0,0.0,34.0,34.0,5.9999999999999725,8.97195690676443e-16,5.9999999999999725,5.9999999999999725,-2.206763817411545e+17,0.0,6.856641447475644e-18,-1000.0,extreme,***,WIN
C,final_err,Final Error (lower=better),RNN,5.9999999999999725,8.97195690676443e-16,5.9999999999999725,5.9999999999999725,5.9999999999999725,8.97195690676443e-16,5.9999999999999725,5.9999999999999725,0.0,1.0,1.0,0.0,negligible,ns,TIE
C,final_err,Final Error (lower=better),GRU,5.9999999999999725,8.97195690676443e-16,5.9999999999999725,5.9999999999999725,5.9999999999999725,8.97195690676443e-16,5.9999999999999725,5.9999999999999725,0.0,1.0,1.0,0.0,negligible,ns,TIE
D,final_err,Final Error (lower=better),LIF,37.83996990800288,1.2674860194144972,37.47998871555527,38.199951100455344,13.006782670879266,5.899269538943805,11.34728215565735,14.611835120287125,-29.101785747459555,1.7570050160118323e-34,6.856641447475644e-18,-5.820357149491912,very large,***,WIN
D,final_err,Final Error (lower=better),AdaptiveLIF,36.759938183177454,1.0605387164868452,36.479938183236854,37.039950152576886,13.006782670879266,5.899269538943805,11.34728215565735,14.611835120287125,-28.02212946584927,4.0842210854040934e-33,6.856641447475644e-18,-5.6044258931698545,very large,***,WIN
D,final_err,Final Error (lower=better),RNN,15.4,2.070196678027066,14.879999999999997,16.0,13.006782670879266,5.899269538943805,11.34728215565735,14.611835120287125,-2.706764311894922,0.008803876041303811,0.0036236425715922894,-0.5413528623789844,medium,**,TIE
D,final_err,Final Error (lower=better),GRU,30.0,0.0,30.0,30.0,13.006782670879266,5.899269538943805,11.34728215565735,14.611835120287125,-20.36865603152174,1.4477177390646608e-25,6.856641447475644e-18,-4.073731206304349,very large,***,WIN
