task,model,seed,decay_time,total_spikes,early_spikes,false_spike_rate,final_err,convergence,final_pos
A,LIF,0,0.0,0,0.0,,,,
A,AdaptiveLIF,0,0.0,0,0.0,,,,
A,RNN,0,8.0,5,2.0,,,,
A,GRU,0,7.0,5,2.0,,,,
A,TAN,0,8.0,5,2.0,,,,
A,LIF,1,0.0,0,0.0,,,,
A,AdaptiveLIF,1,0.0,0,0.0,,,,
A,RNN,1,8.0,5,2.0,,,,
A,GRU,1,7.0,5,2.0,,,,
A,TAN,1,8.0,5,2.0,,,,
A,LIF,2,0.0,0,0.0,,,,
A,AdaptiveLIF,2,0.0,0,0.0,,,,
A,RNN,2,8.0,5,2.0,,,,
A,GRU,2,7.0,5,2.0,,,,
A,TAN,2,8.0,5,2.0,,,,
A,LIF,3,0.0,0,0.0,,,,
A,AdaptiveLIF,3,0.0,0,0.0,,,,
A,RNN,3,8.0,5,2.0,,,,
A,GRU,3,7.0,5,2.0,,,,
A,TAN,3,8.0,5,2.0,,,,
A,LIF,4,0.0,0,0.0,,,,
A,AdaptiveLIF,4,0.0,0,0.0,,,,
A,RNN,4,8.0,5,2.0,,,,
A,GRU,4,7.0,5,2.0,,,,
A,TAN,4,8.0,5,2.0,,,,
A,LIF,5,0.0,0,0.0,,,,
A,AdaptiveLIF,5,0.0,0,0.0,,,,
A,RNN,5,8.0,5,2.0,,,,
A,GRU,5,7.0,5,2.0,,,,
A,TAN,5,8.0,5,2.0,,,,
A,LIF,6,0.0,0,0.0,,,,
A,AdaptiveLIF,6,0.0,0,0.0,,,,
A,RNN,6,8.0,5,2.0,,,,
A,GRU,6,7.0,5,2.0,,,,
A,TAN,6,8.0,5,2.0,,,,
A,LIF,7,0.0,0,0.0,,,,
A,AdaptiveLIF,7,0.0,0,0.0,,,,
A,RNN,7,8.0,5,2.0,,,,
A,GRU,7,7.0,5,2.0,,,,
A,TAN,7,8.0,5,2.0,,,,
A,LIF,8,0.0,0,0.0,,,,
A,AdaptiveLIF,8,0.0,0,0.0,,,,
A,RNN,8,8.0,5,2.0,,,,
A,GRU,8,7.0,5,2.0,,,,
A,TAN,8,8.0,5,2.0,,,,
A,LIF,9,0.0,0,0.0,,,,
A,AdaptiveLIF,9,0.0,0,0.0,,,,
A,RNN,9,8.0,5,2.0,,,,
A,GRU,9,7.0,5,2.0,,,,
A,TAN,9,8.0,5,2.0,,,,
A,LIF,10,0.0,0,0.0,,,,
A,AdaptiveLIF,10,0.0,0,0.0,,,,
A,RNN,10,8.0,5,2.0,,,,
A,GRU,10,7.0,5,2.0,,,,
A,TAN,10,8.0,5,2.0,,,,
A,LIF,11,0.0,0,0.0,,,,
A,AdaptiveLIF,11,0.0,0,0.0,,,,
A,RNN,11,8.0,5,2.0,,,,
A,GRU,11,7.0,5,2.0,,,,
A,TAN,11,8.0,5,2.0,,,,
A,LIF,12,0.0,0,0.0,,,,
A,AdaptiveLIF,12,0.0,0,0.0,,,,
A,RNN,12,8.0,5,2.0,,,,
A,GRU,12,7.0,5,2.0,,,,
A,TAN,12,8.0,5,2.0,,,,
A,LIF,13,0.0,0,0.0,,,,
A,AdaptiveLIF,13,0.0,0,0.0,,,,
A,RNN,13,8.0,5,2.0,,,,
A,GRU,13,7.0,5,2.0,,,,
A,TAN,13,8.0,5,2.0,,,,
A,LIF,14,0.0,0,0.0,,,,
A,AdaptiveLIF,14,0.0,0,0.0,,,,
A,RNN,14,8.0,5,2.0,,,,
A,GRU,14,7.0,5,2.0,,,,
A,TAN,14,8.0,5,2.0,,,,
A,LIF,15,0.0,0,0.0,,,,
A,AdaptiveLIF,15,0.0,0,0.0,,,,
A,RNN,15,8.0,5,2.0,,,,
A,GRU,15,7.0,5,2.0,,,,
A,TAN,15,8.0,5,2.0,,,,
A,LIF,16,0.0,0,0.0,,,,
A,AdaptiveLIF,16,0.0,0,0.0,,,,
A,RNN,16,8.0,5,2.0,,,,
A,GRU,16,7.0,5,2.0,,,,
A,TAN,16,8.0,5,2.0,,,,
A,LIF,17,0.0,0,0.0,,,,
A,AdaptiveLIF,17,0.0,0,0.0,,,,
A,RNN,17,8.0,5,2.0,,,,
A,GRU,17,7.0,5,2.0,,,,
A,TAN,17,8.0,5,2.0,,,,
A,LIF,18,0.0,0,0.0,,,,
A,AdaptiveLIF,18,0.0,0,0.0,,,,
A,RNN,18,8.0,5,2.0,,,,
A,GRU,18,7.0,5,2.0,,,,
A,TAN,18,8.0,5,2.0,,,,
A,LIF,19,0.0,0,0.0,,,,
A,AdaptiveLIF,19,0.0,0,0.0,,,,
A,RNN,19,8.0,5,2.0,,,,
A,GRU,19,7.0,5,2.0,,,,
A,TAN,19,8.0,5,2.0,,,,
A,LIF,20,0.0,0,0.0,,,,
A,AdaptiveLIF,20,0.0,0,0.0,,,,
A,RNN,20,8.0,5,2.0,,,,
A,GRU,20,7.0,5,2.0,,,,
A,TAN,20,8.0,5,2.0,,,,
A,LIF,21,0.0,0,0.0,,,,
A,AdaptiveLIF,21,0.0,0,0.0,,,,
A,RNN,21,8.0,5,2.0,,,,
A,GRU,21,7.0,5,2.0,,,,
A,TAN,21,8.0,5,2.0,,,,
A,LIF,22,0.0,0,0.0,,,,
A,AdaptiveLIF,22,0.0,0,0.0,,,,
A,RNN,22,8.0,5,2.0,,,,
A,GRU,22,7.0,5,2.0,,,,
A,TAN,22,8.0,5,2.0,,,,
A,LIF,23,0.0,0,0.0,,,,
A,AdaptiveLIF,23,0.0,0,0.0,,,,
A,RNN,23,8.0,5,2.0,,,,
A,GRU,23,7.0,5,2.0,,,,
A,TAN,23,8.0,5,2.0,,,,
A,LIF,24,0.0,0,0.0,,,,
A,AdaptiveLIF,24,0.0,0,0.0,,,,
A,RNN,24,8.0,5,2.0,,,,
A,GRU,24,7.0,5,2.0,,,,
A,TAN,24,8.0,5,2.0,,,,
A,LIF,25,0.0,0,0.0,,,,
A,AdaptiveLIF,25,0.0,0,0.0,,,,
A,RNN,25,8.0,5,2.0,,,,
A,GRU,25,7.0,5,2.0,,,,
A,TAN,25,8.0,5,2.0,,,,
A,LIF,26,0.0,0,0.0,,,,
A,AdaptiveLIF,26,0.0,0,0.0,,,,
A,RNN,26,8.0,5,2.0,,,,
A,GRU,26,7.0,5,2.0,,,,
A,TAN,26,8.0,5,2.0,,,,
A,LIF,27,0.0,0,0.0,,,,
A,AdaptiveLIF,27,0.0,0,0.0,,,,
A,RNN,27,8.0,5,2.0,,,,
A,GRU,27,7.0,5,2.0,,,,
A,TAN,27,8.0,5,2.0,,,,
A,LIF,28,0.0,0,0.0,,,,
A,AdaptiveLIF,28,0.0,0,0.0,,,,
A,RNN,28,8.0,5,2.0,,,,
A,GRU,28,7.0,5,2.0,,,,
A,TAN,28,8.0,5,2.0,,,,
A,LIF,29,0.0,0,0.0,,,,
A,AdaptiveLIF,29,0.0,0,0.0,,,,
A,RNN,29,8.0,5,2.0,,,,
A,GRU,29,7.0,5,2.0,,,,
A,TAN,29,8.0,5,2.0,,,,
A,LIF,30,0.0,0,0.0,,,,
A,AdaptiveLIF,30,0.0,0,0.0,,,,
A,RNN,30,8.0,5,2.0,,,,
A,GRU,30,7.0,5,2.0,,,,
A,TAN,30,8.0,5,2.0,,,,
A,LIF,31,0.0,0,0.0,,,,
A,AdaptiveLIF,31,0.0,0,0.0,,,,
A,RNN,31,8.0,5,2.0,,,,
A,GRU,31,7.0,5,2.0,,,,
A,TAN,31,8.0,5,2.0,,,,
A,LIF,32,0.0,0,0.0,,,,
A,AdaptiveLIF,32,0.0,0,0.0,,,,
A,RNN,32,8.0,5,2.0,,,,
A,GRU,32,7.0,5,2.0,,,,
A,TAN,32,8.0,5,2.0,,,,
A,LIF,33,0.0,0,0.0,,,,
A,AdaptiveLIF,33,0.0,0,0.0,,,,
A,RNN,33,8.0,5,2.0,,,,
A,GRU,33,7.0,5,2.0,,,,
A,TAN,33,8.0,5,2.0,,,,
A,LIF,34,0.0,0,0.0,,,,
A,AdaptiveLIF,34,0.0,0,0.0,,,,
A,RNN,34,8.0,5,2.0,,,,
A,GRU,34,7.0,5,2.0,,,,
A,TAN,34,8.0,5,2.0,,,,
A,LIF,35,0.0,0,0.0,,,,
A,AdaptiveLIF,35,0.0,0,0.0,,,,
A,RNN,35,8.0,5,2.0,,,,
A,GRU,35,7.0,5,2.0,,,,
A,TAN,35,8.0,5,2.0,,,,
A,LIF,36,0.0,0,0.0,,,,
A,AdaptiveLIF,36,0.0,0,0.0,,,,
A,RNN,36,8.0,5,2.0,,,,
A,GRU,36,7.0,5,2.0,,,,
A,TAN,36,8.0,5,2.0,,,,
A,LIF,37,0.0,0,0.0,,,,
A,AdaptiveLIF,37,0.0,0,0.0,,,,
A,RNN,37,8.0,5,2.0,,,,
A,GRU,37,7.0,5,2.0,,,,
A,TAN,37,8.0,5,2.0,,,,
A,LIF,38,0.0,0,0.0,,,,
A,AdaptiveLIF,38,0.0,0,0.0,,,,
A,RNN,38,8.0,5,2.0,,,,
A,GRU,38,7.0,5,2.0,,,,
A,TAN,38,8.0,5,2.0,,,,
A,LIF,39,0.0,0,0.0,,,,
A,AdaptiveLIF,39,0.0,0,0.0,,,,
A,RNN,39,8.0,5,2.0,,,,
A,GRU,39,7.0,5,2.0,,,,
A,TAN,39,8.0,5,2.0,,,,
A,LIF,40,0.0,0,0.0,,,,
A,AdaptiveLIF,40,0.0,0,0.0,,,,
A,RNN,40,8.0,5,2.0,,,,
A,GRU,40,7.0,5,2.0,,,,
A,TAN,40,8.0,5,2.0,,,,
A,LIF,41,0.0,0,0.0,,,,
A,AdaptiveLIF,41,0.0,0,0.0,,,,
A,RNN,41,8.0,5,2.0,,,,
A,GRU,41,7.0,5,2.0,,,,
A,TAN,41,8.0,5,2.0,,,,
A,LIF,42,0.0,0,0.0,,,,
A,AdaptiveLIF,42,0.0,0,0.0,,,,
A,RNN,42,8.0,5,2.0,,,,
A,GRU,42,7.0,5,2.0,,,,
A,TAN,42,8.0,5,2.0,,,,
A,LIF,43,0.0,0,0.0,,,,
A,AdaptiveLIF,43,0.0,0,0.0,,,,
A,RNN,43,8.0,5,2.0,,,,
A,GRU,43,7.0,5,2.0,,,,
A,TAN,43,8.0,5,2.0,,,,
A,LIF,44,0.0,0,0.0,,,,
A,AdaptiveLIF,44,0.0,0,0.0,,,,
A,RNN,44,8.0,5,2.0,,,,
A,GRU,44,7.0,5,2.0,,,,
A,TAN,44,8.0,5,2.0,,,,
A,LIF,45,0.0,0,0.0,,,,
A,AdaptiveLIF,45,0.0,0,0.0,,,,
A,RNN,45,8.0,5,2.0,,,,
A,GRU,45,7.0,5,2.0,,,,
A,TAN,45,8.0,5,2.0,,,,
A,LIF,46,0.0,0,0.0,,,,
A,AdaptiveLIF,46,0.0,0,0.0,,,,
A,RNN,46,8.0,5,2.0,,,,
A,GRU,46,7.0,5,2.0,,,,
A,TAN,46,8.0,5,2.0,,,,
A,LIF,47,0.0,0,0.0,,,,
A,AdaptiveLIF,47,0.0,0,0.0,,,,
A,RNN,47,8.0,5,2.0,,,,
A,GRU,47,7.0,5,2.0,,,,
A,TAN,47,8.0,5,2.0,,,,
A,LIF,48,0.0,0,0.0,,,,
A,AdaptiveLIF,48,0.0,0,0.0,,,,
A,RNN,48,8.0,5,2.0,,,,
A,GRU,48,7.0,5,2.0,,,,
A,TAN,48,8.0,5,2.0,,,,
A,LIF,49,0.0,0,0.0,,,,
A,AdaptiveLIF,49,0.0,0,0.0,,,,
A,RNN,49,8.0,5,2.0,,,,
A,GRU,49,7.0,5,2.0,,,,
A,TAN,49,8.0,5,2.0,,,,
B,LIF,0,,24,,0.5,,,
B,AdaptiveLIF,0,,15,,0.3,,,
B,RNN,0,,10,,0.2,,,
B,GRU,0,,12,,0.2,,,
B,TAN,0,,13,,0.225,,,
B,LIF,1,,23,,0.525,,,
B,AdaptiveLIF,1,,15,,0.325,,,
B,RNN,1,,11,,0.2,,,
B,GRU,1,,8,,0.125,,,
B,TAN,1,,12,,0.225,,,
B,LIF,2,,23,,0.525,,,
B,AdaptiveLIF,2,,15,,0.325,,,
B,RNN,2,,13,,0.275,,,
B,GRU,2,,4,,0.05,,,
B,TAN,2,,13,,0.25,,,
B,LIF,3,,21,,0.475,,,
B,AdaptiveLIF,3,,14,,0.3,,,
B,RNN,3,,11,,0.225,,,
B,GRU,3,,8,,0.15,,,
B,TAN,3,,14,,0.3,,,
B,LIF,4,,23,,0.5,,,
B,AdaptiveLIF,4,,14,,0.3,,,
B,RNN,4,,13,,0.25,,,
B,GRU,4,,10,,0.175,,,
B,TAN,4,,14,,0.275,,,
B,LIF,5,,24,,0.525,,,
B,AdaptiveLIF,5,,16,,0.35,,,
B,RNN,5,,17,,0.35,,,
B,GRU,5,,6,,0.075,,,
B,TAN,5,,11,,0.2,,,
B,LIF,6,,24,,0.525,,,
B,AdaptiveLIF,6,,16,,0.325,,,
B,RNN,6,,12,,0.225,,,
B,GRU,6,,6,,0.1,,,
B,TAN,6,,15,,0.275,,,
B,LIF,7,,23,,0.525,,,
B,AdaptiveLIF,7,,15,,0.325,,,
B,RNN,7,,10,,0.2,,,
B,GRU,7,,10,,0.175,,,
B,TAN,7,,14,,0.275,,,
B,LIF,8,,22,,0.475,,,
B,AdaptiveLIF,8,,16,,0.325,,,
B,RNN,8,,10,,0.225,,,
B,GRU,8,,10,,0.175,,,
B,TAN,8,,13,,0.275,,,
B,LIF,9,,24,,0.5,,,
B,AdaptiveLIF,9,,15,,0.3,,,
B,RNN,9,,15,,0.325,,,
B,GRU,9,,10,,0.2,,,
B,TAN,9,,15,,0.275,,,
B,LIF,10,,23,,0.5,,,
B,AdaptiveLIF,10,,17,,0.35,,,
B,RNN,10,,19,,0.4,,,
B,GRU,10,,10,,0.175,,,
B,TAN,10,,11,,0.2,,,
B,LIF,11,,22,,0.475,,,
B,AdaptiveLIF,11,,15,,0.325,,,
B,RNN,11,,9,,0.175,,,
B,GRU,11,,7,,0.1,,,
B,TAN,11,,12,,0.225,,,
B,LIF,12,,22,,0.475,,,
B,AdaptiveLIF,12,,15,,0.3,,,
B,RNN,12,,12,,0.275,,,
B,GRU,12,,3,,0.025,,,
B,TAN,12,,12,,0.225,,,
B,LIF,13,,25,,0.55,,,
B,AdaptiveLIF,13,,16,,0.325,,,
B,RNN,13,,11,,0.225,,,
B,GRU,13,,13,,0.25,,,
B,TAN,13,,14,,0.25,,,
B,LIF,14,,23,,0.525,,,
B,AdaptiveLIF,14,,15,,0.325,,,
B,RNN,14,,9,,0.15,,,
B,GRU,14,,9,,0.15,,,
B,TAN,14,,13,,0.25,,,
B,LIF,15,,25,,0.55,,,
B,AdaptiveLIF,15,,15,,0.3,,,
B,RNN,15,,14,,0.275,,,
B,GRU,15,,8,,0.15,,,
B,TAN,15,,17,,0.325,,,
B,LIF,16,,24,,0.525,,,
B,AdaptiveLIF,16,,16,,0.35,,,
B,RNN,16,,16,,0.35,,,
B,GRU,16,,10,,0.175,,,
B,TAN,16,,15,,0.3,,,
B,LIF,17,,22,,0.5,,,
B,AdaptiveLIF,17,,15,,0.325,,,
B,RNN,17,,5,,0.1,,,
B,GRU,17,,8,,0.15,,,
B,TAN,17,,12,,0.25,,,
B,LIF,18,,23,,0.5,,,
B,AdaptiveLIF,18,,15,,0.3,,,
B,RNN,18,,9,,0.15,,,
B,GRU,18,,9,,0.125,,,
B,TAN,18,,15,,0.275,,,
B,LIF,19,,25,,0.575,,,
B,AdaptiveLIF,19,,15,,0.325,,,
B,RNN,19,,12,,0.25,,,
B,GRU,19,,6,,0.1,,,
B,TAN,19,,14,,0.3,,,
B,LIF,20,,22,,0.475,,,
B,AdaptiveLIF,20,,15,,0.325,,,
B,RNN,20,,13,,0.25,,,
B,GRU,20,,8,,0.125,,,
B,TAN,20,,17,,0.3,,,
B,LIF,21,,23,,0.5,,,
B,AdaptiveLIF,21,,15,,0.325,,,
B,RNN,21,,17,,0.35,,,
B,GRU,21,,7,,0.075,,,
B,TAN,21,,14,,0.3,,,
B,LIF,22,,23,,0.5,,,
B,AdaptiveLIF,22,,15,,0.3,,,
B,RNN,22,,8,,0.1,,,
B,GRU,22,,9,,0.125,,,
B,TAN,22,,14,,0.25,,,
B,LIF,23,,23,,0.525,,,
B,AdaptiveLIF,23,,15,,0.325,,,
B,RNN,23,,15,,0.325,,,
B,GRU,23,,6,,0.075,,,
B,TAN,23,,13,,0.275,,,
B,LIF,24,,24,,0.525,,,
B,AdaptiveLIF,24,,16,,0.325,,,
B,RNN,24,,15,,0.275,,,
B,GRU,24,,7,,0.1,,,
B,TAN,24,,14,,0.25,,,
B,LIF,25,,24,,0.55,,,
B,AdaptiveLIF,25,,16,,0.35,,,
B,RNN,25,,15,,0.3,,,
B,GRU,25,,6,,0.1,,,
B,TAN,25,,14,,0.3,,,
B,LIF,26,,22,,0.475,,,
B,AdaptiveLIF,26,,16,,0.325,,,
B,RNN,26,,15,,0.325,,,
B,GRU,26,,6,,0.075,,,
B,TAN,26,,11,,0.2,,,
B,LIF,27,,25,,0.55,,,
B,AdaptiveLIF,27,,16,,0.35,,,
B,RNN,27,,12,,0.275,,,
B,GRU,27,,6,,0.1,,,
B,TAN,27,,14,,0.3,,,
B,LIF,28,,22,,0.475,,,
B,AdaptiveLIF,28,,16,,0.325,,,
B,RNN,28,,14,,0.325,,,
B,GRU,28,,5,,0.05,,,
B,TAN,28,,14,,0.25,,,
B,LIF,29,,21,,0.475,,,
B,AdaptiveLIF,29,,15,,0.325,,,
B,RNN,29,,14,,0.275,,,
B,GRU,29,,15,,0.275,,,
B,TAN,29,,17,,0.35,,,
B,LIF,30,,24,,0.525,,,
B,AdaptiveLIF,30,,15,,0.325,,,
B,RNN,30,,12,,0.225,,,
B,GRU,30,,5,,0.05,,,
B,TAN,30,,16,,0.325,,,
B,LIF,31,,23,,0.525,,,
B,AdaptiveLIF,31,,15,,0.325,,,
B,RNN,31,,12,,0.275,,,
B,GRU,31,,6,,0.1,,,
B,TAN,31,,12,,0.25,,,
B,LIF,32,,24,,0.525,,,
B,AdaptiveLIF,32,,15,,0.3,,,
B,RNN,32,,11,,0.175,,,
B,GRU,32,,7,,0.125,,,
B,TAN,32,,14,,0.25,,,
B,LIF,33,,22,,0.5,,,
B,AdaptiveLIF,33,,15,,0.325,,,
B,RNN,33,,9,,0.175,,,
B,GRU,33,,5,,0.075,,,
B,TAN,33,,13,,0.275,,,
B,LIF,34,,23,,0.5,,,
B,AdaptiveLIF,34,,15,,0.325,,,
B,RNN,34,,10,,0.2,,,
B,GRU,34,,2,,0.025,,,
B,TAN,34,,13,,0.25,,,
B,LIF,35,,23,,0.5,,,
B,AdaptiveLIF,35,,15,,0.3,,,
B,RNN,35,,16,,0.325,,,
B,GRU,35,,9,,0.15,,,
B,TAN,35,,14,,0.275,,,
B,LIF,36,,22,,0.475,,,
B,AdaptiveLIF,36,,15,,0.325,,,
B,RNN,36,,9,,0.15,,,
B,GRU,36,,9,,0.15,,,
B,TAN,36,,14,,0.275,,,
B,LIF,37,,22,,0.45,,,
B,AdaptiveLIF,37,,15,,0.3,,,
B,RNN,37,,11,,0.2,,,
B,GRU,37,,9,,0.15,,,
B,TAN,37,,16,,0.3,,,
B,LIF,38,,22,,0.475,,,
B,AdaptiveLIF,38,,15,,0.3,,,
B,RNN,38,,13,,0.25,,,
B,GRU,38,,6,,0.1,,,
B,TAN,38,,16,,0.3,,,
B,LIF,39,,23,,0.5,,,
B,AdaptiveLIF,39,,15,,0.3,,,
B,RNN,39,,11,,0.2,,,
B,GRU,39,,6,,0.075,,,
B,TAN,39,,14,,0.275,,,
B,LIF,40,,23,,0.5,,,
B,AdaptiveLIF,40,,15,,0.325,,,
B,RNN,40,,15,,0.325,,,
B,GRU,40,,6,,0.1,,,
B,TAN,40,,13,,0.275,,,
B,LIF,41,,23,,0.5,,,
B,AdaptiveLIF,41,,15,,0.3,,,
B,RNN,41,,9,,0.125,,,
B,GRU,41,,6,,0.075,,,
B,TAN,41,,14,,0.225,,,
B,LIF,42,,22,,0.5,,,
B,AdaptiveLIF,42,,15,,0.325,,,
B,RNN,42,,9,,0.2,,,
B,GRU,42,,5,,0.1,,,
B,TAN,42,,11,,0.225,,,
B,LIF,43,,23,,0.525,,,
B,AdaptiveLIF,43,,15,,0.325,,,
B,RNN,43,,13,,0.275,,,
B,GRU,43,,7,,0.125,,,
B,TAN,43,,14,,0.3,,,
B,LIF,44,,23,,0.5,,,
B,AdaptiveLIF,44,,15,,0.325,,,
B,RNN,44,,13,,0.225,,,
B,GRU,44,,13,,0.25,,,
B,TAN,44,,15,,0.275,,,
B,LIF,45,,22,,0.5,,,
B,AdaptiveLIF,45,,15,,0.325,,,
B,RNN,45,,7,,0.15,,,
B,GRU,45,,1,,0.0,,,
B,TAN,45,,11,,0.225,,,
B,LIF,46,,23,,0.5,,,
B,AdaptiveLIF,46,,15,,0.3,,,
B,RNN,46,,12,,0.25,,,
B,GRU,46,,5,,0.075,,,
B,TAN,46,,14,,0.25,,,
B,LIF,47,,22,,0.475,,,
B,AdaptiveLIF,47,,15,,0.325,,,
B,RNN,47,,10,,0.175,,,
B,GRU,47,,6,,0.075,,,
B,TAN,47,,14,,0.25,,,
B,LIF,48,,24,,0.525,,,
B,AdaptiveLIF,48,,15,,0.325,,,
B,RNN,48,,14,,0.25,,,
B,GRU,48,,4,,0.075,,,
B,TAN,48,,14,,0.25,,,
B,LIF,49,,23,,0.525,,,
B,AdaptiveLIF,49,,15,,0.325,,,
B,RNN,49,,15,,0.3,,,
B,GRU,49,,11,,0.15,,,
B,TAN,49,,12,,0.225,,,
C,LIF,0,,32,,,34.00000000000004,18.0,114.00000000000004
C,AdaptiveLIF,0,,32,,,34.0,20.0,114.0
C,RNN,0,,18,,,5.999999999999972,15.0,85.99999999999997
C,GRU,0,,18,,,5.999999999999972,15.0,85.99999999999997
C,TAN,0,,18,,,5.999999999999972,15.0,85.99999999999997
C,LIF,1,,32,,,34.00000000000004,18.0,114.00000000000004
C,AdaptiveLIF,1,,32,,,34.0,20.0,114.0
C,RNN,1,,18,,,5.999999999999972,15.0,85.99999999999997
C,GRU,1,,18,,,5.999999999999972,15.0,85.99999999999997
C,TAN,1,,18,,,5.999999999999972,15.0,85.99999999999997
C,LIF,2,,32,,,34.00000000000004,18.0,114.00000000000004
C,AdaptiveLIF,2,,32,,,34.0,20.0,114.0
C,RNN,2,,18,,,5.999999999999972,15.0,85.99999999999997
C,GRU,2,,18,,,5.999999999999972,15.0,85.99999999999997
C,TAN,2,,18,,,5.999999999999972,15.0,85.99999999999997
C,LIF,3,,32,,,34.00000000000004,18.0,114.00000000000004
C,AdaptiveLIF,3,,32,,,34.0,20.0,114.0
C,RNN,3,,18,,,5.999999999999972,15.0,85.99999999999997
C,GRU,3,,18,,,5.999999999999972,15.0,85.99999999999997
C,TAN,3,,18,,,5.999999999999972,15.0,85.99999999999997
C,LIF,4,,32,,,34.00000000000004,18.0,114.00000000000004
C,AdaptiveLIF,4,,32,,,34.0,20.0,114.0
C,RNN,4,,18,,,5.999999999999972,15.0,85.99999999999997
C,GRU,4,,18,,,5.999999999999972,15.0,85.99999999999997
C,TAN,4,,18,,,5.999999999999972,15.0,85.99999999999997
C,LIF,5,,32,,,34.00000000000004,18.0,114.00000000000004
C,AdaptiveLIF,5,,32,,,34.0,20.0,114.0
C,RNN,5,,18,,,5.999999999999972,15.0,85.99999999999997
C,GRU,5,,18,,,5.999999999999972,15.0,85.99999999999997
C,TAN,5,,18,,,5.999999999999972,15.0,85.99999999999997
C,LIF,6,,32,,,34.00000000000004,18.0,114.00000000000004
C,AdaptiveLIF,6,,32,,,34.0,20.0,114.0
C,RNN,6,,18,,,5.999999999999972,15.0,85.99999999999997
C,GRU,6,,18,,,5.999999999999972,15.0,85.99999999999997
C,TAN,6,,18,,,5.999999999999972,15.0,85.99999999999997
C,LIF,7,,32,,,34.00000000000004,18.0,114.00000000000004
C,AdaptiveLIF,7,,32,,,34.0,20.0,114.0
C,RNN,7,,18,,,5.999999999999972,15.0,85.99999999999997
C,GRU,7,,18,,,5.999999999999972,15.0,85.99999999999997
C,TAN,7,,18,,,5.999999999999972,15.0,85.99999999999997
C,LIF,8,,32,,,34.00000000000004,18.0,114.00000000000004
C,AdaptiveLIF,8,,32,,,34.0,20.0,114.0
C,RNN,8,,18,,,5.999999999999972,15.0,85.99999999999997
C,GRU,8,,18,,,5.999999999999972,15.0,85.99999999999997
C,TAN,8,,18,,,5.999999999999972,15.0,85.99999999999997
C,LIF,9,,32,,,34.00000000000004,18.0,114.00000000000004
C,AdaptiveLIF,9,,32,,,34.0,20.0,114.0
C,RNN,9,,18,,,5.999999999999972,15.0,85.99999999999997
C,GRU,9,,18,,,5.999999999999972,15.0,85.99999999999997
C,TAN,9,,18,,,5.999999999999972,15.0,85.99999999999997
C,LIF,10,,32,,,34.00000000000004,18.0,114.00000000000004
C,AdaptiveLIF,10,,32,,,34.0,20.0,114.0
C,RNN,10,,18,,,5.999999999999972,15.0,85.99999999999997
C,GRU,10,,18,,,5.999999999999972,15.0,85.99999999999997
C,TAN,10,,18,,,5.999999999999972,15.0,85.99999999999997
C,LIF,11,,32,,,34.00000000000004,18.0,114.00000000000004
C,AdaptiveLIF,11,,32,,,34.0,20.0,114.0
C,RNN,11,,18,,,5.999999999999972,15.0,85.99999999999997
C,GRU,11,,18,,,5.999999999999972,15.0,85.99999999999997
C,TAN,11,,18,,,5.999999999999972,15.0,85.99999999999997
C,LIF,12,,32,,,34.00000000000004,18.0,114.00000000000004
C,AdaptiveLIF,12,,32,,,34.0,20.0,114.0
C,RNN,12,,18,,,5.999999999999972,15.0,85.99999999999997
C,GRU,12,,18,,,5.999999999999972,15.0,85.99999999999997
C,TAN,12,,18,,,5.999999999999972,15.0,85.99999999999997
C,LIF,13,,32,,,34.00000000000004,18.0,114.00000000000004
C,AdaptiveLIF,13,,32,,,34.0,20.0,114.0
C,RNN,13,,18,,,5.999999999999972,15.0,85.99999999999997
C,GRU,13,,18,,,5.999999999999972,15.0,85.99999999999997
C,TAN,13,,18,,,5.999999999999972,15.0,85.99999999999997
C,LIF,14,,32,,,34.00000000000004,18.0,114.00000000000004
C,AdaptiveLIF,14,,32,,,34.0,20.0,114.0
C,RNN,14,,18,,,5.999999999999972,15.0,85.99999999999997
C,GRU,14,,18,,,5.999999999999972,15.0,85.99999999999997
C,TAN,14,,18,,,5.999999999999972,15.0,85.99999999999997
C,LIF,15,,32,,,34.00000000000004,18.0,114.00000000000004
C,AdaptiveLIF,15,,32,,,34.0,20.0,114.0
C,RNN,15,,18,,,5.999999999999972,15.0,85.99999999999997
C,GRU,15,,18,,,5.999999999999972,15.0,85.99999999999997
C,TAN,15,,18,,,5.999999999999972,15.0,85.99999999999997
C,LIF,16,,32,,,34.00000000000004,18.0,114.00000000000004
C,AdaptiveLIF,16,,32,,,34.0,20.0,114.0
C,RNN,16,,18,,,5.999999999999972,15.0,85.99999999999997
C,GRU,16,,18,,,5.999999999999972,15.0,85.99999999999997
C,TAN,16,,18,,,5.999999999999972,15.0,85.99999999999997
C,LIF,17,,32,,,34.00000000000004,18.0,114.00000000000004
C,AdaptiveLIF,17,,32,,,34.0,20.0,114.0
C,RNN,17,,18,,,5.999999999999972,15.0,85.99999999999997
C,GRU,17,,18,,,5.999999999999972,15.0,85.99999999999997
C,TAN,17,,18,,,5.999999999999972,15.0,85.99999999999997
C,LIF,18,,32,,,34.00000000000004,18.0,114.00000000000004
C,AdaptiveLIF,18,,32,,,34.0,20.0,114.0
C,RNN,18,,18,,,5.999999999999972,15.0,85.99999999999997
C,GRU,18,,18,,,5.999999999999972,15.0,85.99999999999997
C,TAN,18,,18,,,5.999999999999972,15.0,85.99999999999997
C,LIF,19,,32,,,34.00000000000004,18.0,114.00000000000004
C,AdaptiveLIF,19,,32,,,34.0,20.0,114.0
C,RNN,19,,18,,,5.999999999999972,15.0,85.99999999999997
C,GRU,19,,18,,,5.999999999999972,15.0,85.99999999999997
C,TAN,19,,18,,,5.999999999999972,15.0,85.99999999999997
C,LIF,20,,32,,,34.00000000000004,18.0,114.00000000000004
C,AdaptiveLIF,20,,32,,,34.0,20.0,114.0
C,RNN,20,,18,,,5.999999999999972,15.0,85.99999999999997
C,GRU,20,,18,,,5.999999999999972,15.0,85.99999999999997
C,TAN,20,,18,,,5.999999999999972,15.0,85.99999999999997
C,LIF,21,,32,,,34.00000000000004,18.0,114.00000000000004
C,AdaptiveLIF,21,,32,,,34.0,20.0,114.0
C,RNN,21,,18,,,5.999999999999972,15.0,85.99999999999997
C,GRU,21,,18,,,5.999999999999972,15.0,85.99999999999997
C,TAN,21,,18,,,5.999999999999972,15.0,85.99999999999997
C,LIF,22,,32,,,34.00000000000004,18.0,114.00000000000004
C,AdaptiveLIF,22,,32,,,34.0,20.0,114.0
C,RNN,22,,18,,,5.999999999999972,15.0,85.99999999999997
C,GRU,22,,18,,,5.999999999999972,15.0,85.99999999999997
C,TAN,22,,18,,,5.999999999999972,15.0,85.99999999999997
C,LIF,23,,32,,,34.00000000000004,18.0,114.00000000000004
C,AdaptiveLIF,23,,32,,,34.0,20.0,114.0
C,RNN,23,,18,,,5.999999999999972,15.0,85.99999999999997
C,GRU,23,,18,,,5.999999999999972,15.0,85.99999999999997
C,TAN,23,,18,,,5.999999999999972,15.0,85.99999999999997
C,LIF,24,,32,,,34.00000000000004,18.0,114.00000000000004
C,AdaptiveLIF,24,,32,,,34.0,20.0,114.0
C,RNN,24,,18,,,5.999999999999972,15.0,85.99999999999997
C,GRU,24,,18,,,5.999999999999972,15.0,85.99999999999997
C,TAN,24,,18,,,5.999999999999972,15.0,85.99999999999997
C,LIF,25,,32,,,34.00000000000004,18.0,114.00000000000004
C,AdaptiveLIF,25,,32,,,34.0,20.0,114.0
C,RNN,25,,18,,,5.999999999999972,15.0,85.99999999999997
C,GRU,25,,18,,,5.999999999999972,15.0,85.99999999999997
C,TAN,25,,18,,,5.999999999999972,15.0,85.99999999999997
C,LIF,26,,32,,,34.00000000000004,18.0,114.00000000000004
C,AdaptiveLIF,26,,32,,,34.0,20.0,114.0
C,RNN,26,,18,,,5.999999999999972,15.0,85.99999999999997
C,GRU,26,,18,,,5.999999999999972,15.0,85.99999999999997
C,TAN,26,,18,,,5.999999999999972,15.0,85.99999999999997
C,LIF,27,,32,,,34.00000000000004,18.0,114.00000000000004
C,AdaptiveLIF,27,,32,,,34.0,20.0,114.0
C,RNN,27,,18,,,5.999999999999972,15.0,85.99999999999997
C,GRU,27,,18,,,5.999999999999972,15.0,85.99999999999997
C,TAN,27,,18,,,5.999999999999972,15.0,85.99999999999997
C,LIF,28,,32,,,34.00000000000004,18.0,114.00000000000004
C,AdaptiveLIF,28,,32,,,34.0,20.0,114.0
C,RNN,28,,18,,,5.999999999999972,15.0,85.99999999999997
C,GRU,28,,18,,,5.999999999999972,15.0,85.99999999999997
C,TAN,28,,18,,,5.999999999999972,15.0,85.99999999999997
C,LIF,29,,32,,,34.00000000000004,18.0,114.00000000000004
C,AdaptiveLIF,29,,32,,,34.0,20.0,114.0
C,RNN,29,,18,,,5.999999999999972,15.0,85.99999999999997
C,GRU,29,,18,,,5.999999999999972,15.0,85.99999999999997
C,TAN,29,,18,,,5.999999999999972,15.0,85.99999999999997
C,LIF,30,,32,,,34.00000000000004,18.0,114.00000000000004
C,AdaptiveLIF,30,,32,,,34.0,20.0,114.0
C,RNN,30,,18,,,5.999999999999972,15.0,85.99999999999997
C,GRU,30,,18,,,5.999999999999972,15.0,85.99999999999997
C,TAN,30,,18,,,5.999999999999972,15.0,85.99999999999997
C,LIF,31,,32,,,34.00000000000004,18.0,114.00000000000004
C,AdaptiveLIF,31,,32,,,34.0,20.0,114.0
C,RNN,31,,18,,,5.999999999999972,15.0,85.99999999999997
C,GRU,31,,18,,,5.999999999999972,15.0,85.99999999999997
C,TAN,31,,18,,,5.999999999999972,15.0,85.99999999999997
C,LIF,32,,32,,,34.00000000000004,18.0,114.00000000000004
C,AdaptiveLIF,32,,32,,,34.0,20.0,114.0
C,RNN,32,,18,,,5.999999999999972,15.0,85.99999999999997
C,GRU,32,,18,,,5.999999999999972,15.0,85.99999999999997
C,TAN,32,,18,,,5.999999999999972,15.0,85.99999999999997
C,LIF,33,,32,,,34.00000000000004,18.0,114.00000000000004
C,AdaptiveLIF,33,,32,,,34.0,20.0,114.0
C,RNN,33,,18,,,5.999999999999972,15.0,85.99999999999997
C,GRU,33,,18,,,5.999999999999972,15.0,85.99999999999997
C,TAN,33,,18,,,5.999999999999972,15.0,85.99999999999997
C,LIF,34,,32,,,34.00000000000004,18.0,114.00000000000004
C,AdaptiveLIF,34,,32,,,34.0,20.0,114.0
C,RNN,34,,18,,,5.999999999999972,15.0,85.99999999999997
C,GRU,34,,18,,,5.999999999999972,15.0,85.99999999999997
C,TAN,34,,18,,,5.999999999999972,15.0,85.99999999999997
C,LIF,35,,32,,,34.00000000000004,18.0,114.00000000000004
C,AdaptiveLIF,35,,32,,,34.0,20.0,114.0
C,RNN,35,,18,,,5.999999999999972,15.0,85.99999999999997
C,GRU,35,,18,,,5.999999999999972,15.0,85.99999999999997
C,TAN,35,,18,,,5.999999999999972,15.0,85.99999999999997
C,LIF,36,,32,,,34.00000000000004,18.0,114.00000000000004
C,AdaptiveLIF,36,,32,,,34.0,20.0,114.0
C,RNN,36,,18,,,5.999999999999972,15.0,85.99999999999997
C,GRU,36,,18,,,5.999999999999972,15.0,85.99999999999997
C,TAN,36,,18,,,5.999999999999972,15.0,85.99999999999997
C,LIF,37,,32,,,34.00000000000004,18.0,114.00000000000004
C,AdaptiveLIF,37,,32,,,34.0,20.0,114.0
C,RNN,37,,18,,,5.999999999999972,15.0,85.99999999999997
C,GRU,37,,18,,,5.999999999999972,15.0,85.99999999999997
C,TAN,37,,18,,,5.999999999999972,15.0,85.99999999999997
C,LIF,38,,32,,,34.00000000000004,18.0,114.00000000000004
C,AdaptiveLIF,38,,32,,,34.0,20.0,114.0
C,RNN,38,,18,,,5.999999999999972,15.0,85.99999999999997
C,GRU,38,,18,,,5.999999999999972,15.0,85.99999999999997
C,TAN,38,,18,,,5.999999999999972,15.0,85.99999999999997
C,LIF,39,,32,,,34.00000000000004,18.0,114.00000000000004
C,AdaptiveLIF,39,,32,,,34.0,20.0,114.0
C,RNN,39,,18,,,5.999999999999972,15.0,85.99999999999997
C,GRU,39,,18,,,5.999999999999972,15.0,85.99999999999997
C,TAN,39,,18,,,5.999999999999972,15.0,85.99999999999997
C,LIF,40,,32,,,34.00000000000004,18.0,114.00000000000004
C,AdaptiveLIF,40,,32,,,34.0,20.0,114.0
C,RNN,40,,18,,,5.999999999999972,15.0,85.99999999999997
C,GRU,40,,18,,,5.999999999999972,15.0,85.99999999999997
C,TAN,40,,18,,,5.999999999999972,15.0,85.99999999999997
C,LIF,41,,32,,,34.00000000000004,18.0,114.00000000000004
C,AdaptiveLIF,41,,32,,,34.0,20.0,114.0
C,RNN,41,,18,,,5.999999999999972,15.0,85.99999999999997
C,GRU,41,,18,,,5.999999999999972,15.0,85.99999999999997
C,TAN,41,,18,,,5.999999999999972,15.0,85.99999999999997
C,LIF,42,,32,,,34.00000000000004,18.0,114.00000000000004
C,AdaptiveLIF,42,,32,,,34.0,20.0,114.0
C,RNN,42,,18,,,5.999999999999972,15.0,85.99999999999997
C,GRU,42,,18,,,5.999999999999972,15.0,85.99999999999997
C,TAN,42,,18,,,5.999999999999972,15.0,85.99999999999997
C,LIF,43,,32,,,34.00000000000004,18.0,114.00000000000004
C,AdaptiveLIF,43,,32,,,34.0,20.0,114.0
C,RNN,43,,18,,,5.999999999999972,15.0,85.99999999999997
C,GRU,43,,18,,,5.999999999999972,15.0,85.99999999999997
C,TAN,43,,18,,,5.999999999999972,15.0,85.99999999999997
C,LIF,44,,32,,,34.00000000000004,18.0,114.00000000000004
C,AdaptiveLIF,44,,32,,,34.0,20.0,114.0
C,RNN,44,,18,,,5.999999999999972,15.0,85.99999999999997
C,GRU,44,,18,,,5.999999999999972,15.0,85.99999999999997
C,TAN,44,,18,,,5.999999999999972,15.0,85.99999999999997
C,LIF,45,,32,,,34.00000000000004,18.0,114.00000000000004
C,AdaptiveLIF,45,,32,,,34.0,20.0,114.0
C,RNN,45,,18,,,5.999999999999972,15.0,85.99999999999997
C,GRU,45,,18,,,5.999999999999972,15.0,85.99999999999997
C,TAN,45,,18,,,5.999999999999972,15.0,85.99999999999997
C,LIF,46,,32,,,34.00000000000004,18.0,114.00000000000004
C,AdaptiveLIF,46,,32,,,34.0,20.0,114.0
C,RNN,46,,18,,,5.999999999999972,15.0,85.99999999999997
C,GRU,46,,18,,,5.999999999999972,15.0,85.99999999999997
C,TAN,46,,18,,,5.999999999999972,15.0,85.99999999999997
C,LIF,47,,32,,,34.00000000000004,18.0,114.00000000000004
C,AdaptiveLIF,47,,32,,,34.0,20.0,114.0
C,RNN,47,,18,,,5.999999999999972,15.0,85.99999999999997
C,GRU,47,,18,,,5.999999999999972,15.0,85.99999999999997
C,TAN,47,,18,,,5.999999999999972,15.0,85.99999999999997
C,LIF,48,,32,,,34.00000000000004,18.0,114.00000000000004
C,AdaptiveLIF,48,,32,,,34.0,20.0,114.0
C,RNN,48,,18,,,5.999999999999972,15.0,85.99999999999997
C,GRU,48,,18,,,5.999999999999972,15.0,85.99999999999997
C,TAN,48,,18,,,5.999999999999972,15.0,85.99999999999997
C,LIF,49,,32,,,34.00000000000004,18.0,114.00000000000004
C,AdaptiveLIF,49,,32,,,34.0,20.0,114.0
C,RNN,49,,18,,,5.999999999999972,15.0,85.99999999999997
C,GRU,49,,18,,,5.999999999999972,15.0,85.99999999999997
C,TAN,49,,18,,,5.999999999999972,15.0,85.99999999999997
D,LIF,0,,34,,,37.999999999999986,18.0,117.99999999999999
D,AdaptiveLIF,0,,33,,,35.99999999999997,21.0,115.99999999999997
D,RNN,0,,3,,,23.999999999999993,250.0,56.00000000000001
D,GRU,0,,0,,,30.0,250.0,50.0
D,TAN,0,,24,,,17.999999840826746,105.0,97.99999984082675
D,LIF,1,,34,,,37.99999999999997,23.0,117.99999999999997
D,AdaptiveLIF,1,,33,,,35.999999999999986,27.0,115.99999999999999
D,RNN,1,,8,,,14.0,250.0,66.0
D,GRU,1,,0,,,30.0,250.0,50.0
D,TAN,1,,19,,,7.272738371143447,203.0,87.27273837114345
D,LIF,2,,35,,,40.00000000000006,22.0,120.00000000000006
D,AdaptiveLIF,2,,34,,,37.99999999999997,28.0,117.99999999999997
D,RNN,2,,8,,,14.0,250.0,66.0
D,GRU,2,,0,,,30.0,250.0,50.0
D,TAN,2,,21,,,11.99738712420752,157.0,91.99738712420752
D,LIF,3,,34,,,37.99943577801851,22.0,117.99943577801851
D,AdaptiveLIF,3,,34,,,37.99943577801848,26.0,117.99943577801848
D,RNN,3,,7,,,16.0,250.0,64.0
D,GRU,3,,0,,,30.0,250.0,50.0
D,TAN,3,,20,,,9.979278334579732,180.0,89.97927833457973
D,LIF,4,,34,,,37.999999999999986,24.0,117.99999999999999
D,AdaptiveLIF,4,,34,,,37.99999052323727,26.0,117.99999052323727
D,RNN,4,,8,,,14.0,250.0,66.0
D,GRU,4,,0,,,30.0,250.0,50.0
D,TAN,4,,21,,,11.992728895437338,172.0,91.99272889543734
D,LIF,5,,34,,,38.00000000000006,22.0,118.00000000000006
D,AdaptiveLIF,5,,33,,,35.9999999999999,25.0,115.9999999999999
D,RNN,5,,6,,,18.0,250.0,62.0
D,GRU,5,,0,,,30.0,250.0,50.0
D,TAN,5,,21,,,11.999997855911005,150.0,91.999997855911
D,LIF,6,,33,,,36.0,22.0,116.0
D,AdaptiveLIF,6,,33,,,36.000000000000014,23.0,116.00000000000001
D,RNN,6,,8,,,14.0,250.0,66.0
D,GRU,6,,0,,,30.0,250.0,50.0
D,TAN,6,,21,,,11.997382079629219,154.0,91.99738207962922
D,LIF,7,,33,,,35.99999999999993,22.0,115.99999999999993
D,AdaptiveLIF,7,,33,,,35.99999999999996,26.0,115.99999999999996
D,RNN,7,,7,,,16.0,250.0,64.0
D,GRU,7,,0,,,30.0,250.0,50.0
D,TAN,7,,20,,,9.966407679998625,119.0,89.96640767999862
D,LIF,8,,34,,,38.000000000000014,19.0,118.00000000000001
D,AdaptiveLIF,8,,33,,,35.99999999999997,23.0,115.99999999999997
D,RNN,8,,7,,,16.0,250.0,64.0
D,GRU,8,,0,,,30.0,250.0,50.0
D,TAN,8,,24,,,17.999999997326213,95.0,97.99999999732621
D,LIF,9,,33,,,35.99999999999997,29.0,115.99999999999997
D,AdaptiveLIF,9,,33,,,36.000000000000085,29.0,116.00000000000009
D,RNN,9,,8,,,14.0,250.0,66.0
D,GRU,9,,0,,,30.0,250.0,50.0
D,TAN,9,,19,,,7.567984184558767,173.0,87.56798418455877
D,LIF,10,,34,,,38.00000000000006,20.0,118.00000000000006
D,AdaptiveLIF,10,,33,,,36.00000000000006,23.0,116.00000000000006
D,RNN,10,,7,,,16.0,250.0,64.0
D,GRU,10,,0,,,30.0,250.0,50.0
D,TAN,10,,23,,,15.740799899692462,138.0,95.74079989969246
D,LIF,11,,34,,,37.99999999999996,27.0,117.99999999999996
D,AdaptiveLIF,11,,33,,,36.000000000000014,32.0,116.00000000000001
D,RNN,11,,8,,,14.0,250.0,66.0
D,GRU,11,,0,,,30.0,250.0,50.0
D,TAN,11,,16,,,1.9956407372168314,225.0,81.99564073721683
D,LIF,12,,34,,,37.99905963003087,23.0,117.99905963003087
D,AdaptiveLIF,12,,34,,,37.999059625575015,27.0,117.99905962557501
D,RNN,12,,8,,,14.0,250.0,66.0
D,GRU,12,,0,,,30.0,250.0,50.0
D,TAN,12,,22,,,13.943806171985713,136.0,93.94380617198571
D,LIF,13,,34,,,37.999999999792166,19.0,117.99999999979217
D,AdaptiveLIF,13,,34,,,37.999999999792166,23.0,117.99999999979217
D,RNN,13,,7,,,16.0,250.0,64.0
D,GRU,13,,0,,,30.0,250.0,50.0
D,TAN,13,,3,,,24.00000000020794,250.0,55.99999999979206
D,LIF,14,,34,,,37.99999999999993,24.0,117.99999999999993
D,AdaptiveLIF,14,,33,,,35.99999999999997,25.0,115.99999999999997
D,RNN,14,,7,,,16.0,250.0,64.0
D,GRU,14,,0,,,30.0,250.0,50.0
D,TAN,14,,22,,,13.906114301239697,154.0,93.9061143012397
D,LIF,15,,34,,,37.999999999999915,24.0,117.99999999999991
D,AdaptiveLIF,15,,33,,,35.99999052323736,27.0,115.99999052323736
D,RNN,15,,9,,,11.999999999999929,250.0,68.00000000000007
D,GRU,15,,0,,,30.0,250.0,50.0
D,TAN,15,,17,,,3.992734582117052,191.0,83.99273458211705
D,LIF,16,,34,,,38.0,27.0,118.0
D,AdaptiveLIF,16,,34,,,37.99999999999994,29.0,117.99999999999994
D,RNN,16,,8,,,14.0,250.0,66.0
D,GRU,16,,0,,,30.0,250.0,50.0
D,TAN,16,,19,,,8.0,140.0,88.0
D,LIF,17,,34,,,37.99999999999997,21.0,117.99999999999997
D,AdaptiveLIF,17,,33,,,35.99999999999983,25.0,115.99999999999983
D,RNN,17,,6,,,18.0,250.0,62.0
D,GRU,17,,0,,,30.0,250.0,50.0
D,TAN,17,,23,,,15.987903352956238,126.0,95.98790335295624
D,LIF,18,,34,,,38.0,20.0,118.0
D,AdaptiveLIF,18,,33,,,36.0,22.0,116.0
D,RNN,18,,6,,,18.0,250.0,62.0
D,GRU,18,,0,,,30.0,250.0,50.0
D,TAN,18,,24,,,17.987703644678618,110.0,97.98770364467862
D,LIF,19,,33,,,35.99999999999996,25.0,115.99999999999996
D,AdaptiveLIF,19,,33,,,36.0,30.0,116.0
D,RNN,19,,8,,,14.0,250.0,66.0
D,GRU,19,,0,,,30.0,250.0,50.0
D,TAN,19,,8,,,14.007594916483711,250.0,65.99240508351629
D,LIF,20,,33,,,35.999999999999986,20.0,115.99999999999999
D,AdaptiveLIF,20,,33,,,36.00000000000003,25.0,116.00000000000003
D,RNN,20,,8,,,14.0,250.0,66.0
D,GRU,20,,0,,,30.0,250.0,50.0
D,TAN,20,,20,,,9.906687904469152,176.0,89.90668790446915
D,LIF,21,,35,,,40.00000000000003,22.0,120.00000000000003
D,AdaptiveLIF,21,,34,,,37.999999999983814,24.0,117.99999999998381
D,RNN,21,,8,,,14.0,250.0,66.0
D,GRU,21,,0,,,30.0,250.0,50.0
D,TAN,21,,25,,,19.999878127073345,96.0,99.99987812707334
D,LIF,22,,34,,,37.99999999999996,22.0,117.99999999999996
D,AdaptiveLIF,22,,34,,,38.00000000000006,24.0,118.00000000000006
D,RNN,22,,8,,,14.0,250.0,66.0
D,GRU,22,,0,,,30.0,250.0,50.0
D,TAN,22,,19,,,7.999049887766702,197.0,87.9990498877667
D,LIF,23,,33,,,35.99999999999994,26.0,115.99999999999994
D,AdaptiveLIF,23,,33,,,35.999999999996476,27.0,115.99999999999648
D,RNN,23,,7,,,16.0,250.0,64.0
D,GRU,23,,0,,,30.0,250.0,50.0
D,TAN,23,,25,,,19.999984200937533,119.0,99.99998420093753
D,LIF,24,,33,,,36.00000000000006,24.0,116.00000000000006
D,AdaptiveLIF,24,,33,,,36.00000000000004,27.0,116.00000000000004
D,RNN,24,,8,,,14.0,250.0,66.0
D,GRU,24,,0,,,30.0,250.0,50.0
D,TAN,24,,22,,,13.992740647245412,136.0,93.99274064724541
D,LIF,25,,34,,,38.00000000000004,22.0,118.00000000000004
D,AdaptiveLIF,25,,33,,,35.999999999999915,27.0,115.99999999999991
D,RNN,25,,8,,,14.0,250.0,66.0
D,GRU,25,,0,,,30.0,250.0,50.0
D,TAN,25,,23,,,15.844479998395883,104.0,95.84447999839588
D,LIF,26,,34,,,37.999999998395964,23.0,117.99999999839596
D,AdaptiveLIF,26,,34,,,37.99999999839595,26.0,117.99999999839595
D,RNN,26,,7,,,16.0,250.0,64.0
D,GRU,26,,0,,,30.0,250.0,50.0
D,TAN,26,,20,,,9.992744036647025,150.0,89.99274403664703
D,LIF,27,,35,,,39.99999999999423,20.0,119.99999999999423
D,AdaptiveLIF,27,,34,,,37.99999999999429,23.0,117.99999999999429
D,RNN,27,,7,,,16.0,250.0,64.0
D,GRU,27,,0,,,30.0,250.0,50.0
D,TAN,27,,23,,,15.992744058872944,111.0,95.99274405887294
D,LIF,28,,34,,,37.99999999999996,20.0,117.99999999999996
D,AdaptiveLIF,28,,34,,,37.999999999999844,24.0,117.99999999999984
D,RNN,28,,6,,,18.0,250.0,62.0
D,GRU,28,,0,,,30.0,250.0,50.0
D,TAN,28,,19,,,7.999796878482556,183.0,87.99979687848256
D,LIF,29,,34,,,37.999999999999986,21.0,117.99999999999999
D,AdaptiveLIF,29,,33,,,35.99999999999979,23.0,115.99999999999979
D,RNN,29,,7,,,16.0,250.0,64.0
D,GRU,29,,0,,,30.0,250.0,50.0
D,TAN,29,,19,,,7.9999268723750845,114.0,87.99992687237508
D,LIF,30,,33,,,35.99999999999996,25.0,115.99999999999996
D,AdaptiveLIF,30,,33,,,35.99999999999997,27.0,115.99999999999997
D,RNN,30,,8,,,14.0,250.0,66.0
D,GRU,30,,0,,,30.0,250.0,50.0
D,TAN,30,,18,,,5.9066879999975725,186.0,85.90668799999757
D,LIF,31,,33,,,36.00000000000003,27.0,116.00000000000003
D,AdaptiveLIF,31,,33,,,36.00000000000003,31.0,116.00000000000003
D,RNN,31,,8,,,14.0,250.0,66.0
D,GRU,31,,0,,,30.0,250.0,50.0
D,TAN,31,,23,,,15.999956126098283,88.0,95.99995612609828
D,LIF,32,,34,,,38.00000000000003,19.0,118.00000000000003
D,AdaptiveLIF,32,,33,,,36.000000000000014,22.0,116.00000000000001
D,RNN,32,,7,,,16.0,250.0,64.0
D,GRU,32,,0,,,30.0,250.0,50.0
D,TAN,32,,26,,,21.99999955772749,84.0,101.99999955772749
D,LIF,33,,34,,,37.9999999999999,23.0,117.9999999999999
D,AdaptiveLIF,33,,33,,,35.99999999999997,26.0,115.99999999999997
D,RNN,33,,8,,,14.0,250.0,66.0
D,GRU,33,,0,,,30.0,250.0,50.0
D,TAN,33,,20,,,9.943890928051516,184.0,89.94389092805152
D,LIF,34,,34,,,37.999999999973014,25.0,117.99999999997301
D,AdaptiveLIF,34,,33,,,36.00000000000004,29.0,116.00000000000004
D,RNN,34,,8,,,14.0,250.0,66.0
D,GRU,34,,0,,,30.0,250.0,50.0
D,TAN,34,,4,,,22.14929920002696,250.0,57.85070079997304
D,LIF,35,,35,,,39.9999999999999,24.0,119.9999999999999
D,AdaptiveLIF,35,,34,,,37.999999999999915,26.0,117.99999999999991
D,RNN,35,,8,,,14.0,250.0,66.0
D,GRU,35,,0,,,30.0,250.0,50.0
D,TAN,35,,24,,,17.99943575704313,134.0,97.99943575704313
D,LIF,36,,34,,,37.999999999999915,20.0,117.99999999999991
D,AdaptiveLIF,36,,33,,,35.99999999999994,24.0,115.99999999999994
D,RNN,36,,6,,,18.0,250.0,62.0
D,GRU,36,,0,,,30.0,250.0,50.0
D,TAN,36,,27,,,23.99999973450349,87.0,103.99999973450349
D,LIF,37,,33,,,36.00000000000003,21.0,116.00000000000003
D,AdaptiveLIF,37,,32,,,34.000000000000085,21.0,114.00000000000009
D,RNN,37,,7,,,16.0,250.0,64.0
D,GRU,37,,0,,,30.0,250.0,50.0
D,TAN,37,,24,,,17.99999999999862,89.0,97.99999999999862
D,LIF,38,,35,,,40.0,23.0,120.0
D,AdaptiveLIF,38,,34,,,38.0,24.0,118.0
D,RNN,38,,6,,,18.000000000000043,250.0,61.99999999999996
D,GRU,38,,0,,,30.0,250.0,50.0
D,TAN,38,,24,,,17.74079876380776,66.0,97.74079876380776
D,LIF,39,,34,,,37.99999999999993,20.0,117.99999999999993
D,AdaptiveLIF,39,,34,,,37.99999999998384,23.0,117.99999999998384
D,RNN,39,,5,,,20.000000000000014,250.0,59.999999999999986
D,GRU,39,,0,,,30.0,250.0,50.0
D,TAN,39,,20,,,9.999999942694132,152.0,89.99999994269413
D,LIF,40,,34,,,38.000000000000014,21.0,118.00000000000001
D,AdaptiveLIF,40,,33,,,36.00000000000006,24.0,116.00000000000006
D,RNN,40,,8,,,14.0,250.0,66.0
D,GRU,40,,0,,,30.0,250.0,50.0
D,TAN,40,,19,,,7.986335974376928,196.0,87.98633597437693
D,LIF,41,,33,,,36.000000000000014,24.0,116.00000000000001
D,AdaptiveLIF,41,,33,,,36.00000000000004,27.0,116.00000000000004
D,RNN,41,,8,,,14.0,250.0,66.0
D,GRU,41,,0,,,30.0,250.0,50.0
D,TAN,41,,17,,,3.9999842053947816,170.0,83.99998420539478
D,LIF,42,,35,,,39.99999999839585,20.0,119.99999999839585
D,AdaptiveLIF,42,,34,,,37.999999998395936,24.0,117.99999999839594
D,RNN,42,,7,,,16.0,250.0,64.0
D,GRU,42,,0,,,30.0,250.0,50.0
D,TAN,42,,21,,,11.27942964820889,156.0,91.27942964820889
D,LIF,43,,34,,,37.999999999999986,23.0,117.99999999999999
D,AdaptiveLIF,43,,34,,,38.000000000000085,24.0,118.00000000000009
D,RNN,43,,8,,,14.0,250.0,66.0
D,GRU,43,,0,,,30.0,250.0,50.0
D,TAN,43,,15,,,0.00012197489479603973,231.0,79.9998780251052
D,LIF,44,,34,,,37.99999999999994,22.0,117.99999999999994
D,AdaptiveLIF,44,,33,,,36.000000000000014,24.0,116.00000000000001
D,RNN,44,,8,,,14.0,250.0,66.0
D,GRU,44,,0,,,30.0,250.0,50.0
D,TAN,44,,25,,,19.999996586760943,103.0,99.99999658676094
D,LIF,45,,34,,,38.00000000000006,28.0,118.00000000000006
D,AdaptiveLIF,45,,34,,,37.998432716718156,31.0,117.99843271671816
D,RNN,45,,8,,,14.0,250.0,66.0
D,GRU,45,,0,,,30.0,250.0,50.0
D,TAN,45,,23,,,15.999926875182126,128.0,95.99992687518213
D,LIF,46,,34,,,37.99999999999997,20.0,117.99999999999997
D,AdaptiveLIF,46,,34,,,38.000000000000114,23.0,118.00000000000011
D,RNN,46,,6,,,18.0,250.0,62.0
D,GRU,46,,0,,,30.0,250.0,50.0
D,TAN,46,,20,,,9.999999263086877,118.0,89.99999926308688
D,LIF,47,,35,,,40.00000000000003,22.0,120.00000000000003
D,AdaptiveLIF,47,,34,,,38.00000000000004,23.0,118.00000000000004
D,RNN,47,,7,,,16.0,250.0,64.0
D,GRU,47,,0,,,30.0,250.0,50.0
D,TAN,47,,27,,,23.277265986575145,84.0,103.27726598657515
D,LIF,48,,35,,,39.999999995544115,20.0,119.99999999554412
D,AdaptiveLIF,48,,34,,,37.9999999955442,25.0,117.9999999955442
D,RNN,48,,8,,,14.0,250.0,66.0
D,GRU,48,,0,,,30.0,250.0,50.0
D,TAN,48,,21,,,11.999059527396312,180.0,91.99905952739631
D,LIF,49,,33,,,36.000000000000014,21.0,116.00000000000001
D,AdaptiveLIF,49,,33,,,35.999999999999986,25.0,115.99999999999999
D,RNN,49,,8,,,14.0,250.0,66.0
D,GRU,49,,0,,,30.0,250.0,50.0
D,TAN,49,,17,,,3.9927109096750257,225.0,83.99271090967503
