signal,layer,model,mi_bits,n_samples,sigma
x_clean (amplitude),S,TAN,0.017744261769006897,3000,
x_clean (amplitude),A,TAN,0.11555397009091983,3000,
x_clean (amplitude),A,LIF,0.4519152866896583,3000,
x_clean (amplitude),Y,TAN,0.09738074360368605,3000,
x_clean (amplitude),Y,LIF,0.26102113809592165,3000,
dx_clean (change-rate),S,TAN,0.025181308644691924,3000,
dx_clean (change-rate),A,TAN,0.021068233631728717,3000,
dx_clean (change-rate),A,LIF,0.0,3000,
dx_clean (change-rate),Y,TAN,0.02462571559955706,3000,
dx_clean (change-rate),Y,LIF,0.005277513674909898,3000,
noise,S,TAN,0.22516195245531279,3000,
noise,A,TAN,0.22363094144260742,3000,
noise,A,LIF,0.09336378453911998,3000,
noise,Y,TAN,0.20572971534568776,3000,
noise,Y,LIF,0.11723745353769226,3000,
noise,Y_TAN,TAN,0.023340313698326134,3000,0.1
noise,Y_TAN,TAN,0.1344864784003404,3000,0.3
noise,Y_TAN,TAN,0.2629187185498215,3000,0.5
noise,Y_TAN,TAN,0.4712370161427467,3000,1.0
noise,Y_TAN,TAN,0.6021923693043886,3000,2.0
