dD,dG,dG_raw,dG_resid,dG_strat,frame,logTr,model,n,tau
1.4637155746767767,2.044752905005471,2.1485381766784077,2.0417006389739893,2.045148487950859,zC,0.529100189035907,B1,374,-6
1.420365860264533,1.3940756301244623,1.320889186817533,1.3910160429210594,1.3918574807406616,zC,-1.4926081057049947,B1,374,-5
1.0920630933190913,1.0329497832572638,1.1293995230367233,1.0326872277314811,1.032749210391987,zC,-2.539200167185526,B1,374,-4
1.0333133494815328,1.105649397253774,1.066888139015537,1.1049049394758048,1.105051971333153,zC,-3.25583526460801,B1,374,-3
1.009506629727895,1.1909228430386338,1.038133263040153,1.18933588554463,1.1899484286223583,zC,-2.533259470881411,B1,374,-2
1.5043133526272305,1.1412639734553467,1.0,1.1400890671009605,1.1404466892711258,zC,-1.8218785008427536,B1,374,-1
1.7609589778094263,1.5276481968807782,1.5021583043612643,1.1011069953489432,1.235262592525168,zC,3.125684810370845,B1,374,0
1.6681412472567378,2.1620990012386017,2.1165852890058727,2.018654604586753,2.0614166024579585,zC,2.5646195028057024,B1,374,1
1.5927855173970809,2.429425922965317,2.3756287082509373,2.2580272395937255,2.2832982690875783,zC,2.29358323049899,B1,374,2
1.4455384839466239,2.1606390965706628,2.110442384296243,2.0286343228096397,2.063444821375883,zC,2.468458441801005,B1,374,3
1.4519594353783807,2.3035340015096386,2.285641337059388,2.209327273157864,2.2169793951466774,zC,1.913196857176738,B1,374,4
1.7928447473429971,1.8668051954567708,1.826568212675499,1.8672150533260627,1.8651924224308627,zC,1.8516055549788835,B1,374,5
1.9101093195005678,2.56185907465022,2.538354686279733,2.560821281282515,2.563387000774717,zC,1.5714217588287218,B1,374,6
1.766891644275377,2.3469020724738905,2.337682361904834,2.346922150684763,2.3467536656180514,zC,1.857933549119834,B1,374,7
1.6506586199392588,2.621370597976199,2.654611772046361,2.622859331008959,2.6198776813405926,zC,1.2137041326812554,B1,374,8
1.8160668253038237,2.4480967339099085,2.380331080098612,2.4463486516133712,2.4461857741733266,zC,1.1324574218957288,B1,374,9
2.035638675381327,2.408459098496971,2.3680373100489405,2.4081738119024854,2.4082519842713386,zC,1.3744039681290812,B1,374,10
2.0204670692492237,2.6490694401756634,2.5473948573332605,2.6480990890162373,2.6478478144710613,zC,1.3877518227376218,B1,374,11
1.571688462554255,2.1535832583571626,2.0587037075949315,2.1542385248534943,2.1560752070067473,zC,1.423171206530349,B1,374,12
1.7169663452377175,2.0367057944927685,1.9386315679394492,2.03994289577325,2.038640267882614,zC,1.5708741090346234,B1,374,13
1.769188605918988,2.4554822462066945,2.3765210080406156,2.46988181441451,2.47181625349582,zC,1.391718659774806,B1,374,14
1.7422554455171018,2.324101438476172,2.284699860738918,2.3235029061461914,2.329857525326572,zC,1.3976295454797119,B1,374,15
1.5650388576233465,2.5224753941016624,2.4426088418383562,2.5237523876696932,2.5244786335600726,zC,1.5781580809305689,B1,374,16
1.8989059110523587,2.060715996427459,2.041595442847218,2.065776407967338,2.0687683252897675,zC,1.4476629534430958,B1,374,17
1.339889142069547,2.3657438975007854,2.3258616704054558,2.3695211372099485,2.3749673742832482,zC,1.6679596330834403,B1,374,18
1.7157648451786027,1.9738696094203227,1.9067720501441814,1.9698206293001215,1.9637813165321187,zC,1.3451210438141012,B1,374,19
1.2769635944628057,2.345231507047445,2.250927802681076,2.3471197004620077,2.355345817609234,zC,1.3057750394407117,B1,374,20
1.4359127499613416,1.8469267296321854,1.7543561624878228,1.8457874629162143,1.844572491074469,zC,1.3360524923287125,B1,374,21
1.8981370606593166,2.134577547306007,2.0847147793433876,2.132286990263688,2.131461428630361,zC,1.2321642257833325,B1,374,22
1.6236673384934703,2.6587935655127835,2.614047297369828,2.662772696718443,2.661931262856737,zC,1.376146881701943,B1,374,23
1.7390067571270467,2.258618478612258,2.200815216211985,2.258041551612728,2.2587937451593154,zC,1.529141859268081,B1,374,24
1.7689239924571503,2.301939550279558,2.2416880390602802,2.302330664272002,2.301321647546781,zC,1.35885620933761,B1,374,25
1.2676962688225406,2.5441673217679948,2.4479279262088136,2.543384010034399,2.5423612137424514,zC,1.4611750581080933,B1,374,26
1.8376436502931652,1.9889777703161986,1.88592256513778,1.9933149816298676,1.9879344616488746,zC,1.1675827769035323,B1,374,27
1.3556819028923857,2.4255319680422804,2.3347536639584687,2.4219643953566767,2.4222820884666794,zC,1.4484511747643252,B1,374,28
1.4838516671434052,2.179620408900886,2.0910431616963954,2.1770279370281163,2.1781719619305724,zC,0.9927981339213813,B1,374,29
1.2694580735733343,2.000564083812708,1.9263690103829398,2.001678485534625,1.9969740848346569,zC,1.4775212005074767,B1,374,30
1.3700306739243087,1.8106742327221712,1.924073580871722,1.8096481582156396,1.8116355491042915,zC,0.6788178108565631,B3,374,-6
1.3839042806759676,1.3024636723862566,1.227609461123059,1.3017838947312446,1.3024245669823395,zC,-1.4955047194569289,B3,374,-5
1.0868543857143331,1.0284315389655718,1.0962925869598088,1.0283441459245322,1.0284176133480065,zC,-2.5394781027457825,B3,374,-4
1.0271217463680447,1.1021172432403659,1.0480875062502737,1.1020876089270673,1.1021369061539217,zC,-3.256685617949954,B3,374,-3
1.0083701751502248,1.156495265361462,1.0334927623111834,1.1563423431191597,1.1567905410523671,zC,-2.534764635928816,B3,374,-2
1.0025562803332866,1.0997453400551458,1.0,1.0994280706181594,1.0996674694600919,zC,-1.823011064208502,B3,374,-1
1.5100323833246458,1.0250828794195879,1.0017325784947826,1.2962252086564328,1.1123338790302704,zC,2.576426693116272,B3,374,0
1.4134503430578897,1.8720325959668096,1.8332351448602122,1.653690670879049,1.684993936701016,zC,2.395452899910065,B3,374,1
1.4516068470618948,2.0783894709888693,2.027570069729652,1.913248853594055,1.9321588531687264,zC,2.1799073760039467,B3,374,2
1.3840846032387002,1.9341191807954752,1.890381361274799,1.829762314017624,1.855990130006187,zC,2.597587963351198,B3,374,3
1.4632783274026315,2.0069506464016285,1.981565149451277,1.898999265609076,1.9150404821181801,zC,2.157545435426774,B3,374,4
1.5299857236443917,1.9683165712000306,1.9382083922670788,1.9683841427458086,1.9667596566241303,zC,2.066838778282385,B3,374,5
1.651364290934051,2.222148263848955,2.1999599624133275,2.2223567969510283,2.2235107076972223,zC,1.633764804876817,B3,374,6
1.6788494598016157,1.988128886195817,1.9663170776207655,1.9880899217652537,1.9884490377827704,zC,1.8927453749375167,B3,374,7
1.5431276879269415,2.24913162536561,2.274882190751761,2.250368535593604,2.248493981219729,zC,1.157146176565636,B3,374,8
1.372148666086794,1.933794580095469,1.863642409591445,1.9324802095580205,1.9332572570879392,zC,1.1996631759017677,B3,374,9
1.385859346050987,1.6857550739174545,1.6444941268775055,1.68488359350435,1.684776757349352,zC,1.3442879894463604,B3,374,10
1.6504766209277415,2.1631262352650684,2.06728272709097,2.161331560998828,2.164228356254415,zC,1.0245549816912216,B3,374,11
1.381227061247876,1.758130203516204,1.6771904961555102,1.7586210956161468,1.7601696049970283,zC,1.4902583139238144,B3,374,12
1.6160859427425927,1.6959383192943567,1.6237652345409943,1.6994654277090069,1.6964565726435,zC,1.6297106254217406,B3,374,13
1.684952254578839,2.0016675322827915,1.9385670963104729,2.0182742051848725,2.018833710205203,zC,1.4116602831580685,B3,374,14
1.52506460892895,1.9516855172488046,1.9204588150895807,1.9535294671149903,1.9608359169382155,zC,1.316048674554552,B3,374,15
1.577467590448887,2.002743999510219,1.9220778580551494,2.0045818457889135,2.0076505559201725,zC,1.4572546360140712,B3,374,16
1.6488776744312763,1.9044537573973,1.8760941296999991,1.9083235762975144,1.9112734327080387,zC,1.660709816085588,B3,374,17
1.5947022465627085,1.9241445387953204,1.8859722941754835,1.926942681547414,1.928064560878643,zC,1.6819129968023017,B3,374,18
1.70697313591575,1.9510010488840899,1.8915185142075,1.9459670628308017,1.9400452019092014,zC,1.5507916578561365,B3,374,19
1.5406190147937318,1.9974235840758514,1.8977731766512487,1.9972320268944386,2.0015199618574147,zC,1.3899639118107603,B3,374,20
1.616317008164911,2.0122724626393005,1.9169747074450667,2.009723454832223,2.00940207967663,zC,1.5095098250386347,B3,374,21
1.5245208951026845,1.9819924044388895,1.9489477311587187,1.97921557714535,1.9783998725474412,zC,1.3752536365910117,B3,374,22
1.357013801155489,1.8120217017933073,1.7742898341322189,1.8162145990979832,1.8159051901213068,zC,1.278557765644111,B3,374,23
1.697834773669546,1.713024824259588,1.6664385208242443,1.7112825716507123,1.7138876373271443,zC,1.5051502864575936,B3,374,24
1.3755937740959732,1.889005954206548,1.8346634728642663,1.889028439720281,1.888397059528419,zC,1.3859980279201658,B3,374,25
1.385242104299844,1.8058584538297437,1.7220240437099588,1.8035767818147441,1.8045455428789647,zC,1.3546950260531128,B3,374,26
1.6028011475350412,1.8646587563232837,1.7844421881564783,1.8680084082483612,1.8636005195756475,zC,1.3473299841075845,B3,374,27
1.5423227861767097,1.9541505800775683,1.8691311739120626,1.9503016316270272,1.9521993123707115,zC,1.4355570264724715,B3,374,28
1.4631845790595963,1.8293778630615891,1.7469370609849402,1.8295652653960355,1.8301452104202753,zC,1.1452982494893478,B3,374,29
1.7807457603298145,1.8547806044922455,1.7946301791700492,1.8569334664503698,1.855008656465069,zC,1.5948723644584768,B3,374,30
1.558720919498838,2.027634446552673,1.8389428417084408,2.026679650010479,2.0291051646942035,zF,0.8539095955024304,B3,374,-6
1.2006984043342244,1.1608142512097466,1.1202077789119682,1.1604267766775838,1.160787105746171,zF,-0.8906434815632903,B3,374,-5
1.043579141390259,1.0142495704295889,1.0490193869783537,1.0142058760013262,1.014242593827224,zF,-1.8544612971596202,B3,374,-4
1.0136039694333299,1.0512065354283235,1.0242757957681348,1.0511903656144697,1.0512161527265413,zF,-2.5886320690833764,B3,374,-3
1.0041872064239854,1.0799274299083876,1.016784120584685,1.0798421269084746,1.080079092916729,zF,-1.8864878481458793,B3,374,-2
1.0026259600630492,1.0509703125162382,1.0,1.0508074639670149,1.0509311808924855,zF,-1.1634313822421278,B3,374,-1
1.5437559157705179,1.043321826572272,1.0017720596058666,1.488248077655907,1.1906668819468518,zF,2.623613762382397,B3,374,0
1.4398822044641806,1.932368831553934,1.8746954689026747,1.6613174462216693,1.708404488704868,zF,2.49506870834759,B3,374,1
1.4669366458234816,2.248899603283366,2.197830294474369,2.053718222257119,2.0634970198174316,zF,2.3300000258921165,B3,374,2
1.4158184480749354,2.1105160231614617,2.0510574732429054,1.964813305951368,2.0049947231207277,zF,2.7224967241317093,B3,374,3
1.6022053312049933,2.0706161080185854,2.0683685881099234,1.9975690052129922,1.9975116825890498,zF,2.391954321062886,B3,374,4
1.7125413555219662,1.9644476659680088,1.9573628641428276,1.9630197789218158,1.9609245995687246,zF,2.32847566154157,B3,374,5
1.784036513938179,1.9103251710688491,1.919128985569892,1.9102645409316328,1.91174223848875,zF,1.9971680571859391,B3,374,6
1.9091713867519937,1.8721625198085754,1.8771202158593843,1.8719414757710113,1.8717992342024163,zF,2.189265164771283,B3,374,7
1.7340858169907778,1.883162501146992,1.9519706747869043,1.8842679959850444,1.882427675163386,zF,1.5369403579064955,B3,374,8
1.5330131263094815,1.9662447718716132,1.9567536606407387,1.9650882057292367,1.9646576239902438,zF,1.4922185779821768,B3,374,9
1.5076822248221557,1.798226569316526,1.784106750053878,1.797326299862306,1.7974135727724727,zF,1.5697119107678528,B3,374,10
1.7876230061335814,1.9870717877491217,1.9779816387772582,1.9831546698013727,1.9851280412680434,zF,1.3281060107577107,B3,374,11
1.4311871751598833,1.8202760797648772,1.7338742240566447,1.8208625341634996,1.823035876930983,zF,1.6830605693996072,B3,374,12
1.7298769813811967,1.8209477041452937,1.7285845319428426,1.825221574379449,1.8230868840057781,zF,1.8151000749970256,B3,374,13
1.8043837049296962,1.997732741983389,1.9524078701079308,2.0116667191380437,2.011608244932224,zF,1.649153055591825,B3,374,14
1.5991393548780761,1.9334501634593915,1.9365754835283924,1.9385094222607766,1.946096600642955,zF,1.5746789235346499,B3,374,15
1.6799289539220839,2.004107582682646,1.9389601454727903,2.009407018049732,2.0140003423195147,zF,1.7123507390152675,B3,374,16
1.7514183945337596,1.865257902425862,1.858690180081885,1.8711957324307043,1.8753026980474279,zF,1.9078194348390523,B3,374,17
1.6947353887039582,1.9173901518814684,1.91004242981021,1.9228407035315696,1.9262371888965675,zF,1.9236064331761513,B3,374,18
1.8131977550446579,1.9532910979208946,1.932222447270601,1.9482866679468425,1.9402094896054938,zF,1.805397961723495,B3,374,19
1.6398358138129785,1.8965401348175837,1.8346782463503888,1.8975211912604757,1.9011430312632835,zF,1.6774342210298232,B3,374,20
1.7459214556024454,2.0244300806257653,1.9634584726005893,2.0230193516674726,2.023265389067472,zF,1.7687179945138631,B3,374,21
1.6497884631431463,1.898392136460791,1.903452038972865,1.8955011234639445,1.8946891178580467,zF,1.6604599628027652,B3,374,22
1.440464459912275,1.8851361069434718,1.8860366088529186,1.8858735168412437,1.88453977197068,zF,1.5380180489807231,B3,374,23
1.8348240910252533,1.8428749537997058,1.8122485621447044,1.8414949998899905,1.8445268807511275,zF,1.7025127620472322,B3,374,24
1.4736060400854456,1.8996557424844378,1.8868218730475619,1.8989989583583378,1.899220771792091,zF,1.6314897672760398,B3,374,25
1.4771992489178822,1.9031709398045815,1.8589378473078837,1.9012339857140763,1.901594705312871,zF,1.6053510808488665,B3,374,26
1.719387068071008,1.9122063929705921,1.8755521387879128,1.914768410598561,1.91171176908967,zF,1.5969914075185485,B3,374,27
1.6728843223173218,1.9256061780675067,1.8782729970045005,1.922412815936098,1.9237351351007883,zF,1.6873561081601642,B3,374,28
1.5401696950005017,1.8342073815393687,1.8062567948062296,1.8332268292730494,1.8333468794485013,zF,1.4279736633610103,B3,374,29
1.9130570473033017,1.8750879565996392,1.833515073013856,1.87695977502479,1.874815844544737,zF,1.8101915782693594,B3,374,30
1.3803566952898205,1.842532824245359,1.9076197864842626,1.8429383035654658,1.8450951098150203,zC,0.45424472783888464,B4,374,-6
1.2218142700513548,1.1896961127156516,1.1608045452188223,1.189701447321258,1.1896253597844872,zC,-1.5671345826114562,B4,374,-5
1.0511120571186081,1.0182119049414515,1.0693164087719014,1.0182137482764757,1.0182077615656935,zC,-2.5461240950491977,B4,374,-4
1.0173523850522523,1.0612921470593868,1.0370935128408645,1.061383558957076,1.0613107379459403,zC,-3.2771659383723284,B4,374,-3
1.005530839700881,1.0899286156688721,1.0222161897883955,1.089977840170332,1.0899571098093412,zC,-2.5713188524811623,B4,374,-2
1.6644064713795075,1.075298334475607,1.0,1.0752961947572222,1.0752923653253168,zC,-1.8503859483773555,B4,374,-1
1.6207201291803095,1.686680797022887,1.6642468807352269,1.195343076361653,1.5853757702462985,zC,3.197433086362416,B4,374,0
1.6203710282964339,2.1966171029256345,2.1531501407942923,2.0581139691973176,2.076213975345903,zC,2.5705161266433243,B4,374,1
1.5261629942960904,2.44559545448538,2.390083490238063,2.260960288218327,2.272725026097045,zC,2.239313473122389,B4,374,2
1.3400879926878173,2.1452260053081584,2.0989004511839067,2.0023375481732018,2.026506000973282,zC,2.4463635034105207,B4,374,3
1.4943646176861294,2.377931684498055,2.384236869469895,2.2915720992313187,2.2932538679743724,zC,1.8228404816640114,B4,374,4
1.8256538844045926,1.9519400418184236,1.9208279577142224,1.949726703101257,1.9474639409778616,zC,1.8752214943221983,B4,374,5
2.0469639440749954,2.512284956303494,2.520091131459911,2.5122195372877303,2.5149398572265853,zC,1.5456168084536865,B4,374,6
1.7074773945226185,2.483993787337922,2.478460147966961,2.4838649150414924,2.4841650629218046,zC,1.9198172002628215,B4,374,7
1.8224014189174211,2.517278101271523,2.5541967899685183,2.5190056281202784,2.515697545138171,zC,1.1993399711694013,B4,374,8
1.8520718547901667,2.5531719028758015,2.487933360296696,2.548490735774832,2.5526357521518173,zC,1.1888014531870996,B4,374,9
1.5936025951043764,2.416271554510572,2.3777877571839987,2.4159348189736627,2.416116471589565,zC,1.397251991307385,B4,374,10
2.103838370400833,2.6599700629975707,2.564302608780534,2.660382346940879,2.662450960615663,zC,1.1485933076603068,B4,374,11
1.406849987286081,2.303087464400058,2.210400656759921,2.3039138068953906,2.3064138295980694,zC,1.5118012184529612,B4,374,12
1.998406356109266,1.9409496775239417,1.8505826082092003,1.9456307491667102,1.9404096086934668,zC,1.56382265766533,B4,374,13
1.9487148202397904,2.512343612545786,2.4388483969369643,2.5232110378684474,2.5261572530769127,zC,1.55474306409638,B4,374,14
1.3821753487556354,2.3493369495576877,2.3172548794429764,2.346274822456136,2.3548056939814446,zC,1.3974590800896423,B4,374,15
1.8358741521815465,2.2393802854217304,2.157490976802268,2.2395538189969666,2.2439698491093956,zC,1.3961089360036865,B4,374,16
1.7341912177874237,2.390288346802488,2.3908955984105824,2.393416719949245,2.3972084421081417,zC,1.5251975485345095,B4,374,17
1.6440911830013598,2.3928058105452874,2.3581812326053955,2.3960026688394773,2.402267695482315,zC,1.6514856225260994,B4,374,18
1.9830205905717178,2.2202120467120343,2.167439808135013,2.215718711078156,2.2101432700903563,zC,1.4169732832511162,B4,374,19
1.3372965564765886,2.5295549218421707,2.450448099970179,2.530109382591729,2.5341051962704317,zC,1.4491562394996746,B4,374,20
1.5001515114711537,2.0436034920864,1.9603142431594405,2.0424336989071534,2.041246346783787,zC,1.4415922920710533,B4,374,21
1.9986491281816705,2.4273398534110986,2.3934786413836937,2.4252332709780293,2.4258092914420955,zC,1.3089065314641388,B4,374,22
1.3992207932367986,2.62853685133662,2.589752972504318,2.6336198167866063,2.6350587727141574,zC,1.3879351077756465,B4,374,23
1.5105874706320968,1.8960059684677302,1.8362382024027035,1.8955641564325647,1.8968050003514367,zC,1.4532376205646953,B4,374,24
1.5466753961367976,2.180630163893838,2.1242182405372523,2.180936444438475,2.1782430589826203,zC,1.310830071281447,B4,374,25
1.5000495453213727,2.3773932612555404,2.276023380952738,2.375426704681214,2.376610770007667,zC,1.4137052314439196,B4,374,26
1.9624151865938315,2.3949542828639765,2.3052528252331728,2.3995151559957626,2.393952641198662,zC,1.2857764209897624,B4,374,27
1.9677765786389745,2.4544402016943714,2.366720186403841,2.4542118701932147,2.4555522549316438,zC,1.4767932281535945,B4,374,28
1.466615370020912,2.6004293890128922,2.5295169551022525,2.5985142978768327,2.598050209637315,zC,1.327988257885674,B4,374,29
1.53946778413261,2.146529645885906,2.0857466004187835,2.1514211650928363,2.1483596336244646,zC,1.562164769854023,B4,374,30
2.379055361246381,2.610241516931333,2.6349499199005497,2.608373079547985,2.614854429706298,zF,1.6525711010242439,B4,374,-6
1.1774084261790307,1.1519778460844325,1.128241758051309,1.1519815914989486,1.1519220922770017,zF,-1.3545478779807851,B4,374,-5
1.040397376900299,1.0144090292645709,1.0548899406316714,1.0144104354567816,1.0144057144551475,zF,-2.3119080160242502,B4,374,-4
1.0137360078987268,1.048438370898117,1.029344186693711,1.0485109820968417,1.048453207462148,zF,-3.0472413574819126,B4,374,-3
1.0043912140075606,1.0714939662911651,1.0175657397895173,1.0715331255969331,1.0715189894582662,zF,-2.3469788717133038,B4,374,-2
1.4592121024519324,1.0596448280147932,1.0,1.0596429777554932,1.0596400914123,zF,-1.6230279176009574,B4,374,-1
1.660745869916878,1.471334270964572,1.4591108356418436,1.392386352489864,2.2517424582625627,zF,3.960931504809859,B4,374,0
2.316194530741639,2.393124754042601,2.372549748430657,2.253480720308361,2.240716623226744,zF,3.5674447536148035,B4,374,1
2.289813950891617,2.5394067933087334,2.5114393080270982,2.4074962097676234,2.406472472791635,zF,3.2036955276037937,B4,374,2
2.41975694909887,2.405827342679259,2.3834788774523363,2.2837073602394504,2.2980978354829626,zF,3.565586689677386,B4,374,3
2.6868954785567407,3.4048888690531043,3.4106195313643797,3.307873583681655,3.3073266532062595,zF,2.7130429708044757,B4,374,4
2.76058148514999,2.5842012326654014,2.5585913399757034,2.5846894888111667,2.5833408070113983,zF,2.8647206610102955,B4,374,5
2.889746181999766,3.46751512545832,3.441484609375499,3.462341372202547,3.465117108777598,zF,2.312146340039976,B4,374,6
2.2333775597597616,3.033576507892871,3.0225427061716417,3.0291336738329253,3.030291104400083,zF,2.7702538600853126,B4,374,7
1.5033720575640948,2.249597496292111,2.2064179822228454,2.250318737019406,2.2482836486790383,zF,1.9084753706115725,B4,374,8
1.4985645336932243,1.9361222893139052,1.8582686739543188,1.9336219452678032,1.9366403229857143,zF,2.0290007757320954,B4,374,9
1.3592239713690641,1.8593949678677373,1.834417789259842,1.8588846792349245,1.8587163239935498,zF,2.27879881700924,B4,374,10
2.0580741100625293,2.0991675456277608,1.992140925857882,2.0977547877274882,2.100031680461604,zF,1.9094723993060418,B4,374,11
1.6813716782995283,2.4591785239223833,2.4136671996886796,2.4593988294243494,2.4615069758851265,zF,2.4449185549731345,B4,374,12
1.9728865333738033,1.7786146722227087,1.7303575990273474,1.779091607448934,1.7772565154407698,zF,2.572747615809919,B4,374,13
2.073779596688904,2.532346722795831,2.473084433202208,2.5544052589496746,2.5550081800364284,zF,2.370528614758323,B4,374,14
1.866257438672951,2.0102058190618726,1.9811527568329383,2.0081404745209275,2.0146678173315995,zF,2.272091157806993,B4,374,15
2.3859595563922924,2.5539099517888433,2.4896581434114107,2.5519347939516193,2.553031011636809,zF,2.4675850506077124,B4,374,16
2.2736055088200238,2.6468808275618527,2.651409819833099,2.654424327280368,2.6557132460189328,zF,2.3718103209964583,B4,374,17
2.171717846686793,2.345437862088881,2.309160344005515,2.3485556675829065,2.3528189842427576,zF,2.508419933855843,B4,374,18
2.9243626210820244,2.62880959227594,2.583264318530776,2.622778418814519,2.6201087999331443,zF,2.4735181249791243,B4,374,19
1.8474265174604054,3.1963497853625347,3.110538674172528,3.1960852974060256,3.2088988589600183,zF,2.2029807513971114,B4,374,20
1.6224058544467643,1.7797438052334547,1.7282192724028997,1.776777969130607,1.776591978444051,zF,2.3657933929188,B4,374,21
1.8294740834528458,2.3086231677084696,2.260314666178255,2.309937933117702,2.308623395978845,zF,2.1720632334739762,B4,374,22
1.2906802434357998,2.1127265777041795,2.0693182839326774,2.1212757926576242,2.1221245662229045,zF,2.2492094092658848,B4,374,23
1.5221840331334129,1.391352999385867,1.3594391499585714,1.3909561587916965,1.3913914249667674,zF,2.3275437788099214,B4,374,24
1.5829988793797325,2.199637783905701,2.1490087094298747,2.1965737404555683,2.194799487765834,zF,2.2464190449335946,B4,374,25
1.351120871147178,1.7078107864713186,1.642893097039646,1.706895826071061,1.7074616964759322,zF,2.29775828113652,B4,374,26
2.270277159391603,1.9288691582918722,1.857262606769127,1.9344922224102177,1.9263651800152792,zF,2.1566385563997503,B4,374,27
2.1514685523521,2.9762139768200715,2.9064619631559374,2.9753690980285223,2.9800134884810565,zF,2.412600424637129,B4,374,28
1.5248126491490437,2.1644506115866844,2.0856628677869047,2.165484976108022,2.167716527596986,zF,2.018844782543462,B4,374,29
2.098459221408226,2.027774378549565,1.9809698864294185,2.0326952883781444,2.030208178867955,zF,2.4431423055209143,B4,374,30
1.2512907018748611,1.5303217447102802,1.5620060803013445,1.530565549125497,1.5316667088259481,zU,0.35792735541593557,C0,374,-6
1.0,1.0,1.0,1.0,1.0,zU,-1.6806324682053366,C0,374,-5
1.0,1.0,1.0,1.0,1.0,zU,-2.5558054979113036,C0,374,-4
1.0,1.0,1.0,1.0,1.0,zU,-3.3075188152830255,C0,374,-3
1.0,1.0,1.0,1.0,1.0,zU,-2.6266137452618388,C0,374,-2
1.000211406062496,1.0,nan,1.0,1.0,zU,-1.8913120923858382,C0,374,-1
1.0578395722322798,1.0350476887996378,1.000041027132656,1.512153602723766,1.150342776266611,zU,2.107650688047208,C0,374,0
1.0523497045096335,1.2102124393519655,1.1681993171721452,1.0700863603385986,1.096184558167088,zU,1.959976007451607,C0,374,1
1.0546588591121027,1.4605439509825822,1.407870469537284,1.2905961899803284,1.3134565608209088,zU,1.8012635046971874,C0,374,2
1.080249123647384,1.3956306273560886,1.3528688445405956,1.2784813082320845,1.3080842680562925,zU,2.165709912769206,C0,374,3
1.2201428712508813,1.6569467979079977,1.6371311578959058,1.5546472391010742,1.5676433474741078,zU,1.7059659025077145,C0,374,4
1.261953546699926,1.6143699500298134,1.5814781332860084,1.614371446097351,1.6125365994303977,zU,1.7735900124791597,C0,374,5
1.2430102395705387,1.7274794624993843,1.7084452119315117,1.7274412725457982,1.7287365792842104,zU,1.2836794308546506,C0,374,6
1.35141705985953,1.6383286470162055,1.6252646571994367,1.6382189389479704,1.6380615035090018,zU,1.622538324585486,C0,374,7
1.2703705087060693,1.8378242966718386,1.849468412599872,1.838773933445851,1.8372711316651609,zU,0.9696941235635479,C0,374,8
1.220652937077913,1.8425295995444073,1.7771431929921844,1.8412772639930342,1.8417373429569102,zU,0.9574104808417511,C0,374,9
1.1482331770947283,1.5808804142932267,1.5283730020367152,1.5808264077074445,1.5807853670168817,zU,1.0708425076978234,C0,374,10
1.2137329492630768,1.7928249568663934,1.6867943947895319,1.7928999031950907,1.7939005440808031,zU,0.79577786650273,C0,374,11
1.0778834445558196,1.4341773721914175,1.347035188860421,1.4344603217838061,1.4351720987196843,zU,1.1549369131436245,C0,374,12
1.1408249067847127,1.4545504024996767,1.3751207977833961,1.4561939292998947,1.4551901321799303,zU,1.3652061895565772,C0,374,13
1.1450212863158515,1.6229518876155515,1.550182649395127,1.6312484667472869,1.6317429865104371,zU,1.0938736189293201,C0,374,14
1.0962136486269551,1.560193638635559,1.521867105773061,1.5591055067891513,1.5626871437665026,zU,1.1271833818284471,C0,374,15
1.1723109615155398,1.613197703502011,1.5451115553741555,1.6131021040190967,1.614144066373642,zU,1.2215868698879786,C0,374,16
1.1899816140231312,1.521731558476225,1.5023306794721498,1.5241906993820933,1.5263394410500721,zU,1.2667887362087975,C0,374,17
1.1519231346437038,1.5502579812973327,1.5097540981393964,1.5512850355219185,1.5530503685736463,zU,1.3683195901585676,C0,374,18
1.1812994994523085,1.6550534992504895,1.5964148635051496,1.6512567890072023,1.6451227196620715,zU,1.247955781381242,C0,374,19
1.1520711482468875,1.6249119943564576,1.541718285306182,1.6256400469953018,1.6299002872167996,zU,1.063146299064079,C0,374,20
1.1534715999378335,1.6573334336287149,1.5805223627566278,1.656174914200393,1.6549327318793026,zU,1.2790243520665938,C0,374,21
1.191567601622064,1.6960182736723488,1.65262888700834,1.6944113983513895,1.694291881775764,zU,1.1002192582006463,C0,374,22
1.1129122389590382,1.7225805069696227,1.675552586659777,1.7251792583085794,1.7251917302381992,zU,1.0162210611216476,C0,374,23
1.1766158747424857,1.4815136583801765,1.4261641313875175,1.4809934770784472,1.4815693210395726,zU,1.2408725020879767,C0,374,24
1.1377362119222703,1.5602110356918366,1.497449363788914,1.5600238455042732,1.5598963025487644,zU,1.1000338367111395,C0,374,25
1.1160613340471364,1.6791354121203559,1.5812121700899944,1.679195963224667,1.6788178845416413,zU,1.1502426178514353,C0,374,26
1.1604732874629622,1.6655093284306983,1.573446513836882,1.6686970128238572,1.6656437702347968,zU,1.0694934119897495,C0,374,27
1.1667623333468344,1.5946242129281192,1.5076507610523995,1.5945628894881332,1.5953135252921202,zU,1.1480283089468497,C0,374,28
1.1251681345316722,1.7848917105736481,1.7073841826049767,1.784870758789971,1.7857423342608785,zU,0.879821327290016,C0,374,29
1.1559259923254308,1.4785729101374137,1.414856095635167,1.4808348561697458,1.4791134598106226,zU,1.297447763838439,C0,374,30
