task,metric,metric_label,ablation,module_removed,full_mean,full_std,full_CI_lo,full_CI_hi,ablation_mean,ablation_std,ablation_CI_lo,ablation_CI_hi,t_stat,t_p,wilcoxon_p,cohens_d,d_interp,sig,pct_degradation,verdict,predicted,prediction_match
A,decay_time,"Decay Time (steps, higher=better)",TAN-no-surprise,surprise,8.0,0.0,8.0,8.0,25.0,0.0,25.0,25.0,-inf,0.0,6.856641447475644e-18,-1000.0,extreme,***,-212.5,IMPROVED,broken,False
A,decay_time,"Decay Time (steps, higher=better)",TAN-no-attention,attention,8.0,0.0,8.0,8.0,7.0,0.0,7.0,7.0,inf,0.0,6.856641447475644e-18,1000.0,extreme,***,12.5,DEGRADED,preserved,False
A,decay_time,"Decay Time (steps, higher=better)",TAN-no-gate,gate,8.0,0.0,8.0,8.0,25.0,0.0,25.0,25.0,-inf,0.0,6.856641447475644e-18,-1000.0,extreme,***,-212.5,IMPROVED,preserved,False
B,false_spike_rate,False Spike Rate (lower=better),TAN-no-surprise,surprise,0.14150000000000001,0.0297137705999307,0.1335,0.14950000000000002,0.9714999999999999,0.023151012672345504,0.965,0.9775125,-155.80831675933476,9.775292888852377e-114,6.856641447475644e-18,-31.16166335186695,very large,***,586.572438162544,BROKEN,broken,True
B,false_spike_rate,False Spike Rate (lower=better),TAN-no-attention,attention,0.14150000000000001,0.0297137705999307,0.1335,0.14950000000000002,0.11899999999999998,0.02398979374820952,0.1125,0.1255,4.16606899100964,6.887484308900496e-05,0.0001866362633237576,0.8332137982019279,large,***,-15.901060070671399,IMPROVED,degraded,False
B,false_spike_rate,False Spike Rate (lower=better),TAN-no-gate,gate,0.14150000000000001,0.0297137705999307,0.1335,0.14950000000000002,0.5010000000000001,0.010050890913907358,0.49849999999999994,0.5035000000000001,-81.04049983452799,4.5896495625091896e-63,6.856641447475644e-18,-16.208099966905596,very large,***,254.0636042402827,BROKEN,broken,True
C,final_err,Final Error (lower=better),TAN-no-surprise,surprise,5.9999999999999725,8.97195690676443e-16,5.9999999999999725,5.9999999999999725,42.00000000000006,0.0,42.00000000000006,42.00000000000006,-2.837267765243419e+17,0.0,6.856641447475644e-18,-1000.0,extreme,***,600.0000000000042,BROKEN,degraded,True
C,final_err,Final Error (lower=better),TAN-no-attention,attention,5.9999999999999725,8.97195690676443e-16,5.9999999999999725,5.9999999999999725,28.00000000000002,0.0,28.00000000000002,28.00000000000002,-1.7338858565376445e+17,0.0,6.856641447475644e-18,-1000.0,extreme,***,366.6666666666692,BROKEN,degraded,True
C,final_err,Final Error (lower=better),TAN-no-gate,gate,5.9999999999999725,8.97195690676443e-16,5.9999999999999725,5.9999999999999725,42.00000000000006,0.0,42.00000000000006,42.00000000000006,-2.837267765243419e+17,0.0,6.856641447475644e-18,-1000.0,extreme,***,600.0000000000042,BROKEN,broken,True
D,final_err,Final Error (lower=better),TAN-no-surprise,surprise,13.006782670879266,5.899269538943805,11.437695026168567,14.604754481821944,47.079519080923326,2.5299292162071,46.35999114816668,47.799127964227864,-37.53472799376758,1.872921691339372e-46,6.856641447475644e-18,-7.506945598753516,very large,***,261.96129567328825,BROKEN,broken,True
D,final_err,Final Error (lower=better),TAN-no-attention,attention,13.006782670879266,5.899269538943805,11.437695026168567,14.604754481821944,11.815902154785793,7.461813918933465,9.824347253404188,13.863883188181495,0.8852721069615639,0.3782919756231178,0.3775557007331488,0.1770544213923128,negligible,ns,-9.15584234954369,IMPROVED,degraded,False
D,final_err,Final Error (lower=better),TAN-no-gate,gate,13.006782670879266,5.899269538943805,11.437695026168567,14.604754481821944,50.283593408550004,2.851306524758634,49.50475228746654,51.07935371896011,-40.22875381131891,1.8202725357757462e-50,6.856641447475644e-18,-8.045750762263783,very large,***,286.59516869709336,BROKEN,broken,True
