task,variant,seed,decay_time,total_spikes,early_spikes,false_spike_rate,final_err,convergence,final_pos
A,TAN-full,0,8.0,5,2.0,,,,
A,TAN-no-surprise,0,25.0,25,3.0,,,,
A,TAN-no-attention,0,7.0,2,0.0,,,,
A,TAN-no-gate,0,25.0,24,2.0,,,,
A,TAN-full,1,8.0,5,2.0,,,,
A,TAN-no-surprise,1,25.0,25,3.0,,,,
A,TAN-no-attention,1,7.0,2,0.0,,,,
A,TAN-no-gate,1,25.0,24,2.0,,,,
A,TAN-full,2,8.0,5,2.0,,,,
A,TAN-no-surprise,2,25.0,25,3.0,,,,
A,TAN-no-attention,2,7.0,2,0.0,,,,
A,TAN-no-gate,2,25.0,24,2.0,,,,
A,TAN-full,3,8.0,5,2.0,,,,
A,TAN-no-surprise,3,25.0,25,3.0,,,,
A,TAN-no-attention,3,7.0,2,0.0,,,,
A,TAN-no-gate,3,25.0,24,2.0,,,,
A,TAN-full,4,8.0,5,2.0,,,,
A,TAN-no-surprise,4,25.0,25,3.0,,,,
A,TAN-no-attention,4,7.0,2,0.0,,,,
A,TAN-no-gate,4,25.0,24,2.0,,,,
A,TAN-full,5,8.0,5,2.0,,,,
A,TAN-no-surprise,5,25.0,25,3.0,,,,
A,TAN-no-attention,5,7.0,2,0.0,,,,
A,TAN-no-gate,5,25.0,24,2.0,,,,
A,TAN-full,6,8.0,5,2.0,,,,
A,TAN-no-surprise,6,25.0,25,3.0,,,,
A,TAN-no-attention,6,7.0,2,0.0,,,,
A,TAN-no-gate,6,25.0,24,2.0,,,,
A,TAN-full,7,8.0,5,2.0,,,,
A,TAN-no-surprise,7,25.0,25,3.0,,,,
A,TAN-no-attention,7,7.0,2,0.0,,,,
A,TAN-no-gate,7,25.0,24,2.0,,,,
A,TAN-full,8,8.0,5,2.0,,,,
A,TAN-no-surprise,8,25.0,25,3.0,,,,
A,TAN-no-attention,8,7.0,2,0.0,,,,
A,TAN-no-gate,8,25.0,24,2.0,,,,
A,TAN-full,9,8.0,5,2.0,,,,
A,TAN-no-surprise,9,25.0,25,3.0,,,,
A,TAN-no-attention,9,7.0,2,0.0,,,,
A,TAN-no-gate,9,25.0,24,2.0,,,,
A,TAN-full,10,8.0,5,2.0,,,,
A,TAN-no-surprise,10,25.0,25,3.0,,,,
A,TAN-no-attention,10,7.0,2,0.0,,,,
A,TAN-no-gate,10,25.0,24,2.0,,,,
A,TAN-full,11,8.0,5,2.0,,,,
A,TAN-no-surprise,11,25.0,25,3.0,,,,
A,TAN-no-attention,11,7.0,2,0.0,,,,
A,TAN-no-gate,11,25.0,24,2.0,,,,
A,TAN-full,12,8.0,5,2.0,,,,
A,TAN-no-surprise,12,25.0,25,3.0,,,,
A,TAN-no-attention,12,7.0,2,0.0,,,,
A,TAN-no-gate,12,25.0,24,2.0,,,,
A,TAN-full,13,8.0,5,2.0,,,,
A,TAN-no-surprise,13,25.0,25,3.0,,,,
A,TAN-no-attention,13,7.0,2,0.0,,,,
A,TAN-no-gate,13,25.0,24,2.0,,,,
A,TAN-full,14,8.0,5,2.0,,,,
A,TAN-no-surprise,14,25.0,25,3.0,,,,
A,TAN-no-attention,14,7.0,2,0.0,,,,
A,TAN-no-gate,14,25.0,24,2.0,,,,
A,TAN-full,15,8.0,5,2.0,,,,
A,TAN-no-surprise,15,25.0,25,3.0,,,,
A,TAN-no-attention,15,7.0,2,0.0,,,,
A,TAN-no-gate,15,25.0,24,2.0,,,,
A,TAN-full,16,8.0,5,2.0,,,,
A,TAN-no-surprise,16,25.0,25,3.0,,,,
A,TAN-no-attention,16,7.0,2,0.0,,,,
A,TAN-no-gate,16,25.0,24,2.0,,,,
A,TAN-full,17,8.0,5,2.0,,,,
A,TAN-no-surprise,17,25.0,25,3.0,,,,
A,TAN-no-attention,17,7.0,2,0.0,,,,
A,TAN-no-gate,17,25.0,24,2.0,,,,
A,TAN-full,18,8.0,5,2.0,,,,
A,TAN-no-surprise,18,25.0,25,3.0,,,,
A,TAN-no-attention,18,7.0,2,0.0,,,,
A,TAN-no-gate,18,25.0,24,2.0,,,,
A,TAN-full,19,8.0,5,2.0,,,,
A,TAN-no-surprise,19,25.0,25,3.0,,,,
A,TAN-no-attention,19,7.0,2,0.0,,,,
A,TAN-no-gate,19,25.0,24,2.0,,,,
A,TAN-full,20,8.0,5,2.0,,,,
A,TAN-no-surprise,20,25.0,25,3.0,,,,
A,TAN-no-attention,20,7.0,2,0.0,,,,
A,TAN-no-gate,20,25.0,24,2.0,,,,
A,TAN-full,21,8.0,5,2.0,,,,
A,TAN-no-surprise,21,25.0,25,3.0,,,,
A,TAN-no-attention,21,7.0,2,0.0,,,,
A,TAN-no-gate,21,25.0,24,2.0,,,,
A,TAN-full,22,8.0,5,2.0,,,,
A,TAN-no-surprise,22,25.0,25,3.0,,,,
A,TAN-no-attention,22,7.0,2,0.0,,,,
A,TAN-no-gate,22,25.0,24,2.0,,,,
A,TAN-full,23,8.0,5,2.0,,,,
A,TAN-no-surprise,23,25.0,25,3.0,,,,
A,TAN-no-attention,23,7.0,2,0.0,,,,
A,TAN-no-gate,23,25.0,24,2.0,,,,
A,TAN-full,24,8.0,5,2.0,,,,
A,TAN-no-surprise,24,25.0,25,3.0,,,,
A,TAN-no-attention,24,7.0,2,0.0,,,,
A,TAN-no-gate,24,25.0,24,2.0,,,,
A,TAN-full,25,8.0,5,2.0,,,,
A,TAN-no-surprise,25,25.0,25,3.0,,,,
A,TAN-no-attention,25,7.0,2,0.0,,,,
A,TAN-no-gate,25,25.0,24,2.0,,,,
A,TAN-full,26,8.0,5,2.0,,,,
A,TAN-no-surprise,26,25.0,25,3.0,,,,
A,TAN-no-attention,26,7.0,2,0.0,,,,
A,TAN-no-gate,26,25.0,24,2.0,,,,
A,TAN-full,27,8.0,5,2.0,,,,
A,TAN-no-surprise,27,25.0,25,3.0,,,,
A,TAN-no-attention,27,7.0,2,0.0,,,,
A,TAN-no-gate,27,25.0,24,2.0,,,,
A,TAN-full,28,8.0,5,2.0,,,,
A,TAN-no-surprise,28,25.0,25,3.0,,,,
A,TAN-no-attention,28,7.0,2,0.0,,,,
A,TAN-no-gate,28,25.0,24,2.0,,,,
A,TAN-full,29,8.0,5,2.0,,,,
A,TAN-no-surprise,29,25.0,25,3.0,,,,
A,TAN-no-attention,29,7.0,2,0.0,,,,
A,TAN-no-gate,29,25.0,24,2.0,,,,
A,TAN-full,30,8.0,5,2.0,,,,
A,TAN-no-surprise,30,25.0,25,3.0,,,,
A,TAN-no-attention,30,7.0,2,0.0,,,,
A,TAN-no-gate,30,25.0,24,2.0,,,,
A,TAN-full,31,8.0,5,2.0,,,,
A,TAN-no-surprise,31,25.0,25,3.0,,,,
A,TAN-no-attention,31,7.0,2,0.0,,,,
A,TAN-no-gate,31,25.0,24,2.0,,,,
A,TAN-full,32,8.0,5,2.0,,,,
A,TAN-no-surprise,32,25.0,25,3.0,,,,
A,TAN-no-attention,32,7.0,2,0.0,,,,
A,TAN-no-gate,32,25.0,24,2.0,,,,
A,TAN-full,33,8.0,5,2.0,,,,
A,TAN-no-surprise,33,25.0,25,3.0,,,,
A,TAN-no-attention,33,7.0,2,0.0,,,,
A,TAN-no-gate,33,25.0,24,2.0,,,,
A,TAN-full,34,8.0,5,2.0,,,,
A,TAN-no-surprise,34,25.0,25,3.0,,,,
A,TAN-no-attention,34,7.0,2,0.0,,,,
A,TAN-no-gate,34,25.0,24,2.0,,,,
A,TAN-full,35,8.0,5,2.0,,,,
A,TAN-no-surprise,35,25.0,25,3.0,,,,
A,TAN-no-attention,35,7.0,2,0.0,,,,
A,TAN-no-gate,35,25.0,24,2.0,,,,
A,TAN-full,36,8.0,5,2.0,,,,
A,TAN-no-surprise,36,25.0,25,3.0,,,,
A,TAN-no-attention,36,7.0,2,0.0,,,,
A,TAN-no-gate,36,25.0,24,2.0,,,,
A,TAN-full,37,8.0,5,2.0,,,,
A,TAN-no-surprise,37,25.0,25,3.0,,,,
A,TAN-no-attention,37,7.0,2,0.0,,,,
A,TAN-no-gate,37,25.0,24,2.0,,,,
A,TAN-full,38,8.0,5,2.0,,,,
A,TAN-no-surprise,38,25.0,25,3.0,,,,
A,TAN-no-attention,38,7.0,2,0.0,,,,
A,TAN-no-gate,38,25.0,24,2.0,,,,
A,TAN-full,39,8.0,5,2.0,,,,
A,TAN-no-surprise,39,25.0,25,3.0,,,,
A,TAN-no-attention,39,7.0,2,0.0,,,,
A,TAN-no-gate,39,25.0,24,2.0,,,,
A,TAN-full,40,8.0,5,2.0,,,,
A,TAN-no-surprise,40,25.0,25,3.0,,,,
A,TAN-no-attention,40,7.0,2,0.0,,,,
A,TAN-no-gate,40,25.0,24,2.0,,,,
A,TAN-full,41,8.0,5,2.0,,,,
A,TAN-no-surprise,41,25.0,25,3.0,,,,
A,TAN-no-attention,41,7.0,2,0.0,,,,
A,TAN-no-gate,41,25.0,24,2.0,,,,
A,TAN-full,42,8.0,5,2.0,,,,
A,TAN-no-surprise,42,25.0,25,3.0,,,,
A,TAN-no-attention,42,7.0,2,0.0,,,,
A,TAN-no-gate,42,25.0,24,2.0,,,,
A,TAN-full,43,8.0,5,2.0,,,,
A,TAN-no-surprise,43,25.0,25,3.0,,,,
A,TAN-no-attention,43,7.0,2,0.0,,,,
A,TAN-no-gate,43,25.0,24,2.0,,,,
A,TAN-full,44,8.0,5,2.0,,,,
A,TAN-no-surprise,44,25.0,25,3.0,,,,
A,TAN-no-attention,44,7.0,2,0.0,,,,
A,TAN-no-gate,44,25.0,24,2.0,,,,
A,TAN-full,45,8.0,5,2.0,,,,
A,TAN-no-surprise,45,25.0,25,3.0,,,,
A,TAN-no-attention,45,7.0,2,0.0,,,,
A,TAN-no-gate,45,25.0,24,2.0,,,,
A,TAN-full,46,8.0,5,2.0,,,,
A,TAN-no-surprise,46,25.0,25,3.0,,,,
A,TAN-no-attention,46,7.0,2,0.0,,,,
A,TAN-no-gate,46,25.0,24,2.0,,,,
A,TAN-full,47,8.0,5,2.0,,,,
A,TAN-no-surprise,47,25.0,25,3.0,,,,
A,TAN-no-attention,47,7.0,2,0.0,,,,
A,TAN-no-gate,47,25.0,24,2.0,,,,
A,TAN-full,48,8.0,5,2.0,,,,
A,TAN-no-surprise,48,25.0,25,3.0,,,,
A,TAN-no-attention,48,7.0,2,0.0,,,,
A,TAN-no-gate,48,25.0,24,2.0,,,,
A,TAN-full,49,8.0,5,2.0,,,,
A,TAN-no-surprise,49,25.0,25,3.0,,,,
A,TAN-no-attention,49,7.0,2,0.0,,,,
A,TAN-no-gate,49,25.0,24,2.0,,,,
B,TAN-full,0,,10,,0.15,,,
B,TAN-no-surprise,0,,44,,0.975,,,
B,TAN-no-attention,0,,6,,0.125,,,
B,TAN-no-gate,0,,23,,0.5,,,
B,TAN-full,1,,9,,0.15,,,
B,TAN-no-surprise,1,,43,,1.0,,,
B,TAN-no-attention,1,,5,,0.1,,,
B,TAN-no-gate,1,,22,,0.5,,,
B,TAN-full,2,,8,,0.125,,,
B,TAN-no-surprise,2,,42,,0.95,,,
B,TAN-no-attention,2,,6,,0.125,,,
B,TAN-no-gate,2,,22,,0.5,,,
B,TAN-full,3,,8,,0.15,,,
B,TAN-no-surprise,3,,40,,0.925,,,
B,TAN-no-attention,3,,7,,0.15,,,
B,TAN-no-gate,3,,21,,0.475,,,
B,TAN-full,4,,8,,0.125,,,
B,TAN-no-surprise,4,,44,,0.975,,,
B,TAN-no-attention,4,,6,,0.125,,,
B,TAN-no-gate,4,,22,,0.5,,,
B,TAN-full,5,,7,,0.1,,,
B,TAN-no-surprise,5,,44,,1.0,,,
B,TAN-no-attention,5,,4,,0.075,,,
B,TAN-no-gate,5,,23,,0.5,,,
B,TAN-full,6,,10,,0.15,,,
B,TAN-no-surprise,6,,44,,0.975,,,
B,TAN-no-attention,6,,7,,0.125,,,
B,TAN-no-gate,6,,23,,0.5,,,
B,TAN-full,7,,10,,0.175,,,
B,TAN-no-surprise,7,,42,,0.95,,,
B,TAN-no-attention,7,,7,,0.15,,,
B,TAN-no-gate,7,,22,,0.5,,,
B,TAN-full,8,,8,,0.15,,,
B,TAN-no-surprise,8,,44,,0.975,,,
B,TAN-no-attention,8,,6,,0.125,,,
B,TAN-no-gate,8,,23,,0.5,,,
B,TAN-full,9,,10,,0.15,,,
B,TAN-no-surprise,9,,42,,0.925,,,
B,TAN-no-attention,9,,6,,0.125,,,
B,TAN-no-gate,9,,22,,0.5,,,
B,TAN-full,10,,8,,0.125,,,
B,TAN-no-surprise,10,,43,,0.975,,,
B,TAN-no-attention,10,,6,,0.125,,,
B,TAN-no-gate,10,,22,,0.5,,,
B,TAN-full,11,,8,,0.125,,,
B,TAN-no-surprise,11,,44,,1.0,,,
B,TAN-no-attention,11,,6,,0.125,,,
B,TAN-no-gate,11,,23,,0.5,,,
B,TAN-full,12,,8,,0.125,,,
B,TAN-no-surprise,12,,42,,0.925,,,
B,TAN-no-attention,12,,6,,0.125,,,
B,TAN-no-gate,12,,22,,0.5,,,
B,TAN-full,13,,9,,0.125,,,
B,TAN-no-surprise,13,,45,,1.0,,,
B,TAN-no-attention,13,,5,,0.1,,,
B,TAN-no-gate,13,,23,,0.5,,,
B,TAN-full,14,,9,,0.15,,,
B,TAN-no-surprise,14,,42,,0.95,,,
B,TAN-no-attention,14,,6,,0.125,,,
B,TAN-no-gate,14,,22,,0.5,,,
B,TAN-full,15,,12,,0.2,,,
B,TAN-no-surprise,15,,45,,1.0,,,
B,TAN-no-attention,15,,7,,0.15,,,
B,TAN-no-gate,15,,22,,0.5,,,
B,TAN-full,16,,9,,0.15,,,
B,TAN-no-surprise,16,,44,,0.975,,,
B,TAN-no-attention,16,,5,,0.1,,,
B,TAN-no-gate,16,,23,,0.5,,,
B,TAN-full,17,,7,,0.125,,,
B,TAN-no-surprise,17,,43,,0.975,,,
B,TAN-no-attention,17,,5,,0.1,,,
B,TAN-no-gate,17,,23,,0.525,,,
B,TAN-full,18,,9,,0.125,,,
B,TAN-no-surprise,18,,45,,1.0,,,
B,TAN-no-attention,18,,5,,0.1,,,
B,TAN-no-gate,18,,23,,0.5,,,
B,TAN-full,19,,8,,0.15,,,
B,TAN-no-surprise,19,,44,,1.0,,,
B,TAN-no-attention,19,,5,,0.1,,,
B,TAN-no-gate,19,,22,,0.5,,,
B,TAN-full,20,,11,,0.15,,,
B,TAN-no-surprise,20,,43,,0.95,,,
B,TAN-no-attention,20,,7,,0.15,,,
B,TAN-no-gate,20,,22,,0.5,,,
B,TAN-full,21,,8,,0.15,,,
B,TAN-no-surprise,21,,43,,0.975,,,
B,TAN-no-attention,21,,7,,0.15,,,
B,TAN-no-gate,21,,21,,0.475,,,
B,TAN-full,22,,8,,0.1,,,
B,TAN-no-surprise,22,,44,,0.975,,,
B,TAN-no-attention,22,,5,,0.1,,,
B,TAN-no-gate,22,,23,,0.5,,,
B,TAN-full,23,,9,,0.175,,,
B,TAN-no-surprise,23,,42,,0.975,,,
B,TAN-no-attention,23,,5,,0.125,,,
B,TAN-no-gate,23,,22,,0.5,,,
B,TAN-full,24,,10,,0.15,,,
B,TAN-no-surprise,24,,45,,1.0,,,
B,TAN-no-attention,24,,7,,0.125,,,
B,TAN-no-gate,24,,23,,0.5,,,
B,TAN-full,25,,9,,0.175,,,
B,TAN-no-surprise,25,,43,,0.975,,,
B,TAN-no-attention,25,,7,,0.15,,,
B,TAN-no-gate,25,,23,,0.525,,,
B,TAN-full,26,,6,,0.075,,,
B,TAN-no-surprise,26,,43,,0.975,,,
B,TAN-no-attention,26,,4,,0.075,,,
B,TAN-no-gate,26,,23,,0.5,,,
B,TAN-full,27,,8,,0.15,,,
B,TAN-no-surprise,27,,43,,0.975,,,
B,TAN-no-attention,27,,6,,0.125,,,
B,TAN-no-gate,27,,22,,0.5,,,
B,TAN-full,28,,8,,0.1,,,
B,TAN-no-surprise,28,,43,,0.95,,,
B,TAN-no-attention,28,,5,,0.1,,,
B,TAN-no-gate,28,,23,,0.5,,,
B,TAN-full,29,,10,,0.175,,,
B,TAN-no-surprise,29,,42,,0.95,,,
B,TAN-no-attention,29,,7,,0.15,,,
B,TAN-no-gate,29,,23,,0.525,,,
B,TAN-full,30,,11,,0.2,,,
B,TAN-no-surprise,30,,42,,0.95,,,
B,TAN-no-attention,30,,8,,0.175,,,
B,TAN-no-gate,30,,23,,0.5,,,
B,TAN-full,31,,8,,0.15,,,
B,TAN-no-surprise,31,,44,,1.0,,,
B,TAN-no-attention,31,,6,,0.125,,,
B,TAN-no-gate,31,,22,,0.525,,,
B,TAN-full,32,,9,,0.125,,,
B,TAN-no-surprise,32,,45,,1.0,,,
B,TAN-no-attention,32,,6,,0.1,,,
B,TAN-no-gate,32,,23,,0.5,,,
B,TAN-full,33,,9,,0.175,,,
B,TAN-no-surprise,33,,42,,0.975,,,
B,TAN-no-attention,33,,6,,0.125,,,
B,TAN-no-gate,33,,22,,0.5,,,
B,TAN-full,34,,8,,0.125,,,
B,TAN-no-surprise,34,,44,,1.0,,,
B,TAN-no-attention,34,,4,,0.075,,,
B,TAN-no-gate,34,,23,,0.5,,,
B,TAN-full,35,,10,,0.175,,,
B,TAN-no-surprise,35,,43,,0.95,,,
B,TAN-no-attention,35,,6,,0.125,,,
B,TAN-no-gate,35,,22,,0.5,,,
B,TAN-full,36,,10,,0.175,,,
B,TAN-no-surprise,36,,43,,0.95,,,
B,TAN-no-attention,36,,6,,0.125,,,
B,TAN-no-gate,36,,23,,0.5,,,
B,TAN-full,37,,12,,0.2,,,
B,TAN-no-surprise,37,,44,,0.975,,,
B,TAN-no-attention,37,,7,,0.15,,,
B,TAN-no-gate,37,,23,,0.5,,,
B,TAN-full,38,,11,,0.175,,,
B,TAN-no-surprise,38,,43,,0.95,,,
B,TAN-no-attention,38,,6,,0.1,,,
B,TAN-no-gate,38,,23,,0.5,,,
B,TAN-full,39,,9,,0.15,,,
B,TAN-no-surprise,39,,43,,0.975,,,
B,TAN-no-attention,39,,5,,0.1,,,
B,TAN-no-gate,39,,23,,0.5,,,
B,TAN-full,40,,8,,0.15,,,
B,TAN-no-surprise,40,,44,,0.975,,,
B,TAN-no-attention,40,,7,,0.15,,,
B,TAN-no-gate,40,,22,,0.5,,,
B,TAN-full,41,,9,,0.1,,,
B,TAN-no-surprise,41,,43,,0.95,,,
B,TAN-no-attention,41,,4,,0.075,,,
B,TAN-no-gate,41,,23,,0.5,,,
B,TAN-full,42,,5,,0.1,,,
B,TAN-no-surprise,42,,43,,1.0,,,
B,TAN-no-attention,42,,4,,0.1,,,
B,TAN-no-gate,42,,21,,0.5,,,
B,TAN-full,43,,8,,0.15,,,
B,TAN-no-surprise,43,,45,,1.0,,,
B,TAN-no-attention,43,,6,,0.125,,,
B,TAN-no-gate,43,,23,,0.525,,,
B,TAN-full,44,,10,,0.15,,,
B,TAN-no-surprise,44,,43,,0.95,,,
B,TAN-no-attention,44,,7,,0.15,,,
B,TAN-no-gate,44,,22,,0.5,,,
B,TAN-full,45,,7,,0.125,,,
B,TAN-no-surprise,45,,41,,0.95,,,
B,TAN-no-attention,45,,5,,0.125,,,
B,TAN-no-gate,45,,21,,0.5,,,
B,TAN-full,46,,8,,0.1,,,
B,TAN-no-surprise,46,,44,,0.975,,,
B,TAN-no-attention,46,,5,,0.1,,,
B,TAN-no-gate,46,,23,,0.5,,,
B,TAN-full,47,,7,,0.075,,,
B,TAN-no-surprise,47,,42,,0.925,,,
B,TAN-no-attention,47,,4,,0.075,,,
B,TAN-no-gate,47,,23,,0.5,,,
B,TAN-full,48,,9,,0.125,,,
B,TAN-no-surprise,48,,44,,1.0,,,
B,TAN-no-attention,48,,6,,0.1,,,
B,TAN-no-gate,48,,23,,0.475,,,
B,TAN-full,49,,8,,0.125,,,
B,TAN-no-surprise,49,,43,,0.975,,,
B,TAN-no-attention,49,,7,,0.125,,,
B,TAN-no-gate,49,,22,,0.5,,,
C,TAN-full,0,,18,,,5.999999999999972,15.0,85.99999999999997
C,TAN-no-surprise,0,,36,,,42.00000000000006,15.0,122.00000000000006
C,TAN-no-attention,0,,1,,,28.00000000000002,300.0,51.99999999999998
C,TAN-no-gate,0,,36,,,42.00000000000006,15.0,122.00000000000006
C,TAN-full,1,,18,,,5.999999999999972,15.0,85.99999999999997
C,TAN-no-surprise,1,,36,,,42.00000000000006,15.0,122.00000000000006
C,TAN-no-attention,1,,1,,,28.00000000000002,300.0,51.99999999999998
C,TAN-no-gate,1,,36,,,42.00000000000006,15.0,122.00000000000006
C,TAN-full,2,,18,,,5.999999999999972,15.0,85.99999999999997
C,TAN-no-surprise,2,,36,,,42.00000000000006,15.0,122.00000000000006
C,TAN-no-attention,2,,1,,,28.00000000000002,300.0,51.99999999999998
C,TAN-no-gate,2,,36,,,42.00000000000006,15.0,122.00000000000006
C,TAN-full,3,,18,,,5.999999999999972,15.0,85.99999999999997
C,TAN-no-surprise,3,,36,,,42.00000000000006,15.0,122.00000000000006
C,TAN-no-attention,3,,1,,,28.00000000000002,300.0,51.99999999999998
C,TAN-no-gate,3,,36,,,42.00000000000006,15.0,122.00000000000006
C,TAN-full,4,,18,,,5.999999999999972,15.0,85.99999999999997
C,TAN-no-surprise,4,,36,,,42.00000000000006,15.0,122.00000000000006
C,TAN-no-attention,4,,1,,,28.00000000000002,300.0,51.99999999999998
C,TAN-no-gate,4,,36,,,42.00000000000006,15.0,122.00000000000006
C,TAN-full,5,,18,,,5.999999999999972,15.0,85.99999999999997
C,TAN-no-surprise,5,,36,,,42.00000000000006,15.0,122.00000000000006
C,TAN-no-attention,5,,1,,,28.00000000000002,300.0,51.99999999999998
C,TAN-no-gate,5,,36,,,42.00000000000006,15.0,122.00000000000006
C,TAN-full,6,,18,,,5.999999999999972,15.0,85.99999999999997
C,TAN-no-surprise,6,,36,,,42.00000000000006,15.0,122.00000000000006
C,TAN-no-attention,6,,1,,,28.00000000000002,300.0,51.99999999999998
C,TAN-no-gate,6,,36,,,42.00000000000006,15.0,122.00000000000006
C,TAN-full,7,,18,,,5.999999999999972,15.0,85.99999999999997
C,TAN-no-surprise,7,,36,,,42.00000000000006,15.0,122.00000000000006
C,TAN-no-attention,7,,1,,,28.00000000000002,300.0,51.99999999999998
C,TAN-no-gate,7,,36,,,42.00000000000006,15.0,122.00000000000006
C,TAN-full,8,,18,,,5.999999999999972,15.0,85.99999999999997
C,TAN-no-surprise,8,,36,,,42.00000000000006,15.0,122.00000000000006
C,TAN-no-attention,8,,1,,,28.00000000000002,300.0,51.99999999999998
C,TAN-no-gate,8,,36,,,42.00000000000006,15.0,122.00000000000006
C,TAN-full,9,,18,,,5.999999999999972,15.0,85.99999999999997
C,TAN-no-surprise,9,,36,,,42.00000000000006,15.0,122.00000000000006
C,TAN-no-attention,9,,1,,,28.00000000000002,300.0,51.99999999999998
C,TAN-no-gate,9,,36,,,42.00000000000006,15.0,122.00000000000006
C,TAN-full,10,,18,,,5.999999999999972,15.0,85.99999999999997
C,TAN-no-surprise,10,,36,,,42.00000000000006,15.0,122.00000000000006
C,TAN-no-attention,10,,1,,,28.00000000000002,300.0,51.99999999999998
C,TAN-no-gate,10,,36,,,42.00000000000006,15.0,122.00000000000006
C,TAN-full,11,,18,,,5.999999999999972,15.0,85.99999999999997
C,TAN-no-surprise,11,,36,,,42.00000000000006,15.0,122.00000000000006
C,TAN-no-attention,11,,1,,,28.00000000000002,300.0,51.99999999999998
C,TAN-no-gate,11,,36,,,42.00000000000006,15.0,122.00000000000006
C,TAN-full,12,,18,,,5.999999999999972,15.0,85.99999999999997
C,TAN-no-surprise,12,,36,,,42.00000000000006,15.0,122.00000000000006
C,TAN-no-attention,12,,1,,,28.00000000000002,300.0,51.99999999999998
C,TAN-no-gate,12,,36,,,42.00000000000006,15.0,122.00000000000006
C,TAN-full,13,,18,,,5.999999999999972,15.0,85.99999999999997
C,TAN-no-surprise,13,,36,,,42.00000000000006,15.0,122.00000000000006
C,TAN-no-attention,13,,1,,,28.00000000000002,300.0,51.99999999999998
C,TAN-no-gate,13,,36,,,42.00000000000006,15.0,122.00000000000006
C,TAN-full,14,,18,,,5.999999999999972,15.0,85.99999999999997
C,TAN-no-surprise,14,,36,,,42.00000000000006,15.0,122.00000000000006
C,TAN-no-attention,14,,1,,,28.00000000000002,300.0,51.99999999999998
C,TAN-no-gate,14,,36,,,42.00000000000006,15.0,122.00000000000006
C,TAN-full,15,,18,,,5.999999999999972,15.0,85.99999999999997
C,TAN-no-surprise,15,,36,,,42.00000000000006,15.0,122.00000000000006
C,TAN-no-attention,15,,1,,,28.00000000000002,300.0,51.99999999999998
C,TAN-no-gate,15,,36,,,42.00000000000006,15.0,122.00000000000006
C,TAN-full,16,,18,,,5.999999999999972,15.0,85.99999999999997
C,TAN-no-surprise,16,,36,,,42.00000000000006,15.0,122.00000000000006
C,TAN-no-attention,16,,1,,,28.00000000000002,300.0,51.99999999999998
C,TAN-no-gate,16,,36,,,42.00000000000006,15.0,122.00000000000006
C,TAN-full,17,,18,,,5.999999999999972,15.0,85.99999999999997
C,TAN-no-surprise,17,,36,,,42.00000000000006,15.0,122.00000000000006
C,TAN-no-attention,17,,1,,,28.00000000000002,300.0,51.99999999999998
C,TAN-no-gate,17,,36,,,42.00000000000006,15.0,122.00000000000006
C,TAN-full,18,,18,,,5.999999999999972,15.0,85.99999999999997
C,TAN-no-surprise,18,,36,,,42.00000000000006,15.0,122.00000000000006
C,TAN-no-attention,18,,1,,,28.00000000000002,300.0,51.99999999999998
C,TAN-no-gate,18,,36,,,42.00000000000006,15.0,122.00000000000006
C,TAN-full,19,,18,,,5.999999999999972,15.0,85.99999999999997
C,TAN-no-surprise,19,,36,,,42.00000000000006,15.0,122.00000000000006
C,TAN-no-attention,19,,1,,,28.00000000000002,300.0,51.99999999999998
C,TAN-no-gate,19,,36,,,42.00000000000006,15.0,122.00000000000006
C,TAN-full,20,,18,,,5.999999999999972,15.0,85.99999999999997
C,TAN-no-surprise,20,,36,,,42.00000000000006,15.0,122.00000000000006
C,TAN-no-attention,20,,1,,,28.00000000000002,300.0,51.99999999999998
C,TAN-no-gate,20,,36,,,42.00000000000006,15.0,122.00000000000006
C,TAN-full,21,,18,,,5.999999999999972,15.0,85.99999999999997
C,TAN-no-surprise,21,,36,,,42.00000000000006,15.0,122.00000000000006
C,TAN-no-attention,21,,1,,,28.00000000000002,300.0,51.99999999999998
C,TAN-no-gate,21,,36,,,42.00000000000006,15.0,122.00000000000006
C,TAN-full,22,,18,,,5.999999999999972,15.0,85.99999999999997
C,TAN-no-surprise,22,,36,,,42.00000000000006,15.0,122.00000000000006
C,TAN-no-attention,22,,1,,,28.00000000000002,300.0,51.99999999999998
C,TAN-no-gate,22,,36,,,42.00000000000006,15.0,122.00000000000006
C,TAN-full,23,,18,,,5.999999999999972,15.0,85.99999999999997
C,TAN-no-surprise,23,,36,,,42.00000000000006,15.0,122.00000000000006
C,TAN-no-attention,23,,1,,,28.00000000000002,300.0,51.99999999999998
C,TAN-no-gate,23,,36,,,42.00000000000006,15.0,122.00000000000006
C,TAN-full,24,,18,,,5.999999999999972,15.0,85.99999999999997
C,TAN-no-surprise,24,,36,,,42.00000000000006,15.0,122.00000000000006
C,TAN-no-attention,24,,1,,,28.00000000000002,300.0,51.99999999999998
C,TAN-no-gate,24,,36,,,42.00000000000006,15.0,122.00000000000006
C,TAN-full,25,,18,,,5.999999999999972,15.0,85.99999999999997
C,TAN-no-surprise,25,,36,,,42.00000000000006,15.0,122.00000000000006
C,TAN-no-attention,25,,1,,,28.00000000000002,300.0,51.99999999999998
C,TAN-no-gate,25,,36,,,42.00000000000006,15.0,122.00000000000006
C,TAN-full,26,,18,,,5.999999999999972,15.0,85.99999999999997
C,TAN-no-surprise,26,,36,,,42.00000000000006,15.0,122.00000000000006
C,TAN-no-attention,26,,1,,,28.00000000000002,300.0,51.99999999999998
C,TAN-no-gate,26,,36,,,42.00000000000006,15.0,122.00000000000006
C,TAN-full,27,,18,,,5.999999999999972,15.0,85.99999999999997
C,TAN-no-surprise,27,,36,,,42.00000000000006,15.0,122.00000000000006
C,TAN-no-attention,27,,1,,,28.00000000000002,300.0,51.99999999999998
C,TAN-no-gate,27,,36,,,42.00000000000006,15.0,122.00000000000006
C,TAN-full,28,,18,,,5.999999999999972,15.0,85.99999999999997
C,TAN-no-surprise,28,,36,,,42.00000000000006,15.0,122.00000000000006
C,TAN-no-attention,28,,1,,,28.00000000000002,300.0,51.99999999999998
C,TAN-no-gate,28,,36,,,42.00000000000006,15.0,122.00000000000006
C,TAN-full,29,,18,,,5.999999999999972,15.0,85.99999999999997
C,TAN-no-surprise,29,,36,,,42.00000000000006,15.0,122.00000000000006
C,TAN-no-attention,29,,1,,,28.00000000000002,300.0,51.99999999999998
C,TAN-no-gate,29,,36,,,42.00000000000006,15.0,122.00000000000006
C,TAN-full,30,,18,,,5.999999999999972,15.0,85.99999999999997
C,TAN-no-surprise,30,,36,,,42.00000000000006,15.0,122.00000000000006
C,TAN-no-attention,30,,1,,,28.00000000000002,300.0,51.99999999999998
C,TAN-no-gate,30,,36,,,42.00000000000006,15.0,122.00000000000006
C,TAN-full,31,,18,,,5.999999999999972,15.0,85.99999999999997
C,TAN-no-surprise,31,,36,,,42.00000000000006,15.0,122.00000000000006
C,TAN-no-attention,31,,1,,,28.00000000000002,300.0,51.99999999999998
C,TAN-no-gate,31,,36,,,42.00000000000006,15.0,122.00000000000006
C,TAN-full,32,,18,,,5.999999999999972,15.0,85.99999999999997
C,TAN-no-surprise,32,,36,,,42.00000000000006,15.0,122.00000000000006
C,TAN-no-attention,32,,1,,,28.00000000000002,300.0,51.99999999999998
C,TAN-no-gate,32,,36,,,42.00000000000006,15.0,122.00000000000006
C,TAN-full,33,,18,,,5.999999999999972,15.0,85.99999999999997
C,TAN-no-surprise,33,,36,,,42.00000000000006,15.0,122.00000000000006
C,TAN-no-attention,33,,1,,,28.00000000000002,300.0,51.99999999999998
C,TAN-no-gate,33,,36,,,42.00000000000006,15.0,122.00000000000006
C,TAN-full,34,,18,,,5.999999999999972,15.0,85.99999999999997
C,TAN-no-surprise,34,,36,,,42.00000000000006,15.0,122.00000000000006
C,TAN-no-attention,34,,1,,,28.00000000000002,300.0,51.99999999999998
C,TAN-no-gate,34,,36,,,42.00000000000006,15.0,122.00000000000006
C,TAN-full,35,,18,,,5.999999999999972,15.0,85.99999999999997
C,TAN-no-surprise,35,,36,,,42.00000000000006,15.0,122.00000000000006
C,TAN-no-attention,35,,1,,,28.00000000000002,300.0,51.99999999999998
C,TAN-no-gate,35,,36,,,42.00000000000006,15.0,122.00000000000006
C,TAN-full,36,,18,,,5.999999999999972,15.0,85.99999999999997
C,TAN-no-surprise,36,,36,,,42.00000000000006,15.0,122.00000000000006
C,TAN-no-attention,36,,1,,,28.00000000000002,300.0,51.99999999999998
C,TAN-no-gate,36,,36,,,42.00000000000006,15.0,122.00000000000006
C,TAN-full,37,,18,,,5.999999999999972,15.0,85.99999999999997
C,TAN-no-surprise,37,,36,,,42.00000000000006,15.0,122.00000000000006
C,TAN-no-attention,37,,1,,,28.00000000000002,300.0,51.99999999999998
C,TAN-no-gate,37,,36,,,42.00000000000006,15.0,122.00000000000006
C,TAN-full,38,,18,,,5.999999999999972,15.0,85.99999999999997
C,TAN-no-surprise,38,,36,,,42.00000000000006,15.0,122.00000000000006
C,TAN-no-attention,38,,1,,,28.00000000000002,300.0,51.99999999999998
C,TAN-no-gate,38,,36,,,42.00000000000006,15.0,122.00000000000006
C,TAN-full,39,,18,,,5.999999999999972,15.0,85.99999999999997
C,TAN-no-surprise,39,,36,,,42.00000000000006,15.0,122.00000000000006
C,TAN-no-attention,39,,1,,,28.00000000000002,300.0,51.99999999999998
C,TAN-no-gate,39,,36,,,42.00000000000006,15.0,122.00000000000006
C,TAN-full,40,,18,,,5.999999999999972,15.0,85.99999999999997
C,TAN-no-surprise,40,,36,,,42.00000000000006,15.0,122.00000000000006
C,TAN-no-attention,40,,1,,,28.00000000000002,300.0,51.99999999999998
C,TAN-no-gate,40,,36,,,42.00000000000006,15.0,122.00000000000006
C,TAN-full,41,,18,,,5.999999999999972,15.0,85.99999999999997
C,TAN-no-surprise,41,,36,,,42.00000000000006,15.0,122.00000000000006
C,TAN-no-attention,41,,1,,,28.00000000000002,300.0,51.99999999999998
C,TAN-no-gate,41,,36,,,42.00000000000006,15.0,122.00000000000006
C,TAN-full,42,,18,,,5.999999999999972,15.0,85.99999999999997
C,TAN-no-surprise,42,,36,,,42.00000000000006,15.0,122.00000000000006
C,TAN-no-attention,42,,1,,,28.00000000000002,300.0,51.99999999999998
C,TAN-no-gate,42,,36,,,42.00000000000006,15.0,122.00000000000006
C,TAN-full,43,,18,,,5.999999999999972,15.0,85.99999999999997
C,TAN-no-surprise,43,,36,,,42.00000000000006,15.0,122.00000000000006
C,TAN-no-attention,43,,1,,,28.00000000000002,300.0,51.99999999999998
C,TAN-no-gate,43,,36,,,42.00000000000006,15.0,122.00000000000006
C,TAN-full,44,,18,,,5.999999999999972,15.0,85.99999999999997
C,TAN-no-surprise,44,,36,,,42.00000000000006,15.0,122.00000000000006
C,TAN-no-attention,44,,1,,,28.00000000000002,300.0,51.99999999999998
C,TAN-no-gate,44,,36,,,42.00000000000006,15.0,122.00000000000006
C,TAN-full,45,,18,,,5.999999999999972,15.0,85.99999999999997
C,TAN-no-surprise,45,,36,,,42.00000000000006,15.0,122.00000000000006
C,TAN-no-attention,45,,1,,,28.00000000000002,300.0,51.99999999999998
C,TAN-no-gate,45,,36,,,42.00000000000006,15.0,122.00000000000006
C,TAN-full,46,,18,,,5.999999999999972,15.0,85.99999999999997
C,TAN-no-surprise,46,,36,,,42.00000000000006,15.0,122.00000000000006
C,TAN-no-attention,46,,1,,,28.00000000000002,300.0,51.99999999999998
C,TAN-no-gate,46,,36,,,42.00000000000006,15.0,122.00000000000006
C,TAN-full,47,,18,,,5.999999999999972,15.0,85.99999999999997
C,TAN-no-surprise,47,,36,,,42.00000000000006,15.0,122.00000000000006
C,TAN-no-attention,47,,1,,,28.00000000000002,300.0,51.99999999999998
C,TAN-no-gate,47,,36,,,42.00000000000006,15.0,122.00000000000006
C,TAN-full,48,,18,,,5.999999999999972,15.0,85.99999999999997
C,TAN-no-surprise,48,,36,,,42.00000000000006,15.0,122.00000000000006
C,TAN-no-attention,48,,1,,,28.00000000000002,300.0,51.99999999999998
C,TAN-no-gate,48,,36,,,42.00000000000006,15.0,122.00000000000006
C,TAN-full,49,,18,,,5.999999999999972,15.0,85.99999999999997
C,TAN-no-surprise,49,,36,,,42.00000000000006,15.0,122.00000000000006
C,TAN-no-attention,49,,1,,,28.00000000000002,300.0,51.99999999999998
C,TAN-no-gate,49,,36,,,42.00000000000006,15.0,122.00000000000006
D,TAN-full,0,,24,,,17.999999840826746,105.0,97.99999984082675
D,TAN-no-surprise,0,,38,,,46.000000000000085,15.0,126.00000000000009
D,TAN-no-attention,0,,24,,,17.999999840826646,123.0,97.99999984082665
D,TAN-no-gate,0,,40,,,50.0,15.0,130.0
D,TAN-full,1,,19,,,7.272738371143447,203.0,87.27273837114345
D,TAN-no-surprise,1,,39,,,47.99999431394238,15.0,127.99999431394238
D,TAN-no-attention,1,,6,,,18.72726162878172,250.0,61.27273837121828
D,TAN-no-gate,1,,41,,,51.999994313941585,16.0,131.99999431394158
D,TAN-full,2,,21,,,11.99738712420752,157.0,91.99738712420752
D,TAN-no-surprise,2,,40,,,50.00000000000003,17.0,130.00000000000003
D,TAN-no-attention,2,,21,,,11.99738712420752,157.0,91.99738712420752
D,TAN-no-gate,2,,44,,,57.999999999999915,18.0,137.99999999999991
D,TAN-full,3,,20,,,9.979278334579732,180.0,89.97927833457973
D,TAN-no-surprise,3,,39,,,47.97928038601857,15.0,127.97928038601857
D,TAN-no-attention,3,,3,,,24.020719613981527,250.0,55.97928038601847
D,TAN-no-gate,3,,41,,,50.92692377801839,15.0,130.9269237780184
D,TAN-full,4,,21,,,11.992728895437338,172.0,91.99272889543734
D,TAN-no-surprise,4,,38,,,45.99999052323737,15.0,125.99999052323737
D,TAN-no-attention,4,,23,,,15.992728895437267,127.0,95.99272889543727
D,TAN-no-gate,4,,41,,,51.99961759290983,17.0,131.99961759290983
D,TAN-full,5,,21,,,11.999997855911005,150.0,91.999997855911
D,TAN-no-surprise,5,,37,,,44.0,15.0,124.0
D,TAN-no-attention,5,,20,,,9.999997855911047,172.0,89.99999785591105
D,TAN-no-gate,5,,41,,,51.99999999999983,16.0,131.99999999999983
D,TAN-full,6,,21,,,11.997382079629219,154.0,91.99738207962922
D,TAN-no-surprise,6,,37,,,43.999999999999886,17.0,123.99999999999989
D,TAN-no-attention,6,,19,,,7.997381651579147,217.0,87.99738165157915
D,TAN-no-gate,6,,39,,,48.0,16.0,128.0
D,TAN-full,7,,20,,,9.966407679998625,119.0,89.96640767999862
D,TAN-no-surprise,7,,37,,,44.000000000000014,15.0,124.00000000000001
D,TAN-no-attention,7,,16,,,1.966407678696072,208.0,81.96640767869607
D,TAN-no-gate,7,,39,,,48.0,16.0,128.0
D,TAN-full,8,,24,,,17.999999997326213,95.0,97.99999999732621
D,TAN-no-surprise,8,,40,,,49.99999999999983,16.0,129.99999999999983
D,TAN-no-attention,8,,23,,,15.999999997326213,97.0,95.99999999732621
D,TAN-no-gate,8,,40,,,49.99999999999994,17.0,129.99999999999994
D,TAN-full,9,,19,,,7.567984184558767,173.0,87.56798418455877
D,TAN-no-surprise,9,,38,,,46.00000000000006,15.0,126.00000000000006
D,TAN-no-attention,9,,19,,,7.567984184558767,173.0,87.56798418455877
D,TAN-no-gate,9,,40,,,49.99992687522709,18.0,129.9999268752271
D,TAN-full,10,,23,,,15.740799899692462,138.0,95.74079989969246
D,TAN-no-surprise,10,,39,,,48.00000000000003,15.0,128.00000000000003
D,TAN-no-attention,10,,19,,,7.020799899692506,206.0,87.0207998996925
D,TAN-no-gate,10,,40,,,50.00000000000003,16.0,130.00000000000003
D,TAN-full,11,,16,,,1.9956407372168314,225.0,81.99564073721683
D,TAN-no-surprise,11,,37,,,43.99999999999996,16.0,123.99999999999996
D,TAN-no-attention,11,,15,,,0.004359262783211193,238.0,79.99564073721679
D,TAN-no-gate,11,,39,,,47.99999999999997,16.0,127.99999999999997
D,TAN-full,12,,22,,,13.943806171985713,136.0,93.94380617198571
D,TAN-no-surprise,12,,38,,,45.999059630030956,15.0,125.99905963003096
D,TAN-no-attention,12,,22,,,13.94380617198567,136.0,93.94380617198567
D,TAN-no-gate,12,,42,,,53.99738785377053,16.0,133.99738785377053
D,TAN-full,13,,3,,,24.00000000020794,250.0,55.99999999979206
D,TAN-no-surprise,13,,38,,,45.999999999792095,16.0,125.9999999997921
D,TAN-no-attention,13,,2,,,26.00000000020792,250.0,53.99999999979208
D,TAN-no-gate,13,,38,,,45.99999999979211,17.0,125.99999999979211
D,TAN-full,14,,22,,,13.906114301239697,154.0,93.9061143012397
D,TAN-no-surprise,14,,39,,,47.99943577801848,15.0,127.99943577801848
D,TAN-no-attention,14,,22,,,13.90611430123964,155.0,93.90611430123964
D,TAN-no-gate,14,,39,,,48.0,15.0,128.0
D,TAN-full,15,,17,,,3.992734582117052,191.0,83.99273458211705
D,TAN-no-surprise,15,,38,,,46.0,16.0,126.0
D,TAN-no-attention,15,,17,,,3.992734582117052,191.0,83.99273458211705
D,TAN-no-gate,15,,39,,,48.0,17.0,128.0
D,TAN-full,16,,19,,,8.0,140.0,88.0
D,TAN-no-surprise,16,,39,,,48.0,16.0,128.0
D,TAN-no-attention,16,,2,,,26.000000000000057,250.0,53.99999999999994
D,TAN-no-gate,16,,42,,,53.999999999999886,18.0,133.9999999999999
D,TAN-full,17,,23,,,15.987903352956238,126.0,95.98790335295624
D,TAN-no-surprise,17,,39,,,47.99999999999993,16.0,127.99999999999993
D,TAN-no-attention,17,,25,,,19.987906764590775,102.0,99.98790676459078
D,TAN-no-gate,17,,40,,,50.000000000000085,17.0,130.00000000000009
D,TAN-full,18,,24,,,17.987703644678618,110.0,97.98770364467862
D,TAN-no-surprise,18,,40,,,49.999999999999915,15.0,129.99999999999991
D,TAN-no-attention,18,,24,,,17.987703644678618,110.0,97.98770364467862
D,TAN-no-gate,18,,41,,,52.000000000000085,16.0,132.00000000000009
D,TAN-full,19,,8,,,14.007594916483711,250.0,65.99240508351629
D,TAN-no-surprise,19,,36,,,42.000000000000014,15.0,122.00000000000001
D,TAN-no-attention,19,,8,,,14.007594916483711,250.0,65.99240508351629
D,TAN-no-gate,19,,38,,,45.999999999422556,17.0,125.99999999942256
D,TAN-full,20,,20,,,9.906687904469152,176.0,89.90668790446915
D,TAN-no-surprise,20,,36,,,41.99999999999993,15.0,121.99999999999993
D,TAN-no-attention,20,,3,,,24.093312000000054,250.0,55.906687999999946
D,TAN-no-gate,20,,38,,,46.00000000000006,15.0,126.00000000000006
D,TAN-full,21,,25,,,19.999878127073345,96.0,99.99987812707334
D,TAN-no-surprise,21,,41,,,51.999999999983714,15.0,131.99999999998371
D,TAN-no-attention,21,,23,,,15.999878127073245,143.0,95.99987812707325
D,TAN-no-gate,21,,42,,,54.00000000000003,17.0,134.00000000000003
D,TAN-full,22,,19,,,7.999049887766702,197.0,87.9990498877667
D,TAN-no-surprise,22,,41,,,51.99842323995523,17.0,131.99842323995523
D,TAN-no-attention,22,,19,,,7.999049887765992,197.0,87.99904988776599
D,TAN-no-gate,22,,42,,,53.997387861196614,17.0,133.99738786119661
D,TAN-full,23,,25,,,19.999984200937533,119.0,99.99998420093753
D,TAN-no-surprise,23,,38,,,45.99999999554409,15.0,125.99999999554409
D,TAN-no-attention,23,,22,,,13.99998420089267,141.0,93.99998420089267
D,TAN-no-gate,23,,38,,,45.99999999999997,16.0,125.99999999999997
D,TAN-full,24,,22,,,13.992740647245412,136.0,93.99274064724541
D,TAN-no-surprise,24,,37,,,43.99999999999996,15.0,123.99999999999996
D,TAN-no-attention,24,,3,,,24.00725594112003,250.0,55.99274405887997
D,TAN-no-gate,24,,39,,,47.99999999999994,16.0,127.99999999999994
D,TAN-full,25,,23,,,15.844479998395883,104.0,95.84447999839588
D,TAN-no-surprise,25,,37,,,43.99999999999994,15.0,123.99999999999994
D,TAN-no-attention,25,,23,,,15.84447999839594,135.0,95.84447999839594
D,TAN-no-gate,25,,40,,,49.999999999999886,17.0,129.9999999999999
D,TAN-full,26,,20,,,9.992744036647025,150.0,89.99274403664703
D,TAN-no-surprise,26,,39,,,47.99999999839595,16.0,127.99999999839595
D,TAN-no-attention,26,,15,,,0.007255963352946537,239.0,79.99274403664705
D,TAN-no-gate,26,,39,,,48.000000000000114,17.0,128.0000000000001
D,TAN-full,27,,23,,,15.992744058872944,111.0,95.99274405887294
D,TAN-no-surprise,27,,39,,,47.99999999994928,15.0,127.99999999994928
D,TAN-no-attention,27,,17,,,3.992743952078186,215.0,83.99274395207819
D,TAN-no-gate,27,,41,,,51.99999999999409,16.0,131.9999999999941
D,TAN-full,28,,19,,,7.999796878482556,183.0,87.99979687848256
D,TAN-no-surprise,28,,40,,,49.99979688008676,15.0,129.99979688008676
D,TAN-no-attention,28,,17,,,3.999796878482428,190.0,83.99979687848243
D,TAN-no-gate,28,,40,,,49.999796880086706,15.0,129.9997968800867
D,TAN-full,29,,19,,,7.9999268723750845,114.0,87.99992687237508
D,TAN-no-surprise,29,,37,,,43.99999999999963,17.0,123.99999999999963
D,TAN-no-attention,29,,11,,,8.00007312762493,250.0,71.99992687237507
D,TAN-no-gate,29,,40,,,49.99943577801852,16.0,129.99943577801852
D,TAN-full,30,,18,,,5.9066879999975725,186.0,85.90668799999757
D,TAN-no-surprise,30,,38,,,46.00000000000003,16.0,126.00000000000003
D,TAN-no-attention,30,,17,,,3.9066879993504244,205.0,83.90668799935042
D,TAN-no-gate,30,,38,,,45.99999999999997,17.0,125.99999999999997
D,TAN-full,31,,23,,,15.999956126098283,88.0,95.99995612609828
D,TAN-no-surprise,31,,39,,,47.999999999999986,16.0,127.99999999999999
D,TAN-no-attention,31,,23,,,15.999956126098269,89.0,95.99995612609827
D,TAN-no-gate,31,,39,,,47.99999999987527,18.0,127.99999999987527
D,TAN-full,32,,26,,,21.99999955772749,84.0,101.99999955772749
D,TAN-no-surprise,32,,39,,,47.99999999987524,16.0,127.99999999987524
D,TAN-no-attention,32,,15,,,0.09410710251535193,244.0,79.90589289748465
D,TAN-no-gate,32,,40,,,49.99564643532801,16.0,129.995646435328
D,TAN-full,33,,20,,,9.943890928051516,184.0,89.94389092805152
D,TAN-no-surprise,33,,37,,,43.99999999999994,19.0,123.99999999999994
D,TAN-no-attention,33,,20,,,9.943890928051516,184.0,89.94389092805152
D,TAN-no-gate,33,,40,,,49.999999999999915,19.0,129.99999999999991
D,TAN-full,34,,4,,,22.14929920002696,250.0,57.85070079997304
D,TAN-no-surprise,34,,39,,,47.999999999973056,17.0,127.99999999997306
D,TAN-no-attention,34,,3,,,24.14929920002696,250.0,55.85070079997304
D,TAN-no-gate,34,,40,,,50.00000000000006,18.0,130.00000000000006
D,TAN-full,35,,24,,,17.99943575704313,134.0,97.99943575704313
D,TAN-no-surprise,35,,39,,,48.0,20.0,128.0
D,TAN-no-attention,35,,20,,,9.999435757043173,173.0,89.99943575704317
D,TAN-no-gate,35,,42,,,53.9999999999998,19.0,133.9999999999998
D,TAN-full,36,,27,,,23.99999973450349,87.0,103.99999973450349
D,TAN-no-surprise,36,,39,,,47.99999973471131,15.0,127.99999973471131
D,TAN-no-attention,36,,26,,,21.999999734503504,96.0,101.9999997345035
D,TAN-no-gate,36,,40,,,49.99999999999983,15.0,129.99999999999983
D,TAN-full,37,,24,,,17.99999999999862,89.0,97.99999999999862
D,TAN-no-surprise,37,,37,,,44.000000000000014,15.0,124.00000000000001
D,TAN-no-attention,37,,10,,,10.000000000001293,250.0,69.9999999999987
D,TAN-no-gate,37,,37,,,44.00000000000004,16.0,124.00000000000004
D,TAN-full,38,,24,,,17.74079876380776,66.0,97.74079876380776
D,TAN-no-surprise,38,,42,,,53.99999999999994,15.0,133.99999999999994
D,TAN-no-attention,38,,16,,,1.7407930777500553,225.0,81.74079307775006
D,TAN-no-gate,38,,43,,,55.99999999999994,16.0,135.99999999999994
D,TAN-full,39,,20,,,9.999999942694132,152.0,89.99999994269413
D,TAN-no-surprise,39,,38,,,45.999999999984,15.0,125.999999999984
D,TAN-no-attention,39,,17,,,3.999999942677931,197.0,83.99999994267793
D,TAN-no-gate,39,,39,,,47.99999999997311,15.0,127.99999999997311
D,TAN-full,40,,19,,,7.986335974376928,196.0,87.98633597437693
D,TAN-no-surprise,40,,38,,,45.99999990449615,16.0,125.99999990449615
D,TAN-no-attention,40,,19,,,7.998429138293076,215.0,87.99842913829308
D,TAN-no-gate,40,,40,,,49.99999990391862,17.0,129.99999990391862
D,TAN-full,41,,17,,,3.9999842053947816,170.0,83.99998420539478
D,TAN-no-surprise,41,,39,,,47.999999999999204,16.0,127.9999999999992
D,TAN-no-attention,41,,16,,,1.8991695251071832,242.0,81.89916952510718
D,TAN-no-gate,41,,40,,,49.99999999999912,16.0,129.99999999999912
D,TAN-full,42,,21,,,11.27942964820889,156.0,91.27942964820889
D,TAN-no-surprise,42,,39,,,47.999999998395936,15.0,127.99999999839594
D,TAN-no-attention,42,,10,,,10.727826292911018,250.0,69.27217370708898
D,TAN-no-gate,42,,41,,,51.99999998156278,16.0,131.99999998156278
D,TAN-full,43,,15,,,0.00012197489479603973,231.0,79.9998780251052
D,TAN-no-surprise,43,,40,,,49.99999999257355,16.0,129.99999999257355
D,TAN-no-attention,43,,13,,,4.000122134068022,250.0,75.99987786593198
D,TAN-no-gate,43,,40,,,49.99999999999983,18.0,129.99999999999983
D,TAN-full,44,,25,,,19.999996586760943,103.0,99.99999658676094
D,TAN-no-surprise,44,,39,,,47.99999999999993,16.0,127.99999999999993
D,TAN-no-attention,44,,24,,,17.99999658676097,124.0,97.99999658676097
D,TAN-no-gate,44,,40,,,49.99999999999994,16.0,129.99999999999994
D,TAN-full,45,,23,,,15.999926875182126,128.0,95.99992687518213
D,TAN-no-surprise,45,,38,,,46.00000000000003,15.0,126.00000000000003
D,TAN-no-attention,45,,8,,,14.001640415526083,250.0,65.99835958447392
D,TAN-no-gate,45,,41,,,51.98355320012797,17.0,131.98355320012797
D,TAN-full,46,,20,,,9.999999263086877,118.0,89.99999926308688
D,TAN-no-surprise,46,,38,,,46.000000000000114,15.0,126.00000000000011
D,TAN-no-attention,46,,19,,,7.99999926308692,152.0,87.99999926308692
D,TAN-no-gate,46,,40,,,49.99999999999994,15.0,129.99999999999994
D,TAN-full,47,,27,,,23.277265986575145,84.0,103.27726598657515
D,TAN-no-surprise,47,,40,,,49.99999999999994,16.0,129.99999999999994
D,TAN-no-attention,47,,23,,,15.277265986575173,136.0,95.27726598657517
D,TAN-no-gate,47,,41,,,51.999999999999915,16.0,131.99999999999991
D,TAN-full,48,,21,,,11.999059527396312,180.0,91.99905952739631
D,TAN-no-surprise,48,,39,,,47.9999999955442,18.0,127.9999999955442
D,TAN-no-attention,48,,21,,,11.999059527396312,180.0,91.99905952739631
D,TAN-no-gate,48,,43,,,55.99999997491554,18.0,135.99999997491554
D,TAN-full,49,,17,,,3.9927109096750257,225.0,83.99271090967503
D,TAN-no-surprise,49,,39,,,47.99997367565929,17.0,127.99997367565929
D,TAN-no-attention,49,,17,,,3.9927109096750257,225.0,83.99271090967503
D,TAN-no-gate,49,,41,,,51.27999999942256,17.0,131.27999999942256
