t,x,h_t,S_t,A_t
0,0.0,0.0,0.0,0.0
1,0.0,0.0,0.0,0.0
2,0.0,0.0,0.0,0.0
3,0.0,0.0,0.0,0.0
4,0.0,0.0,0.0,0.0
5,1.0,0.3673610790625419,0.8,0.3673610790625419
6,1.0,0.0,0.6,0.3699220130353416
7,1.0,0.2923690427463329,0.4,0.2923690427463329
8,1.0,0.31523102631252936,0.19999999999999996,0.1690465049393629
9,1.0,0.15761551315626468,0.0,0.0
10,1.0,0.07880775657813234,0.0,0.0
11,1.0,0.03940387828906617,0.0,0.0
12,1.0,0.019701939144533085,0.0,0.0
13,1.0,0.009850969572266543,0.0,0.0
14,1.0,0.004925484786133271,0.0,0.0
15,1.0,0.0024627423930666356,0.0,0.0
16,1.0,0.0012313711965333178,0.0,0.0
17,1.0,0.0006156855982666589,0.0,0.0
18,1.0,0.00030784279913332945,0.0,0.0
19,1.0,0.00015392139956666473,0.0,0.0
20,1.0,7.696069978333236e-05,0.0,0.0
21,1.0,3.848034989166618e-05,0.0,0.0
22,1.0,1.924017494583309e-05,0.0,0.0
23,1.0,9.620087472916545e-06,0.0,0.0
24,1.0,4.810043736458273e-06,0.0,0.0
25,1.0,2.4050218682291364e-06,0.0,0.0
26,1.0,1.2025109341145682e-06,0.0,0.0
27,1.0,6.012554670572841e-07,0.0,0.0
28,1.0,3.0062773352864205e-07,0.0,0.0
29,1.0,1.5031386676432102e-07,0.0,0.0
30,1.0,7.515693338216051e-08,0.0,0.0
31,1.0,3.7578466691080256e-08,0.0,0.0
32,1.0,1.8789233345540128e-08,0.0,0.0
33,1.0,9.394616672770064e-09,0.0,0.0
34,1.0,4.697308336385032e-09,0.0,0.0
