regime,t,h_t,h_tp1
Constant x=0,0,0.0,0.0
Constant x=0,1,0.0,0.0
Constant x=0,2,0.0,0.0
Constant x=0,3,0.0,0.0
Constant x=0,4,0.0,0.0
Constant x=0,5,0.0,0.0
Constant x=0,6,0.0,0.0
Constant x=0,7,0.0,0.0
Constant x=0,8,0.0,0.0
Constant x=0,9,0.0,0.0
Constant x=0,10,0.0,0.0
Constant x=0,11,0.0,0.0
Constant x=0,12,0.0,0.0
Constant x=0,13,0.0,0.0
Constant x=0,14,0.0,0.0
Constant x=0,15,0.0,0.0
Constant x=0,16,0.0,0.0
Constant x=0,17,0.0,0.0
Constant x=0,18,0.0,0.0
Constant x=0,19,0.0,0.0
Constant x=0,20,0.0,0.0
Constant x=0,21,0.0,0.0
Constant x=0,22,0.0,0.0
Constant x=0,23,0.0,0.0
Constant x=0,24,0.0,0.0
Constant x=0,25,0.0,0.0
Constant x=0,26,0.0,0.0
Constant x=0,27,0.0,0.0
Constant x=0,28,0.0,0.0
Constant x=0,29,0.0,0.0
Constant x=0,30,0.0,0.0
Constant x=0,31,0.0,0.0
Constant x=0,32,0.0,0.0
Constant x=0,33,0.0,0.0
Constant x=0,34,0.0,0.0
Constant x=0,35,0.0,0.0
Constant x=0,36,0.0,0.0
Constant x=0,37,0.0,0.0
Constant x=0,38,0.0,0.0
Constant x=0,39,0.0,0.0
Constant x=0,40,0.0,0.0
Constant x=0,41,0.0,0.0
Constant x=0,42,0.0,0.0
Constant x=0,43,0.0,0.0
Constant x=0,44,0.0,0.0
Constant x=0,45,0.0,0.0
Constant x=0,46,0.0,0.0
Constant x=0,47,0.0,0.0
Constant x=0,48,0.0,0.0
Constant x=1,0,0.3673610790625419,0.0
Constant x=1,1,0.0,0.2923690427463329
Constant x=1,2,0.2923690427463329,0.31523102631252936
Constant x=1,3,0.31523102631252936,0.15761551315626468
Constant x=1,4,0.15761551315626468,0.07880775657813234
Constant x=1,5,0.07880775657813234,0.03940387828906617
Constant x=1,6,0.03940387828906617,0.019701939144533085
Constant x=1,7,0.019701939144533085,0.009850969572266543
Constant x=1,8,0.009850969572266543,0.004925484786133271
Constant x=1,9,0.004925484786133271,0.0024627423930666356
Constant x=1,10,0.0024627423930666356,0.0012313711965333178
Constant x=1,11,0.0012313711965333178,0.0006156855982666589
Constant x=1,12,0.0006156855982666589,0.00030784279913332945
Constant x=1,13,0.00030784279913332945,0.00015392139956666473
Constant x=1,14,0.00015392139956666473,7.696069978333236e-05
Constant x=1,15,7.696069978333236e-05,3.848034989166618e-05
Constant x=1,16,3.848034989166618e-05,1.924017494583309e-05
Constant x=1,17,1.924017494583309e-05,9.620087472916545e-06
Constant x=1,18,9.620087472916545e-06,4.810043736458273e-06
Constant x=1,19,4.810043736458273e-06,2.4050218682291364e-06
Constant x=1,20,2.4050218682291364e-06,1.2025109341145682e-06
Constant x=1,21,1.2025109341145682e-06,6.012554670572841e-07
Constant x=1,22,6.012554670572841e-07,3.0062773352864205e-07
Constant x=1,23,3.0062773352864205e-07,1.5031386676432102e-07
Constant x=1,24,1.5031386676432102e-07,7.515693338216051e-08
Constant x=1,25,7.515693338216051e-08,3.7578466691080256e-08
Constant x=1,26,3.7578466691080256e-08,1.8789233345540128e-08
Constant x=1,27,1.8789233345540128e-08,9.394616672770064e-09
Constant x=1,28,9.394616672770064e-09,4.697308336385032e-09
Constant x=1,29,4.697308336385032e-09,2.348654168192516e-09
Constant x=1,30,2.348654168192516e-09,1.174327084096258e-09
Constant x=1,31,1.174327084096258e-09,5.87163542048129e-10
Constant x=1,32,5.87163542048129e-10,2.935817710240645e-10
Constant x=1,33,2.935817710240645e-10,1.4679088551203225e-10
Constant x=1,34,1.4679088551203225e-10,7.339544275601612e-11
Constant x=1,35,7.339544275601612e-11,3.669772137800806e-11
Constant x=1,36,3.669772137800806e-11,1.834886068900403e-11
Constant x=1,37,1.834886068900403e-11,9.174430344502016e-12
Constant x=1,38,9.174430344502016e-12,4.587215172251008e-12
Constant x=1,39,4.587215172251008e-12,2.293607586125504e-12
Constant x=1,40,2.293607586125504e-12,1.146803793062752e-12
Constant x=1,41,1.146803793062752e-12,5.73401896531376e-13
Constant x=1,42,5.73401896531376e-13,2.86700948265688e-13
Constant x=1,43,2.86700948265688e-13,1.43350474132844e-13
Constant x=1,44,1.43350474132844e-13,7.1675237066422e-14
Constant x=1,45,7.1675237066422e-14,3.5837618533211e-14
Constant x=1,46,3.5837618533211e-14,1.79188092666055e-14
Constant x=1,47,1.79188092666055e-14,8.95940463330275e-15
Constant x=1,48,8.95940463330275e-15,4.479702316651375e-15
Step at t=5,0,0.0,0.0
Step at t=5,1,0.0,0.0
Step at t=5,2,0.0,0.0
Step at t=5,3,0.0,0.0
Step at t=5,4,0.0,0.3673610790625419
Step at t=5,5,0.3673610790625419,0.0
Step at t=5,6,0.0,0.2923690427463329
Step at t=5,7,0.2923690427463329,0.31523102631252936
Step at t=5,8,0.31523102631252936,0.15761551315626468
Step at t=5,9,0.15761551315626468,0.07880775657813234
Step at t=5,10,0.07880775657813234,0.03940387828906617
Step at t=5,11,0.03940387828906617,0.019701939144533085
Step at t=5,12,0.019701939144533085,0.009850969572266543
Step at t=5,13,0.009850969572266543,0.004925484786133271
Step at t=5,14,0.004925484786133271,0.0024627423930666356
Step at t=5,15,0.0024627423930666356,0.0012313711965333178
Step at t=5,16,0.0012313711965333178,0.0006156855982666589
Step at t=5,17,0.0006156855982666589,0.00030784279913332945
Step at t=5,18,0.00030784279913332945,0.00015392139956666473
Step at t=5,19,0.00015392139956666473,7.696069978333236e-05
Step at t=5,20,7.696069978333236e-05,3.848034989166618e-05
Step at t=5,21,3.848034989166618e-05,1.924017494583309e-05
Step at t=5,22,1.924017494583309e-05,9.620087472916545e-06
Step at t=5,23,9.620087472916545e-06,4.810043736458273e-06
Step at t=5,24,4.810043736458273e-06,2.4050218682291364e-06
Step at t=5,25,2.4050218682291364e-06,1.2025109341145682e-06
Step at t=5,26,1.2025109341145682e-06,6.012554670572841e-07
Step at t=5,27,6.012554670572841e-07,3.0062773352864205e-07
Step at t=5,28,3.0062773352864205e-07,1.5031386676432102e-07
Step at t=5,29,1.5031386676432102e-07,7.515693338216051e-08
Step at t=5,30,7.515693338216051e-08,3.7578466691080256e-08
Step at t=5,31,3.7578466691080256e-08,1.8789233345540128e-08
Step at t=5,32,1.8789233345540128e-08,9.394616672770064e-09
Step at t=5,33,9.394616672770064e-09,4.697308336385032e-09
Step at t=5,34,4.697308336385032e-09,2.348654168192516e-09
Step at t=5,35,2.348654168192516e-09,1.174327084096258e-09
Step at t=5,36,1.174327084096258e-09,5.87163542048129e-10
Step at t=5,37,5.87163542048129e-10,2.935817710240645e-10
Step at t=5,38,2.935817710240645e-10,1.4679088551203225e-10
Step at t=5,39,1.4679088551203225e-10,7.339544275601612e-11
Step at t=5,40,7.339544275601612e-11,3.669772137800806e-11
Step at t=5,41,3.669772137800806e-11,1.834886068900403e-11
Step at t=5,42,1.834886068900403e-11,9.174430344502016e-12
Step at t=5,43,9.174430344502016e-12,4.587215172251008e-12
Step at t=5,44,4.587215172251008e-12,2.293607586125504e-12
Step at t=5,45,2.293607586125504e-12,1.146803793062752e-12
Step at t=5,46,1.146803793062752e-12,5.73401896531376e-13
Step at t=5,47,5.73401896531376e-13,2.86700948265688e-13
Step at t=5,48,2.86700948265688e-13,1.43350474132844e-13
Noisy input,0,0.006585992593648338,0.003292996296824169
Noisy input,1,0.003292996296824169,0.016853354171273448
Noisy input,2,0.016853354171273448,0.10480084681392346
Noisy input,3,0.10480084681392346,0.05240042340696173
Noisy input,4,0.05240042340696173,0.026200211703480865
Noisy input,5,0.026200211703480865,0.13206038735469625
Noisy input,6,0.13206038735469625,0.07576136174190645
Noisy input,7,0.07576136174190645,0.037880680870953226
Noisy input,8,0.037880680870953226,0.02661815646184325
Noisy input,9,0.02661815646184325,0.013309078230921626
Noisy input,10,0.013309078230921626,0.006654539115460813
Noisy input,11,0.006654539115460813,-0.002516318557481183
Noisy input,12,-0.002516318557481183,-0.0012581592787405916
Noisy input,13,-0.0012581592787405916,-0.0006290796393702958
Noisy input,14,-0.0006290796393702958,-0.04223385712689827
Noisy input,15,-0.04223385712689827,-0.021116928563449135
Noisy input,16,-0.021116928563449135,-0.14339496067299579
Noisy input,17,-0.14339496067299579,-0.07169748033649789
Noisy input,18,-0.07169748033649789,-0.035848740168248946
Noisy input,19,-0.035848740168248946,0.07800525647709475
Noisy input,20,0.07800525647709475,0.039002628238547374
Noisy input,21,0.039002628238547374,0.014443168424183077
Noisy input,22,0.014443168424183077,0.007221584212091538
Noisy input,23,0.007221584212091538,0.003610792106045769
Noisy input,24,0.003610792106045769,-0.026877357267405325
Noisy input,25,-0.026877357267405325,-0.013438678633702662
Noisy input,26,-0.013438678633702662,-0.06047685489189546
Noisy input,27,-0.06047685489189546,-0.03023842744594773
Noisy input,28,-0.03023842744594773,-0.01609223006354324
Noisy input,29,-0.01609223006354324,-0.00804611503177162
Noisy input,30,-0.00804611503177162,0.16382584512929638
Noisy input,31,0.16382584512929638,0.08191292256464819
Noisy input,32,0.08191292256464819,0.040956461282324094
Noisy input,33,0.040956461282324094,0.06161745613405386
Noisy input,34,0.06161745613405386,0.03080872806702693
Noisy input,35,0.03080872806702693,0.003462551839921061
Noisy input,36,0.003462551839921061,0.0017312759199605305
Noisy input,37,0.0017312759199605305,0.0008656379599802652
Noisy input,38,0.0008656379599802652,-0.0880297245884649
Noisy input,39,-0.0880297245884649,-0.05701727742350616
Noisy input,40,-0.05701727742350616,-0.05152572146674147
Noisy input,41,-0.05152572146674147,-0.025762860733370734
Noisy input,42,-0.025762860733370734,-0.012881430366685367
Noisy input,43,-0.012881430366685367,-0.0064407151833426836
Noisy input,44,-0.0064407151833426836,-0.0032203575916713418
Noisy input,45,-0.0032203575916713418,-0.01652606748626316
Noisy input,46,-0.01652606748626316,-0.016573177911827337
Noisy input,47,-0.016573177911827337,-0.018061386830316124
Noisy input,48,-0.018061386830316124,-0.009030693415158062
