dD_raw,dD_resid,dD_strat,frame,model,n,tau
1.4637155746767767,1.462033488570791,1.4622276504075142,zC,B1,374,-6
1.420365860264533,1.4173345353767555,1.4181558120370596,zC,B1,374,-5
1.0920630933190913,1.0914188120150758,1.0915358860068736,zC,B1,374,-4
1.0333133494815328,1.0330651768643568,1.0331629641233993,zC,B1,374,-3
1.009506629727895,1.0094341605288728,1.009478003182408,zC,B1,374,-2
1.5043133526272305,1.0655140304014077,1.2091000367420306,zC,B1,374,-1
1.7609589778094263,2.0147747797768716,1.9417419594489882,zC,B1,374,0
1.6681412472567378,1.6498132601593418,1.6672324606105873,zC,B1,374,1
1.5927855173970809,1.575688407136065,1.5880245031522537,zC,B1,374,2
1.4455384839466239,1.4446845393714671,1.4439822181471953,zC,B1,374,3
1.4519594353783807,1.3065795381729475,1.3304824809096645,zC,B1,374,4
1.7928447473429971,1.7951840333761713,1.7941083406740266,zC,B1,374,5
1.9101093195005678,1.909598864793186,1.910872924845649,zC,B1,374,6
1.766891644275377,1.7656247578256328,1.7685154653163984,zC,B1,374,7
1.6506586199392588,1.6516683075360512,1.6507522967397539,zC,B1,374,8
1.8160668253038237,1.815265254871732,1.8155438924928153,zC,B1,374,9
2.035638675381327,2.035769209170733,2.03642562799293,zC,B1,374,10
2.0204670692492237,2.01981078157522,2.01891014557316,zC,B1,374,11
1.571688462554255,1.5717821375017549,1.571617076038312,zC,B1,374,12
1.7169663452377175,1.7170205041088953,1.7178268381613557,zC,B1,374,13
1.769188605918988,1.770921185580213,1.767873888900984,zC,B1,374,14
1.7422554455171018,1.7415244735285276,1.742046139956018,zC,B1,374,15
1.5650388576233465,1.5645071610297212,1.564927677708583,zC,B1,374,16
1.8989059110523587,1.8985939414212016,1.895215827529536,zC,B1,374,17
1.339889142069547,1.340738511728555,1.3434851946761026,zC,B1,374,18
1.7157648451786027,1.7162781709141353,1.72356105891699,zC,B1,374,19
1.2769635944628057,1.276803530415007,1.2779729129849124,zC,B1,374,20
1.4359127499613416,1.4351073423493088,1.4340287085766048,zC,B1,374,21
1.8981370606593166,1.9050991162521385,1.9062382784337313,zC,B1,374,22
1.6236673384934703,1.625274327517803,1.6230773382259427,zC,B1,374,23
1.7390067571270467,1.739222607415914,1.739127661377132,zC,B1,374,24
1.7689239924571503,1.7695715843636057,1.7682676056361977,zC,B1,374,25
1.2676962688225406,1.2676414788122317,1.2673060120719741,zC,B1,374,26
1.8376436502931652,1.8381053554940325,1.8357993511638615,zC,B1,374,27
1.3556819028923857,1.3551894104113344,1.3566692640319866,zC,B1,374,28
1.4838516671434052,1.4880610726588557,1.4872963371781855,zC,B1,374,29
1.2694580735733343,1.2706312156474098,1.2695091464648758,zC,B1,374,30
1.3700306739243087,1.3694684653017388,1.3693345017174847,zC,B3,374,-6
1.3839042806759676,1.3833686062401946,1.3838886481271027,zC,B3,374,-5
1.0868543857143331,1.0866599073063663,1.086820281921955,zC,B3,374,-4
1.0271217463680447,1.027152847116887,1.02719441979975,zC,B3,374,-3
1.0083701751502248,1.0083456560739366,1.0083802522486705,zC,B3,374,-2
1.0025562803332866,1.0172566500391587,1.011088541176816,zC,B3,374,-1
1.5100323833246458,1.6420181581699205,1.6581916143981257,zC,B3,374,0
1.4134503430578897,1.380514363834203,1.3800146661214483,zC,B3,374,1
1.4516068470618948,1.4466795128786925,1.4459779719608474,zC,B3,374,2
1.3840846032387002,1.3804678037775504,1.3808983258271577,zC,B3,374,3
1.4632783274026315,1.3550799056210865,1.3733788930240123,zC,B3,374,4
1.5299857236443917,1.530966182407727,1.531434381050297,zC,B3,374,5
1.651364290934051,1.65207930093829,1.6525959031918669,zC,B3,374,6
1.6788494598016157,1.677670242602444,1.6803121311911073,zC,B3,374,7
1.5431276879269415,1.5438737683185917,1.5430881804373437,zC,B3,374,8
1.372148666086794,1.3709088209903706,1.3705118043816469,zC,B3,374,9
1.385859346050987,1.3856004990164732,1.386246608095467,zC,B3,374,10
1.6504766209277415,1.6496266791715315,1.6494408212353093,zC,B3,374,11
1.381227061247876,1.3809714322016315,1.3798834920271166,zC,B3,374,12
1.6160859427425927,1.6157658146728764,1.616989929641351,zC,B3,374,13
1.684952254578839,1.6821477540754368,1.6756729531183872,zC,B3,374,14
1.52506460892895,1.5248351706122063,1.5249711268771313,zC,B3,374,15
1.577467590448887,1.5774100092388739,1.577503459844548,zC,B3,374,16
1.6488776744312763,1.6486242576310943,1.6484927639470996,zC,B3,374,17
1.5947022465627085,1.5971191292340092,1.602718229854683,zC,B3,374,18
1.70697313591575,1.7080401257059508,1.7155253541561277,zC,B3,374,19
1.5406190147937318,1.5403082086534863,1.5410157448572106,zC,B3,374,20
1.616317008164911,1.6139767914807785,1.6133868081314784,zC,B3,374,21
1.5245208951026845,1.5297907538440667,1.5306216868032834,zC,B3,374,22
1.357013801155489,1.3576707422925622,1.3558678290354587,zC,B3,374,23
1.697834773669546,1.6967515660313925,1.6966248910757078,zC,B3,374,24
1.3755937740959732,1.3752286663879163,1.3754326009204296,zC,B3,374,25
1.385242104299844,1.3836392385036642,1.3851631905540418,zC,B3,374,26
1.6028011475350412,1.6003352505425679,1.597924344089606,zC,B3,374,27
1.5423227861767097,1.5375325033518072,1.5412822272152442,zC,B3,374,28
1.4631845790595963,1.4664265127181315,1.4658318857843413,zC,B3,374,29
1.7807457603298145,1.7808543708318723,1.7787794430035975,zC,B3,374,30
1.558720919498838,1.5580498589528748,1.5574696233411962,zF,B3,374,-6
1.2006984043342244,1.2003783754322292,1.2006833123092637,zF,B3,374,-5
1.043579141390259,1.0434827094182093,1.043562225708755,zF,B3,374,-4
1.0136039694333299,1.0136193175062853,1.0136404522259999,zF,B3,374,-3
1.0041872064239854,1.0041749572144547,1.0041922726823267,zF,B3,374,-2
1.0026259600630492,1.0177889256689836,1.0113712746316297,zF,B3,374,-1
1.5437559157705179,1.6239812751582157,1.6583058503026131,zF,B3,374,0
1.4398822044641806,1.4070832464812022,1.40696089066127,zF,B3,374,1
1.4669366458234816,1.4620557700348795,1.4611930523158358,zF,B3,374,2
1.4158184480749354,1.4121902746068662,1.4126608384674588,zF,B3,374,3
1.6022053312049933,1.3978423533638642,1.430507215736028,zF,B3,374,4
1.7125413555219662,1.7141370262267621,1.714719679456041,zF,B3,374,5
1.784036513938179,1.7849571174295882,1.7855890940863166,zF,B3,374,6
1.9091713867519937,1.9074860880352031,1.910699632155447,zF,B3,374,7
1.7340858169907778,1.7350063773138595,1.7339707400967639,zF,B3,374,8
1.5330131263094815,1.5312577211462723,1.5307635802078914,zF,B3,374,9
1.5076822248221557,1.5075455642516868,1.5082936188507916,zF,B3,374,10
1.7876230061335814,1.7864011134131248,1.7859205654761183,zF,B3,374,11
1.4311871751598833,1.4308770251990002,1.4298496338267912,zF,B3,374,12
1.7298769813811967,1.7292963975871276,1.7308848430594306,zF,B3,374,13
1.8043837049296962,1.8013613750658508,1.794322010850079,zF,B3,374,14
1.5991393548780761,1.5989000369421138,1.598973889111348,zF,B3,374,15
1.6799289539220839,1.6798856581766815,1.679943890032764,zF,B3,374,16
1.7514183945337596,1.7511681379488861,1.7509616299942463,zF,B3,374,17
1.6947353887039582,1.6976215455089216,1.7043225358939706,zF,B3,374,18
1.8131977550446579,1.8141994467319889,1.8220248871772844,zF,B3,374,19
1.6398358138129785,1.6394816792424307,1.6404847529140698,zF,B3,374,20
1.7459214556024454,1.743418194270494,1.7422396069296577,zF,B3,374,21
1.6497884631431463,1.6555211481066145,1.6559450310439294,zF,B3,374,22
1.440464459912275,1.4410152782518793,1.4383979911886167,zF,B3,374,23
1.8348240910252533,1.8338157776889235,1.833568619222946,zF,B3,374,24
1.4736060400854456,1.4732862996327856,1.4734762903854879,zF,B3,374,25
1.4771992489178822,1.4755292402110338,1.477034744948959,zF,B3,374,26
1.719387068071008,1.7171064950720516,1.7141741511207753,zF,B3,374,27
1.6728843223173218,1.6684217707328466,1.6728729744561446,zF,B3,374,28
1.5401696950005017,1.5441093008500968,1.5432619589087035,zF,B3,374,29
1.9130570473033017,1.913844646812763,1.9113573396279924,zF,B3,374,30
1.3803566952898205,1.3803370954566667,1.3799682687129433,zC,B4,374,-6
1.2218142700513548,1.2218841407848096,1.2217559770472681,zC,B4,374,-5
1.0511120571186081,1.051150847573817,1.0511120421801388,zC,B4,374,-4
1.0173523850522523,1.0173867507284784,1.0173776825052283,zC,B4,374,-3
1.005530839700881,1.0055338257211488,1.005544850079138,zC,B4,374,-2
1.6644064713795075,1.1652653352375535,1.5469616108968862,zC,B4,374,-1
1.6207201291803095,1.9938259554109645,1.9726854227806947,zC,B4,374,0
1.6203710282964339,1.615289756254962,1.6035451681433344,zC,B4,374,1
1.5261629942960904,1.5261031522212087,1.5253563499320877,zC,B4,374,2
1.3400879926878173,1.333119690053576,1.3273148873611604,zC,B4,374,3
1.4943646176861294,1.3391444418758185,1.3645692108808494,zC,B4,374,4
1.8256538844045926,1.8281370909070336,1.8288971873422666,zC,B4,374,5
2.0469639440749954,2.0474470978892825,2.0467258118633405,zC,B4,374,6
1.7074773945226185,1.7057097731945412,1.7079385081239333,zC,B4,374,7
1.8224014189174211,1.8192792265615247,1.8198924396713054,zC,B4,374,8
1.8520718547901667,1.850720392752958,1.8517073504199628,zC,B4,374,9
1.5936025951043764,1.5915288950424136,1.591597946814239,zC,B4,374,10
2.103838370400833,2.101338987058659,2.1025802876292903,zC,B4,374,11
1.406849987286081,1.4070237143983544,1.4066626062975702,zC,B4,374,12
1.998406356109266,1.99799774779657,1.9991403278625697,zC,B4,374,13
1.9487148202397904,1.9465927381004988,1.9439560013404387,zC,B4,374,14
1.3821753487556354,1.3802108471578882,1.380847503267133,zC,B4,374,15
1.8358741521815465,1.8357349723278562,1.835377230796598,zC,B4,374,16
1.7341912177874237,1.733646100989836,1.7338559582941186,zC,B4,374,17
1.6440911830013598,1.6462533522132752,1.650892795316927,zC,B4,374,18
1.9830205905717178,1.9841553620617118,1.9902971486919403,zC,B4,374,19
1.3372965564765886,1.337164281735967,1.3382627406546472,zC,B4,374,20
1.5001515114711537,1.5002126246308929,1.4994084550279654,zC,B4,374,21
1.9986491281816705,2.007306873608052,2.0078658741997337,zC,B4,374,22
1.3992207932367986,1.4003064208398606,1.3979800987441566,zC,B4,374,23
1.5105874706320968,1.5108119719286806,1.5098585941962301,zC,B4,374,24
1.5466753961367976,1.54525549899461,1.54372758672881,zC,B4,374,25
1.5000495453213727,1.4994981758558708,1.4999965080362274,zC,B4,374,26
1.9624151865938315,1.9616999476045858,1.9579288647427908,zC,B4,374,27
1.9677765786389745,1.9691069799089271,1.9718693423011604,zC,B4,374,28
1.466615370020912,1.4707690400002464,1.470034547339862,zC,B4,374,29
1.53946778413261,1.543053212248107,1.5417769885052004,zC,B4,374,30
2.379055361246381,2.3768695422667294,2.381974193844354,zF,B4,374,-6
1.1774084261790307,1.1774644954611602,1.1773631686992034,zF,B4,374,-5
1.040397376900299,1.040428297134727,1.0403973702022484,zF,B4,374,-4
1.0137360078987268,1.0137632385705704,1.013756163830943,zF,B4,374,-3
1.0043912140075606,1.0043935322544248,1.004402350340463,zF,B4,374,-2
1.4592121024519324,1.3524433231449842,2.2046526135858566,zF,B4,374,-1
1.660745869916878,2.3352144353360376,2.216215865156408,zF,B4,374,0
2.316194530741639,2.2619061998028207,2.2748787957497876,zF,B4,374,1
2.289813950891617,2.2431136643338485,2.2603734599198018,zF,B4,374,2
2.41975694909887,2.371843429751628,2.375492343546256,zF,B4,374,3
2.6868954785567407,2.577168654921168,2.5975704889819515,zF,B4,374,4
2.76058148514999,2.7624069802515994,2.7630770231378645,zF,B4,374,5
2.889746181999766,2.887334113454067,2.886758884166815,zF,B4,374,6
2.2333775597597616,2.2289201592523735,2.2300142636093505,zF,B4,374,7
1.5033720575640948,1.502039716070736,1.501999733706534,zF,B4,374,8
1.4985645336932243,1.4978305680412418,1.4981053052301956,zF,B4,374,9
1.3592239713690641,1.3582361423338691,1.3582525479183631,zF,B4,374,10
2.0580741100625293,2.0554869688498676,2.056230424975707,zF,B4,374,11
1.6813716782995283,1.680260663390136,1.680141679516625,zF,B4,374,12
1.9728865333738033,1.9729959862356943,1.9742228726496978,zF,B4,374,13
2.073779596688904,2.0743506785385875,2.0710160953063554,zF,B4,374,14
1.866257438672951,1.862867172870468,1.8623834101274344,zF,B4,374,15
2.3859595563922924,2.3866724924726195,2.38367547834085,zF,B4,374,16
2.2736055088200238,2.271078743292999,2.270917789067016,zF,B4,374,17
2.171717846686793,2.174727487993921,2.1820734132015778,zF,B4,374,18
2.9243626210820244,2.9229011275641676,2.940508807467339,zF,B4,374,19
1.8474265174604054,1.8464518757864632,1.849611761366239,zF,B4,374,20
1.6224058544467643,1.620030734976857,1.6196971350477471,zF,B4,374,21
1.8294740834528458,1.841668236584891,1.841066361839296,zF,B4,374,22
1.2906802434357998,1.2914085975058187,1.2895670756898974,zF,B4,374,23
1.5221840331334129,1.5217559720292833,1.5218316221841135,zF,B4,374,24
1.5829988793797325,1.5817157394663077,1.5803175942112655,zF,B4,374,25
1.351120871147178,1.3512294641128586,1.350541996078059,zF,B4,374,26
2.270277159391603,2.272219448223782,2.2659616692416633,zF,B4,374,27
2.1514685523521,2.153732641238084,2.1616215348848176,zF,B4,374,28
1.5248126491490437,1.5291913557068064,1.5293140297064152,zF,B4,374,29
2.098459221408226,2.103391810504971,2.1033726686705716,zF,B4,374,30
1.2512907018748611,1.2512057207637794,1.250448880367525,zU,C0,374,-6
1.0,1.0,1.0,zU,C0,374,-5
1.0,1.0,1.0,zU,C0,374,-4
1.0,1.0,1.0,zU,C0,374,-3
1.0,1.0,1.0,zU,C0,374,-2
1.000211406062496,1.0035074767818188,1.0009167731960666,zU,C0,374,-1
1.0578395722322798,1.0289272448509106,1.0472185435845887,zU,C0,374,0
1.0523497045096335,1.052066103808069,1.0523146981794085,zU,C0,374,1
1.0546588591121027,1.054623137735903,1.0544303164875688,zU,C0,374,2
1.080249123647384,1.0798242119196746,1.07941736219832,zU,C0,374,3
1.2201428712508813,1.0862626704875014,1.107418974703617,zU,C0,374,4
1.261953546699926,1.2628892121588526,1.2627393353842438,zU,C0,374,5
1.2430102395705387,1.2431777466481895,1.2425261740586897,zU,C0,374,6
1.35141705985953,1.350465679332668,1.3519991645767047,zU,C0,374,7
1.2703705087060693,1.2707889446131402,1.2703557270501866,zU,C0,374,8
1.220652937077913,1.2199160032519492,1.2199836505639883,zU,C0,374,9
1.1482331770947283,1.1483257431645986,1.148497684251051,zU,C0,374,10
1.2137329492630768,1.2132727311168598,1.2126030196865725,zU,C0,374,11
1.0778834445558196,1.07767479586164,1.0778230210499393,zU,C0,374,12
1.1408249067847127,1.1404560331809477,1.140814868387087,zU,C0,374,13
1.1450212863158515,1.1450650855266493,1.1443149525375103,zU,C0,374,14
1.0962136486269551,1.0961727873188423,1.096119255866534,zU,C0,374,15
1.1723109615155398,1.1721323276724076,1.172267923408774,zU,C0,374,16
1.1899816140231312,1.1899226114245562,1.1898492013310593,zU,C0,374,17
1.1519231346437038,1.151981886152718,1.1532009909907206,zU,C0,374,18
1.1812994994523085,1.1814794297923883,1.1832160909283505,zU,C0,374,19
1.1520711482468875,1.1520207185641829,1.1526066368916916,zU,C0,374,20
1.1534715999378335,1.1531758039544293,1.1523660573318477,zU,C0,374,21
1.191567601622064,1.1928233812149003,1.193095531733379,zU,C0,374,22
1.1129122389590382,1.1130268911627352,1.1119713977296564,zU,C0,374,23
1.1766158747424857,1.1764576772056785,1.176355237077652,zU,C0,374,24
1.1377362119222703,1.1379012650318492,1.1377339969303628,zU,C0,374,25
1.1160613340471364,1.115812183817851,1.115923586691453,zU,C0,374,26
1.1604732874629622,1.1609195745873044,1.1600871560733812,zU,C0,374,27
1.1667623333468344,1.1670261926461303,1.1677829812013034,zU,C0,374,28
1.1251681345316722,1.1262495509341757,1.126135156353802,zU,C0,374,29
1.1559259923254308,1.1569851539142746,1.1565721042466666,zU,C0,374,30
