name,status,detail
"geometry: channel-1 margin vs exact closed form +0.210631046 (AM6; hand prereg value 0.2118, deviation 0.00117 recorded)",PASS,exact=0.210631046
"geometry: channel-2 margin vs exact closed form +0.261878523 (AM6; hand prereg value 0.2637, deviation 0.00184 recorded)",PASS,exact=0.261878523
geometry: mu = 2.56 (canonical dual window),PASS,
"canon S1 +: M0 E_bind,B = 0",PASS,
"canon S1 +: M0 E_bind,A = |VB-VA|",PASS,
canon S1 +: M0 E_comp = |C0 - f| = 5.0,PASS,
canon S1 +: M0 composition FAIL (E_comp > 0),PASS,
"canon S1 +: M1 E_bind,A = E_bind,B = 0",PASS,
canon S1 +: M1 scalar projection E_comp = |VB - f| (STRUCTURALLY_UNDEFINED control),PASS,
canon S1 +: M2 E_bind = 0 AND E_comp = 0 (exact),PASS,
"canon S1 -: M0 E_bind,B = 0",PASS,
"canon S1 -: M0 E_bind,A = |VB-VA|",PASS,
canon S1 -: M0 E_comp = |C0 - f| = 13.0,PASS,
canon S1 -: M0 composition FAIL (E_comp > 0),PASS,
"canon S1 -: M1 E_bind,A = E_bind,B = 0",PASS,
canon S1 -: M1 scalar projection E_comp = |VB - f| (STRUCTURALLY_UNDEFINED control),PASS,
canon S1 -: M2 E_bind = 0 AND E_comp = 0 (exact),PASS,
"canon S2 +: M0 E_bind,B = 0",PASS,
"canon S2 +: M0 E_bind,A = |VB-VA|",PASS,
canon S2 +: M0 E_comp = |C0 - f| = 7.0,PASS,
canon S2 +: M0 composition FAIL (E_comp > 0),PASS,
"canon S2 +: M1 E_bind,A = E_bind,B = 0",PASS,
canon S2 +: M1 scalar projection E_comp = |VB - f| (STRUCTURALLY_UNDEFINED control),PASS,
canon S2 +: M2 E_bind = 0 AND E_comp = 0 (exact),PASS,
"canon S2 -: M0 E_bind,B = 0",PASS,
"canon S2 -: M0 E_bind,A = |VB-VA|",PASS,
canon S2 -: M0 E_comp = |C0 - f| = 11.0,PASS,
canon S2 -: M0 composition FAIL (E_comp > 0),PASS,
"canon S2 -: M1 E_bind,A = E_bind,B = 0",PASS,
canon S2 -: M1 scalar projection E_comp = |VB - f| (STRUCTURALLY_UNDEFINED control),PASS,
canon S2 -: M2 E_bind = 0 AND E_comp = 0 (exact),PASS,
"canon S3 +: M0 E_bind,B = 0",PASS,
"canon S3 +: M0 E_bind,A = |VB-VA|",PASS,
canon S3 +: M0 E_comp = |C0 - f| = 2.0,PASS,
canon S3 +: M0 composition FAIL (E_comp > 0),PASS,
"canon S3 +: M1 E_bind,A = E_bind,B = 0",PASS,
canon S3 +: M1 scalar projection E_comp = |VB - f| (STRUCTURALLY_UNDEFINED control),PASS,
canon S3 +: M2 E_bind = 0 AND E_comp = 0 (exact),PASS,
"canon S3 -: M0 E_bind,B = 0",PASS,
"canon S3 -: M0 E_bind,A = |VB-VA|",PASS,
canon S3 -: M0 E_comp = |C0 - f| = 10.0,PASS,
canon S3 -: M0 composition FAIL (E_comp > 0),PASS,
"canon S3 -: M1 E_bind,A = E_bind,B = 0",PASS,
canon S3 -: M1 scalar projection E_comp = |VB - f| (STRUCTURALLY_UNDEFINED control),PASS,
canon S3 -: M2 E_bind = 0 AND E_comp = 0 (exact),PASS,
position randomization: 6 orderings bitwise invariant (1e-12),PASS,maxdiff=0.000e+00
leakage: Q ∩ V = ∅ (canonical scenario sets),PASS,
leakage: query slots have value 0 and are not candidates (structural),PASS,
"CF1 query swap: + invariant, - antisymmetric",PASS,"y+=14.0, y-=4.0"
CF2 value swap: + invariant (commutative) & channel outputs swap; - antisymmetric,PASS,"C=(9.0,5.0) y-=4.0"
"CF3 key swap: + invariant, - antisymmetric",PASS,"y+=14.0, y-=4.0"
"CF4 channel-output swap: + invariant, - antisymmetric",PASS,
"CF5 AM5 trap: M0 E_comp=0 but E_bind,A>0 -> COMPOSITION FAIL (joint audit catches); M2 genuine PASS",PASS,E_bindA_M0=5.0
CF6 binding-preserving: value shift keeps E=0 and tracks f; legacy single-query 3.0->A / 4.0->B,PASS,"y=18.0, legacy={3.0: ('A', 5.0), 4.0: ('B', 9.0)}"
"CF7 binding-breaking: channel 2 mis-routes -> E_bind,B = 4 and E_comp = 4 (Routing -> Wrong Operand -> Composition Error)",PASS,"E_bindB=4.0, E_comp=4.0"
CF8 composition-sensitive relational: y = f exactly across scenarios; subtraction distinguishes relations,PASS,"ys={'S1': (14.0, -4.0), 'S2': (5.0, 9.0), 'S3': (8.0, -4.0)}"
MC 20260904: separation test E_comp|both-routed = 0 EXACT (max over histories <= 1e-12),PASS,max=0.000e+00
MC 20260904: rA = 0.50440 vs bench 0.49975,PASS,
MC 20260904: rB = 0.49150 vs bench 0.49975,PASS,
MC 20260904: P_both = 0.21880 vs bench 0.22073,PASS,
MC 20260904: E[E_comp+] = 1.12045 vs bench 1.11610,PASS,
MC 20260904: E[E_comp-] = 1.98929 vs bench 2.00100,PASS,
MC 20260904: E[E_comp] > 0 (binding-limited) and E[E_comp|both] = 0 (combiner zero-error),PASS,
MC 20260905: separation test E_comp|both-routed = 0 EXACT (max over histories <= 1e-12),PASS,max=0.000e+00
MC 20260905: rA = 0.50250 vs bench 0.49975,PASS,
MC 20260905: rB = 0.49880 vs bench 0.49975,PASS,
MC 20260905: P_both = 0.22580 vs bench 0.22073,PASS,
MC 20260905: E[E_comp+] = 1.07461 vs bench 1.11610,PASS,
MC 20260905: E[E_comp-] = 1.95963 vs bench 2.00100,PASS,
MC 20260905: E[E_comp] > 0 (binding-limited) and E[E_comp|both] = 0 (combiner zero-error),PASS,
MC 20260906: separation test E_comp|both-routed = 0 EXACT (max over histories <= 1e-12),PASS,max=0.000e+00
MC 20260906: rA = 0.49970 vs bench 0.49975,PASS,
MC 20260906: rB = 0.50090 vs bench 0.49975,PASS,
MC 20260906: P_both = 0.21620 vs bench 0.22073,PASS,
MC 20260906: E[E_comp+] = 1.12796 vs bench 1.11610,PASS,
MC 20260906: E[E_comp-] = 1.97877 vs bench 2.00100,PASS,
MC 20260906: E[E_comp] > 0 (binding-limited) and E[E_comp|both] = 0 (combiner zero-error),PASS,
MC query-order randomization: per-history + invariant and - antisymmetric (exact),PASS,
shortcut audit: all leakage controls hold,PASS,
