name,d,seed,estimate,exact,SE,status,note
5a norm-invariance,2,20260904,0.49970000,0.50000000,0.00500000,PASS,r=1.0
5a norm-invariance,2,20260905,0.49380000,0.50000000,0.00499962,PASS,r=1.0
5a norm-invariance,2,20260906,0.50760000,0.50000000,0.00499942,PASS,r=1.0
5a norm-invariance,2,20260904,0.49940000,0.50000000,0.00500000,PASS,r=2.0
5a norm-invariance,2,20260905,0.49840000,0.50000000,0.00499997,PASS,r=2.0
5a norm-invariance,2,20260906,0.49770000,0.50000000,0.00499995,PASS,r=2.0
5a norm-invariance,2,20260904,0.49700000,0.50000000,0.00499991,PASS,r=5.0
5a norm-invariance,2,20260905,0.49640000,0.50000000,0.00499987,PASS,r=5.0
5a norm-invariance,2,20260906,0.49130000,0.50000000,0.00499924,PASS,r=5.0
5a norm-invariance,2,20260904,0.49570000,0.50000000,0.00499982,PASS,r=10.0
5a norm-invariance,2,20260905,0.49430000,0.50000000,0.00499968,PASS,r=10.0
5a norm-invariance,2,20260906,0.49170000,0.50000000,0.00499931,PASS,r=10.0
5b distractor-leak,2,20260904,0.09220000,0.09069417,0.00289308,PASS,m=0.5
5b distractor-leak,2,20260905,0.08950000,0.09069417,0.00285464,PASS,m=0.5
5b distractor-leak,2,20260906,0.08440000,0.09069417,0.00277987,PASS,m=0.5
5b distractor-leak,2,20260904,0.12110000,0.12500000,0.00326243,PASS,m=1.0
5b distractor-leak,2,20260905,0.12580000,0.12500000,0.00331624,PASS,m=1.0
5b distractor-leak,2,20260906,0.13160000,0.12500000,0.00338055,PASS,m=1.0
5b distractor-leak,2,20260904,0.34410000,0.34069417,0.00475074,PASS,m=2.0
5b distractor-leak,2,20260905,0.34580000,0.34069417,0.00475628,PASS,m=2.0
5b distractor-leak,2,20260906,0.35160000,0.34069417,0.00477470,PASS,m=2.0
5b distractor-leak,2,20260904,0.45070000,0.44803597,0.00497564,PASS,m=5.0
5b distractor-leak,2,20260905,0.44780000,0.44803597,0.00497268,PASS,m=5.0
5b distractor-leak,2,20260906,0.45540000,0.44803597,0.00498007,PASS,m=5.0
5b distractor-leak,2,20260904,0.48080000,0.47582602,0.00499631,PASS,m=10.0
5b distractor-leak,2,20260905,0.47630000,0.47582602,0.00499438,PASS,m=10.0
5b distractor-leak,2,20260906,0.48330000,0.47582602,0.00499721,PASS,m=10.0
5c symmetric-3set,2,20260904,0.33660000,0.33333333,0.00472547,PASS,candidate 0
5c symmetric-3set,2,20260905,0.32910000,0.33333333,0.00469886,PASS,candidate 0
5c symmetric-3set,2,20260906,0.33980000,0.33333333,0.00473641,PASS,candidate 0
5c symmetric-3set,2,20260904,0.33710000,0.33333333,0.00472719,PASS,candidate 1
5c symmetric-3set,2,20260905,0.34030000,0.33333333,0.00473810,PASS,candidate 1
5c symmetric-3set,2,20260906,0.33030000,0.33333333,0.00470321,PASS,candidate 1
5c symmetric-3set,2,20260904,0.32630000,0.33333333,0.00468859,PASS,candidate 2
5c symmetric-3set,2,20260905,0.33060000,0.33333333,0.00470429,PASS,candidate 2
5c symmetric-3set,2,20260906,0.32990000,0.33333333,0.00470177,PASS,candidate 2
