Condition,Model,BothRoutedAcc_%,MiddleKeyChannelAcc_%,JointAccGivenMiddle_%,UncondAddErrHard,UncondSubErrHard,UncondAddErrSoft,UncondSubErrSoft,CondAddErrHard,BindingErr
C1_N2_zero_noise,QueryBlindControl,45.0,N/A,N/A,0.0,2.4794,0.0,2.0824,0.0,2.4794
C1_N2_zero_noise,PositiveScalarKernel,0.0,N/A,N/A,2.0824,2.0824,2.0462,2.0824,N/A,2.0824
C1_N2_zero_noise,SignedScalarKernel,40.0,N/A,N/A,0.8043,0.8043,0.7252,0.8078,0.0,0.8043
C1_N2_zero_noise,HistoricalSprint4_2_KernelStaticControl,25.0,N/A,N/A,0.6624,2.3344,0.7215,2.145,0.0,2.3344
C1_N2_zero_noise,FrozenSRotationHarmonicReference,10.0,N/A,N/A,1.9852,2.0426,0.9018,2.1482,0.0,2.0426
C1_N2_zero_noise,ScalarMetricAttention,100.0,N/A,N/A,0.0,0.0,0.0,0.2727,0.0,0.0
C1_N2_zero_noise,VectorQKAddressAttention,100.0,N/A,N/A,0.0,0.0,0.0,1.4712,0.0,0.0
C2_N3_zero_noise,QueryBlindControl,10.0,26.67,0.0,1.84,2.329,1.0976,1.9034,0.0,2.4554
C2_N3_zero_noise,PositiveScalarKernel,0.0,0.0,0.0,1.6216,1.9034,1.6264,1.9034,N/A,2.0221
C2_N3_zero_noise,SignedScalarKernel,0.0,0.0,0.0,1.9873,1.9873,1.9484,1.9433,N/A,1.9873
C2_N3_zero_noise,HistoricalSprint4_2_KernelStaticControl,5.0,20.0,6.67,1.2809,2.8162,1.1278,2.1497,0.0,2.8162
C2_N3_zero_noise,FrozenSRotationHarmonicReference,10.0,26.67,13.33,1.1453,1.7403,0.8049,1.804,0.0,1.7403
C2_N3_zero_noise,ScalarMetricAttention,100.0,100.0,100.0,0.0,0.0,0.4386,0.5815,0.0,0.0
C2_N3_zero_noise,VectorQKAddressAttention,100.0,100.0,100.0,0.0,0.0,0.8734,1.6263,0.0,0.0
C3_N3_low_noise,QueryBlindControl,10.0,18.75,6.25,1.717,2.9401,1.223,1.816,0.0,2.9403
C3_N3_low_noise,PositiveScalarKernel,0.0,0.0,0.0,2.0618,1.816,2.0202,1.816,N/A,2.3705
C3_N3_low_noise,SignedScalarKernel,15.0,0.0,0.0,1.3803,1.0045,1.1007,0.9186,0.0,1.3803
C3_N3_low_noise,HistoricalSprint4_2_KernelStaticControl,25.0,43.75,18.75,1.2571,1.4415,1.378,1.4515,0.0,1.7494
C3_N3_low_noise,FrozenSRotationHarmonicReference,5.0,12.5,6.25,1.8379,1.7939,1.5238,1.7313,0.0,2.2657
C3_N3_low_noise,ScalarMetricAttention,100.0,100.0,100.0,0.0,0.0,0.4253,0.6013,0.0,0.0
C3_N3_low_noise,VectorQKAddressAttention,100.0,100.0,100.0,0.0,0.0,0.8945,1.4527,0.0,0.0
C4_N3_high_noise,QueryBlindControl,10.0,18.75,6.25,1.717,2.9401,1.223,1.816,0.0,2.9403
C4_N3_high_noise,PositiveScalarKernel,0.0,0.0,0.0,2.0618,1.816,2.0202,1.816,N/A,2.3705
C4_N3_high_noise,SignedScalarKernel,15.0,0.0,0.0,1.4315,1.2605,1.1682,1.1762,0.0,1.6363
C4_N3_high_noise,HistoricalSprint4_2_KernelStaticControl,25.0,43.75,18.75,1.2571,1.4415,1.378,1.4515,0.0,1.7494
C4_N3_high_noise,FrozenSRotationHarmonicReference,5.0,12.5,6.25,1.8379,1.7939,1.5238,1.7313,0.0,2.2657
C4_N3_high_noise,ScalarMetricAttention,75.0,75.0,75.0,0.4863,0.4863,0.4393,0.6446,0.0,0.4863
C4_N3_high_noise,VectorQKAddressAttention,75.0,75.0,75.0,0.4863,0.4863,0.8881,1.4441,0.0,0.4863
C5_N3_OOD_low_keys,QueryBlindControl,5.0,42.86,0.0,1.9252,2.4957,0.9878,2.078,0.0,2.6668
C5_N3_OOD_low_keys,PositiveScalarKernel,0.0,0.0,0.0,2.0468,2.078,1.2059,2.078,N/A,2.4642
C5_N3_OOD_low_keys,SignedScalarKernel,0.0,0.0,0.0,3.0488,2.078,1.5318,2.078,N/A,3.2188
C5_N3_OOD_low_keys,HistoricalSprint4_2_KernelStaticControl,0.0,0.0,0.0,2.0468,2.078,1.3152,2.1022,N/A,2.4642
C5_N3_OOD_low_keys,FrozenSRotationHarmonicReference,0.0,0.0,0.0,2.0468,2.078,0.9403,2.0782,N/A,2.4642
C5_N3_OOD_low_keys,ScalarMetricAttention,100.0,100.0,100.0,0.0,0.0,0.932,2.04,0.0,0.0
C5_N3_OOD_low_keys,VectorQKAddressAttention,100.0,100.0,100.0,0.0,0.0,0.9832,2.075,0.0,0.0
C6_N3_OOD_high_keys,QueryBlindControl,10.0,40.0,6.67,1.6534,2.5814,1.1422,2.0549,0.0,2.727
C6_N3_OOD_high_keys,PositiveScalarKernel,0.0,0.0,0.0,1.9273,2.0549,1.8334,2.0549,N/A,2.4411
C6_N3_OOD_high_keys,SignedScalarKernel,0.0,0.0,0.0,1.9273,2.0549,1.586,2.0549,N/A,2.4411
C6_N3_OOD_high_keys,HistoricalSprint4_2_KernelStaticControl,0.0,0.0,0.0,3.6467,2.0549,1.4529,2.0304,N/A,3.6467
C6_N3_OOD_high_keys,FrozenSRotationHarmonicReference,0.0,0.0,0.0,3.6467,2.0549,1.3673,2.0188,N/A,3.6467
C6_N3_OOD_high_keys,ScalarMetricAttention,100.0,100.0,100.0,0.0,0.0,0.7087,1.407,0.0,0.0
C6_N3_OOD_high_keys,VectorQKAddressAttention,100.0,100.0,100.0,0.0,0.0,1.0805,2.0014,0.0,0.0
