condition,seed,model,trials,both_routed_acc,c1_acc,c2_acc,middle_key_channel_acc,middle_channel_queries_count,middle_channel_correct_count,joint_acc_given_middle,middle_target_trials_count,mean_binding_err,unconditional_err_add_hard,unconditional_err_sub_hard,unconditional_err_add_soft,unconditional_err_sub_soft,conditional_err_add_hard,conditional_err_sub_hard,conditional_err_add_soft,conditional_err_sub_soft
C1_N2_zero_noise,2026091700,QueryBlindControl,20,0.45,0.45,0.45,,0,0,,0,2.4794291612162906,0.0,2.4794291612162906,0.0,2.0823754460805644,0.0,0.0,0.0,1.8725797010498182
C1_N2_zero_noise,2026091700,PositiveScalarKernel,20,0.0,0.45,0.55,,0,0,,0,2.0823754460805644,2.0823754460805644,2.0823754460805644,2.0462207914430697,2.0823754460805644,,,,
C1_N2_zero_noise,2026091700,SignedScalarKernel,20,0.4,0.7,0.7,,0,0,,0,0.8042611023384862,0.8042611023384862,0.8042611023384862,0.7251760355645411,0.8077552035875122,0.0,0.0,1.6653345369377348e-16,0.008735253122564818
C1_N2_zero_noise,2026091700,HistoricalSprint4_2_KernelStaticControl,20,0.25,0.5,0.45,,0,0,,0,2.3344018987157793,0.6624454731321976,2.3344018987157793,0.721458841508196,2.1450484302336066,0.0,0.0,0.2589265838652741,0.8069003094019912
C1_N2_zero_noise,2026091700,FrozenSRotationHarmonicReference,20,0.1,0.5,0.55,,0,0,,0,2.0426120531528027,1.9851997314691487,2.0426120531528027,0.901842816653901,2.1481855440584563,0.0,0.0,0.12856833116691568,0.4960708487531105
C1_N2_zero_noise,2026091700,ScalarMetricAttention,20,1.0,1.0,1.0,,0,0,,0,0.0,0.0,0.0,6.106226635438361e-17,0.2727341861543966,0.0,0.0,6.106226635438361e-17,0.2727341861543966
C1_N2_zero_noise,2026091700,VectorQKAddressAttention,20,1.0,1.0,1.0,,0,0,,0,0.0,0.0,0.0,1.9706458687096528e-16,1.4711806231749143,0.0,0.0,1.9706458687096528e-16,1.4711806231749143
C2_N3_zero_noise,2026091700,QueryBlindControl,20,0.1,0.55,0.2,0.26666666666666666,15,4,0.0,15,2.4553643586350895,1.8399727969216184,2.3289564012232358,1.0975694343847064,1.903351950605937,0.0,0.0,0.2890137703126164,2.202215948186829
C2_N3_zero_noise,2026091700,PositiveScalarKernel,20,0.0,0.35,0.45,0.0,15,0,0.0,15,2.0220828983270556,1.6215779341674843,1.903351950605937,1.6264338204697992,1.903351950605937,,,,
C2_N3_zero_noise,2026091700,SignedScalarKernel,20,0.0,0.5,0.5,0.0,15,0,0.0,15,1.987328866088419,1.987328866088419,1.987328866088419,1.948402403315373,1.943278293699232,,,,
C2_N3_zero_noise,2026091700,HistoricalSprint4_2_KernelStaticControl,20,0.05,0.15,0.4,0.2,15,3,0.06666666666666667,15,2.816163940051733,1.280944136242939,2.816163940051733,1.127798161661381,2.149691574645389,0.0,0.0,0.2454750353553239,0.15823989055026377
C2_N3_zero_noise,2026091700,FrozenSRotationHarmonicReference,20,0.1,0.4,0.45,0.26666666666666666,15,4,0.13333333333333333,15,1.7403439649288834,1.1453402086668496,1.7403439649288834,0.8048718431361804,1.8040141611217497,0.0,0.0,1.0311363668368052,0.9850049760473366
C2_N3_zero_noise,2026091700,ScalarMetricAttention,20,1.0,1.0,1.0,1.0,15,15,1.0,15,0.0,0.0,0.0,0.4386316247678489,0.5814698146257781,0.0,0.0,0.4386316247678489,0.5814698146257781
C2_N3_zero_noise,2026091700,VectorQKAddressAttention,20,1.0,1.0,1.0,1.0,15,15,1.0,15,0.0,0.0,0.0,0.8733949461323226,1.6263080402522676,0.0,0.0,0.8733949461323226,1.6263080402522676
C3_N3_low_noise,2026091700,QueryBlindControl,20,0.1,0.25,0.35,0.1875,16,3,0.0625,16,2.9403116529648705,1.7169965989649565,2.94013787339616,1.2229662350103934,1.8159646703408534,0.0,0.0,1.318691484883637,2.2052987400830983
C3_N3_low_noise,2026091700,PositiveScalarKernel,20,0.0,0.25,0.4,0.0,16,0,0.0,16,2.370494800294597,2.0618292535960645,1.8159646703408534,2.0201540227207393,1.8159646703408534,,,,
C3_N3_low_noise,2026091700,SignedScalarKernel,20,0.15,0.6,0.5,0.0,16,0,0.0,16,1.3802924945281623,1.380292494528162,1.0045192246022505,1.1007342250011096,0.9185949429321889,0.0,0.0,0.024879817178694513,0.01957365047651649
C3_N3_low_noise,2026091700,HistoricalSprint4_2_KernelStaticControl,20,0.25,0.45,0.55,0.4375,16,7,0.1875,16,1.7493518419913834,1.2571249293090738,1.4414619137367732,1.3780279370594208,1.451454521730311,0.0,0.0,1.673501674239045,1.1637496110480023
C3_N3_low_noise,2026091700,FrozenSRotationHarmonicReference,20,0.05,0.2,0.4,0.125,16,2,0.0625,16,2.2657449162930954,1.8379099422131902,1.7939498850022937,1.5238100314677498,1.7313199215720627,0.0,0.0,2.1312703003923112,0.2767405597057764
C3_N3_low_noise,2026091700,ScalarMetricAttention,20,1.0,1.0,1.0,1.0,16,16,1.0,16,0.0,0.0,0.0,0.42532820635216695,0.6013457762946326,0.0,0.0,0.42532820635216695,0.6013457762946326
C3_N3_low_noise,2026091700,VectorQKAddressAttention,20,1.0,1.0,1.0,1.0,16,16,1.0,16,0.0,0.0,0.0,0.8944545705390038,1.452684457479839,0.0,0.0,0.8944545705390038,1.452684457479839
C4_N3_high_noise,2026091700,QueryBlindControl,20,0.1,0.25,0.35,0.1875,16,3,0.0625,16,2.9403116529648705,1.7169965989649565,2.94013787339616,1.2229662350103934,1.8159646703408534,0.0,0.0,1.318691484883637,2.2052987400830983
C4_N3_high_noise,2026091700,PositiveScalarKernel,20,0.0,0.25,0.4,0.0,16,0,0.0,16,2.370494800294597,2.0618292535960645,1.8159646703408534,2.0201540227207393,1.8159646703408534,,,,
C4_N3_high_noise,2026091700,SignedScalarKernel,20,0.15,0.6,0.45,0.0,16,0,0.0,16,1.6362599536542035,1.4315295757021378,1.260486683728292,1.1681523710377006,1.1761847216934995,0.0,0.0,0.024879817178694513,0.01957365047651649
C4_N3_high_noise,2026091700,HistoricalSprint4_2_KernelStaticControl,20,0.25,0.45,0.55,0.4375,16,7,0.1875,16,1.7493518419913834,1.2571249293090738,1.4414619137367732,1.3780279370594208,1.451454521730311,0.0,0.0,1.673501674239045,1.1637496110480023
C4_N3_high_noise,2026091700,FrozenSRotationHarmonicReference,20,0.05,0.2,0.4,0.125,16,2,0.0625,16,2.2657449162930954,1.8379099422131902,1.7939498850022937,1.5238100314677498,1.7313199215720627,0.0,0.0,2.1312703003923112,0.2767405597057764
C4_N3_high_noise,2026091700,ScalarMetricAttention,20,0.75,0.9,0.85,0.75,16,12,0.75,16,0.48626497730735735,0.48626497730735735,0.48626497730735724,0.4392630875817664,0.6446355344647305,0.0,0.0,0.1829727920813558,0.6317318598502634
C4_N3_high_noise,2026091700,VectorQKAddressAttention,20,0.75,0.9,0.85,0.75,16,12,0.75,16,0.48626497730735735,0.48626497730735735,0.48626497730735724,0.8881096189236434,1.4441476876979211,0.0,0.0,0.8346831622044009,1.5086396301302196
C5_N3_OOD_low_keys,2026091700,QueryBlindControl,20,0.05,0.4,0.2,0.42857142857142855,14,6,0.0,14,2.6668439994437914,1.9252157276309763,2.495740313156509,0.9877535494043054,2.077994149423528,0.0,0.0,0.2736985050910379,3.8969721303568914
C5_N3_OOD_low_keys,2026091700,PositiveScalarKernel,20,0.0,0.45,0.25,0.0,14,0,0.0,14,2.4641813138122095,2.046779655088766,2.077994149423528,1.2059235897643124,2.077994149423528,,,,
C5_N3_OOD_low_keys,2026091700,SignedScalarKernel,20,0.0,0.25,0.35,0.0,14,0,0.0,14,3.218789883641545,3.0488466803601306,2.077994149423528,1.531777915017166,2.077994149423528,,,,
C5_N3_OOD_low_keys,2026091700,HistoricalSprint4_2_KernelStaticControl,20,0.0,0.45,0.25,0.0,14,0,0.0,14,2.4641813138122095,2.046779655088766,2.077994149423528,1.3152318912367307,2.102174530636267,,,,
C5_N3_OOD_low_keys,2026091700,FrozenSRotationHarmonicReference,20,0.0,0.45,0.25,0.0,14,0,0.0,14,2.4641813138122095,2.046779655088766,2.077994149423528,0.9402788033493481,2.078213641147296,,,,
C5_N3_OOD_low_keys,2026091700,ScalarMetricAttention,20,1.0,1.0,1.0,1.0,14,14,1.0,14,0.0,0.0,0.0,0.9319924033454259,2.0399682926354488,0.0,0.0,0.9319924033454259,2.0399682926354488
C5_N3_OOD_low_keys,2026091700,VectorQKAddressAttention,20,1.0,1.0,1.0,1.0,14,14,1.0,14,0.0,0.0,0.0,0.9831580376181588,2.0750206686989836,0.0,0.0,0.9831580376181588,2.0750206686989836
C6_N3_OOD_high_keys,2026091700,QueryBlindControl,20,0.1,0.4,0.2,0.4,15,6,0.06666666666666667,15,2.7270039003897804,1.6533978308539958,2.5813999956933147,1.1421781396900474,2.0548745173554392,0.0,0.0,0.17045613209587773,3.0127944968456943
C6_N3_OOD_high_keys,2026091700,PositiveScalarKernel,20,0.0,0.35,0.3,0.0,15,0,0.0,15,2.4410616817441206,1.9273112437190592,2.0548745173554392,1.833442703014305,2.0548745173554392,,,,
C6_N3_OOD_high_keys,2026091700,SignedScalarKernel,20,0.0,0.35,0.3,0.0,15,0,0.0,15,2.4410616817441206,1.9273112437190592,2.0548745173554392,1.5860301407026405,2.0548745173554392,,,,
C6_N3_OOD_high_keys,2026091700,HistoricalSprint4_2_KernelStaticControl,20,0.0,0.3,0.3,0.0,15,0,0.0,15,3.646698855462337,3.646698855462337,2.0548745173554392,1.452899730035184,2.0303798034524996,,,,
C6_N3_OOD_high_keys,2026091700,FrozenSRotationHarmonicReference,20,0.0,0.3,0.3,0.0,15,0,0.0,15,3.646698855462337,3.646698855462337,2.0548745173554392,1.3673416780930274,2.0187603448726774,,,,
C6_N3_OOD_high_keys,2026091700,ScalarMetricAttention,20,1.0,1.0,1.0,1.0,15,15,1.0,15,0.0,0.0,0.0,0.7086788231449679,1.406964418460007,0.0,0.0,0.7086788231449679,1.406964418460007
C6_N3_OOD_high_keys,2026091700,VectorQKAddressAttention,20,1.0,1.0,1.0,1.0,15,15,1.0,15,0.0,0.0,0.0,1.0805018552293104,2.001441851753313,0.0,0.0,1.0805018552293104,2.001441851753313
