x,C1_fpE,C1_fpI,C1_epE,C1_epEvE,C2_fpE,C2_fpI,C2_epE,C2_epEvE,C3_fpE,C3_fpI,C3_epE,C3_epEvE,C4_fpE,C4_fpI,C4_epE,C4_epEvE
0.2,0.0,0.0,-0.04516129032257937,0,0.0,0.0,0.05321164272792757,0,0.0,0.0,0.35166777844694075,0,0.0,0.0,0.16094474049909407,0
0.25,0.0,0.0,-0.04516129032257937,0,0.0,0.0,0.05413206925920601,0,0.0,0.0,0.3480067568590862,0,0.0,0.0,0.1610335749991309,0
0.3,0.0,0.0,-0.04516129032257937,0,0.0,0.0,0.05505428860251042,0,0.0,0.0,0.34433199435210105,0,0.0,0.0,0.1611301794634356,0
0.35,0.0,0.0,-0.04516129032257937,0,0.0,0.0,0.05597822419204097,0,0.0,0.0,0.3406402781639669,0,0.0,0.0,0.16122986627406483,0
0.4,0.0,0.0,-0.04516129032257937,0,0.0,0.0,0.056903797496303185,0,0.0,0.0,0.33692850153359344,0,0.0,0.0,0.1613270885529547,0
0.45,0.0,0.0,-0.04516129032257937,0,0.0,0.0,0.057830928012046035,0,0.0,0.0,0.33319381825578454,0,0.0,0.0,0.16141549353257328,0
0.5,0.0,0.0,-0.04516129032257937,0,0.0,0.0,0.058759533254980595,0,0.0,0.0,0.32943382451575215,0,0.0,0.0,0.16148801123997014,0
0.55,0.0,0.0,-0.04516129032257937,0,0.0,0.0,0.059323089348646774,0,0.0,0.0,0.3252803290240149,0,0.0,0.0,0.16117625662918728,0
0.6,0.0,0.0,-0.04516129032257937,0,0.0,0.0,0.059877701273969394,0,0.0,0.0,0.3210886599990565,0,0.0,0.0,0.16083383200156992,0
0.65,0.0,0.0,-0.04516129032257937,0,0.0,0.0,0.06042335888693115,0,0.0,0.0,0.3168591833633862,0,0.0,0.0,0.16045229975326408,0
0.7,0.0,0.0,-0.04516129032257937,0,0.0,0.0,0.06096005399016277,0,0.0,0.0,0.3125937041429049,0,0.0,0.0,0.160023425175852,0
0.75,0.0,0.0,-0.04516129032257937,0,0.0,0.0,0.0614877802333815,0,0.0,0.0,0.3082957676471476,0,0.0,0.0,0.15953948896665504,0
0.8,0.0,0.0,-0.04516129032257937,0,0.06076759407296868,0.06076759407296868,0.09337045252583248,0,0.06433947805373666,0.06433947805373666,0.3371784426965783,0,0.06433947805373666,0.06433947805373666,0.19220111484231428,0
0.85,0.04999999999999993,0.04999999999999993,-0.019354838709676914,0,0.12293784443114224,0.12293784443114224,0.1259680999840517,0,0.13738457156870384,0.13738457156870384,0.3705354350831732,0,0.13738457156870384,0.13738457156870384,0.22928846401206981,0
0.9,0.09999999999999998,0.09999999999999998,0.006451612903225601,0,0.18630658571364198,0.18630658571364198,0.159175345435615,0,0.2190539669901218,0.2190539669901218,0.4083353921723037,0,0.2190539669901218,0.2190539669901218,0.27075565994999423,0
0.95,0.1499999999999999,0.1499999999999999,0.03225806451612806,0,0.25066463679004813,0.25066463679004813,0.1928842242763526,0,0.3090984189305566,0.3090984189305566,0.45046321338908113,0,0.3090984189305566,0.3090984189305566,0.3164722593732503,0
1.0,0.19999999999999996,0.19999999999999996,0.058064516129030574,0,0.31580051235984635,0.31580051235984635,0.22698558385729523,0,0.4071004913999802,0.4071004913999802,0.49672013829696093,0,0.4071004913999802,0.4071004913999802,0.3662235406316794,0
1.05,0.16999999999999993,0.22999999999999998,0.042580645161289066,0,0.38150311425236677,0.38150311425236677,0.2613704723846654,0,0.5124835684407556,0.5124835684407556,0.5468285520628853,0,0.5124835684407556,0.5124835684407556,0.4197155469045663,0
1.1,0.1399999999999999,0.26,0.027096774193547557,0,0.44756433212353786,0.44756433212353786,0.29593148104702843,0,0.6245297550071862,0.6245297550071862,0.6004412913417065,0,0.6245297550071862,0.6245297550071862,0.4765846628122943,0
1.15,0.10999999999999999,0.2899999999999999,0.011612903225806104,0,0.48722502997979167,0.5071423744046827,0.31685744655950815,0,0.7158490461291116,0.7357663905540026,0.6434482697210524,0,0.7151099853039227,0.7355816253477054,0.52232308638303,0
1.2,0.07999999999999996,0.31999999999999995,-0.003870967741935405,0,0.49941620620450616,0.5598237345618827,0.3235966303446839,0,0.7846498007227198,0.8450573290800963,0.6749546157461559,0,0.7779024130034728,0.8433704821502845,0.553682013608706,0
1.25,0.04999999999999993,0.35,-0.019354838709676914,0,0.5103647631439423,0.6120261176613973,0.32968550263772584,0,0.8563777776387601,0.9580391321562151,0.708126312024493,0,0.8374343386084424,0.9533032723986357,0.5833384484722883,0
1.3,0.019999999999999907,0.38,-0.03483870967741842,0,0.5200772322811142,0.663620638491683,0.3351274391434751,0,0.9302347463188376,1.0737781525294063,0.7425864292531521,0,0.8928455269550564,1.064430847688461,0.6108696712734515,0
1.35,-0.01000000000000012,0.41000000000000003,-0.05032258064515993,0,0.5285753134135528,0.7144917397280458,0.3399336442667689,0,1.0054483101555567,1.1913647364700497,0.7779731221786309,0,0.9434350530259742,1.175861422187654,0.6359383917175891,0
1.4,-0.040000000000000036,0.4399999999999999,-0.06580645161290138,0,0.535894590834372,0.7645376637710102,0.3441224882707369,0,1.0813024192181127,1.3099454921547509,0.8139546103156464,0,0.988687068431582,1.2867916544581182,0.6583055611147219,0
1.45,-0.07000000000000006,0.4699999999999999,-0.0812903225806429,0,0.5420829920982742,0.8136706209432598,0.3477187115667211,0,1.1571637282083262,1.428751357053312,0.8502418893537476,0,1.0282848019219772,1.3965316254817246,0.6778369506267702,0
1.5,-0.10000000000000009,0.49999999999999994,-0.0967741935483844,0,0.5471990586661724,0.8618166801138906,0.3507525319005603,0,1.232502988835922,1.5471206102836401,0.8865987864993573,0,1.062112778107379,1.5045230576015043,0.6945035100007226,0
1.55,-0.13000000000000012,0.53,-0.11225806451612591,0,0.5513100993386544,0.9089154144697607,0.35325869103436447,0,1.3069111661086004,1.6645164812397066,0.9228492415593755,0,1.0902483396323421,1.610350774620642,0.7083761018901809,0
1.6,-0.16000000000000014,0.56,-0.12774193548386742,0,0.554490295319651,0.9549193395258195,0.3552754764551365,0,1.3801103680473559,1.7805394122535243,0.9588819099799188,0,1.1129443876555851,1.7137479171555816,0.7196156454514662,0
1.65,-0.18999999999999995,0.5899999999999999,-0.14322580645160882,0,0.5568188205277854,0.9997931826454519,0.35684375094544357,0,1.4519599372829197,1.894934299400586,0.9946523220633647,0,1.1306057266262275,1.814595746736413,0.7284599531133208,0
1.7,-0.21999999999999997,0.6199999999999999,-0.15870967741935033,0,0.558378033079874,1.0435130235413068,0.3580060188807843,0,1.5224581551756753,2.007593145637108,1.0301828852270678,0,1.143761492115659,1.912918979872104,0.7352085949152154,0
1.75,-0.2500000000000002,0.6499999999999999,-0.17419354838709195,0,0.5592517844736982,1.0860653437501093,0.3588055532680995,0,1.591739960984486,2.118553520260897,1.0655609864074185,0,1.1530358961499245,2.008877504052257,0.7402069963406013,0
1.8,-0.28000000000000025,0.6799999999999999,-0.18967741935483345,0,0.5595238826665633,1.1274460202765368,0.3592856022079793,0,1.6600709150054982,2.2279930526154716,1.100935352620126,0,1.1591190298818421,2.102755081334558,0.7438307130215435,0
1.85,-0.3100000000000003,0.71,-0.20516129032257496,0,0.5592767346982424,1.167659294852538,0.3594886880190732,0,1.7278373761597925,2.336219936314088,1.1365106811244594,0,1.1627388314635523,2.194945300140028,0.7464704880921815,0
1.9,-0.3400000000000001,0.7399999999999999,-0.22064516129031636,0,0.5585901843563839,1.2067167459172445,0.35945600702427083,0,1.7955325773846473,2.443659138945508,1.172540386980594,0,1.1646346791760667,2.2859346643933627,0.7485183493649822,0
1.95,-0.3700000000000001,0.7699999999999999,-0.2361290322580578,0,0.5575405511139407,1.2446362858108135,0.3592269332145009,0,1.8637380392325742,2.550833773929447,1.2093171743263915,0,1.165532523852877,2.3762823950845227,0.750354706258204,0
2.0,-0.40000000000000013,0.7999999999999999,-0.25161290322579943,0,0.5561998685240682,1.2814412010646643,0.3588386248542364,0,1.9330996529598594,2.658340985500456,1.2471610664257176,0,1.166121135887296,2.4665963562323148,0.7523362167014589,0
2.05,-0.42999999999999994,0.8299999999999998,-0.26709677419354083,0,0.5546353136408322,1.317159249274643,0.3589773208612147,0,2.004297890028769,2.76682182566258,1.2870455896729243,0,1.1670289962182865,2.557504602209959,0.7554251654431691,0
2.1,-0.4600000000000002,0.86,-0.28258064516128245,0,0.5529088139203742,1.35182182201785,0.359036135260729,0,2.0780120508321676,2.8769250589296433,1.3286475273934002,0,1.1688016601329747,2.649622461254845,0.7592457342972905,0
2.15,-0.49,0.8899999999999999,-0.29806451612902385,0,0.5510768144179201,1.3854631797184391,0.35904403120529105,0,2.154879309335386,2.9892656746359054,1.3722667366049923,0,1.1718800639310984,2.7435158632848333,0.7640135164949198,0
2.2,-0.5200000000000002,0.92,-0.31354838709676547,0,0.5491901858217465,1.418119761334725,0.35902708491529556,0,2.235450515851985,3.1043800913649635,1.4181554297220356,0,1.1765811368116332,2.8396627466048754,0.7698773732010913,0
2.25,-0.55,0.95,-0.32903225806450687,0,0.5472942527911648,1.4498295692419356,0.3590085001054273,0,2.320146128644277,3.2226814450950476,1.4664962829988664,0,1.18308301946327,2.938415667799796,0.7769124464838788,0
2.3,-0.5799999999999998,0.9799999999999999,-0.34451612903224826,0,0.545428921995248,1.4806316277042335,0.3590086738755389,0,2.409216941529337,3.3444196472383227,1.517382987274039,0,1.1914178609679293,3.039969877097971,0.7851170721786502,0
2.35,-0.6100000000000001,1.01,-0.3599999999999899,0,0.543628889974471,1.5105655118269758,0.35904530380711186,0,2.5027150222024064,3.469651644054911,1.5708060061010447,0,1.2014751982929255,3.1443416880775406,0.7944151154138903,0
2.4,-0.6399999999999999,1.04,-0.3754838709677313,0,0.5419239122650283,1.5396709428029633,0.35913352668647736,0,2.6004800310787006,3.5982270616166354,1.626646188238384,0,1.2130180241773334,3.2513615598912935,0.80466479503269,0
2.45,-0.6700000000000002,1.07,-0.3909677419354729,0,0.540339116947764,1.5679874445550066,0.3592860801648554,0,2.702144585605519,3.729792913212761,1.684678112953079,0,1.2257117681400924,3.3606847088464047,0.8156740995141982,0
2.5,-0.7000000000000004,1.0999999999999999,-0.4064516129032145,0,0.5388953477462692,1.5955540564703004,0.3595134796782422,0,2.807159659791563,3.8638183685155942,1.7445836732540694,0,1.2391638710703923,3.4718194213353017,0.8272215904959892,0
2.55,-0.7300000000000002,1.13,-0.4219354838709559,0,0.5376095238647385,1.6224090967606322,0.35982420401653514,0,2.9148376850164848,3.9996372579123785,1.805974692943849,0,1.2529691065945348,3.584170113306891,0.8390800912617615,0
2.6,-0.7600000000000005,1.16,-0.43741935483869754,0,0.536495005816926,1.6485899710119019,0.36022488399490427,0,3.0244078882999315,4.136502853494907,1.8684217627811357,0,1.2667541297821434,3.69708941386546,0.8510398987001497,0
2.65,-0.7900000000000003,1.19,-0.45290322580643894,0,0.5355619584712037,1.6741330206585368,0.36072048969909587,0,3.1350763427671957,4.273647404954529,1.9314854204877707,0,1.2802145701397372,3.8099319617976644,0.8629280759626394,0
2.7,-0.8200000000000005,1.22,-0.46838709677418056,0,0.5348177043659963,1.6990734063917436,0.3613145127204961,0,3.246082778284169,4.410338480309917,1.994745581170137,0,1.2931394894466148,3.922102658100528,0.8746211610919952,0
2.75,-0.8500000000000003,1.25,-0.48387096774192195,0,0.5342670619984005,1.723445021850763,0.36200914064765133,0,3.356747445930787,4.54592540578315,2.057825768651435,0,1.3054207552465438,4.033093733112088,0.8860500370332483,0
2.8,-0.8800000000000001,1.2799999999999998,-0.49935483870966335,0,0.5339126652376376,1.7472804333256333,0.3628054218287272,0,3.466503771309057,4.679871539397053,2.12040995835078,0,1.3170479789963707,4.142507591318881,0.8971973076714463,0
2.85,-0.9100000000000006,1.3099999999999996,-0.5148387096774051,0,0.5337552612586838,1.7706108415966675,0.36370341906130266,0,3.5749154042565907,4.811770984594574,2.1822513244121904,0,1.3280922249980325,4.250065189779935,0.908088843919431,0
2.9,-0.9400000000000004,1.3399999999999996,-0.5303225806451464,0,0.5337939854347302,1.7934660624334604,0.364702351404374,0,3.6816788316227136,4.941350908621444,2.2431735036168186,0,1.3386831067956297,4.355601977414673,0.918781891080815,0
2.95,-0.9700000000000002,1.37,-0.5458064516128878,0,0.534026612481955,1.8158745226627413,0.36580072374864236,0,3.786614475826365,5.068462386007151,2.3030658937248996,0,1.348984017879645,4.459054771520471,0.9293521948342649,0
3.0,-1.0,1.4000000000000001,-0.5612903225806292,0,0.5344497838329003,1.8378632690815082,0.36699644413357513,0,3.8896500026116088,5.193063487860217,2.361874915807671,0,1.3591693713275719,4.560443330039208,0.9398821518527569,0
