Condition,Model,BothRoutedAcc_%,C1_Acc_%,C2_Acc_%,MiddleKeyAcc_%,BindingErr,UncondAddErr,UncondSubErr,CondAddErr,CondSubErr
C1_N2_zero_noise,QueryBlindControl,49.19,49.19,49.19,N/A,2.0259,0.0,2.0259,0.0,0.0
C1_N2_zero_noise,PositiveScalarKernel,0.0,50.23,49.77,N/A,1.9982,1.9982,1.9982,N/A,N/A
C1_N2_zero_noise,SignedScalarKernel,52.14,75.62,76.52,N/A,0.9526,0.9526,0.9526,0.0,0.0
C1_N2_zero_noise,FrozenSRotationReference,9.92,50.61,49.77,N/A,1.985,1.6139,1.985,0.0,0.0
C1_N2_zero_noise,ScalarMetricAttention,100.0,100.0,100.0,N/A,0.0,0.0,0.0,0.0,0.0
C1_N2_zero_noise,VectorQKAddressAttention,100.0,100.0,100.0,N/A,0.0,0.0,0.0,0.0,0.0
C2_N3_zero_noise,QueryBlindControl,17.2,33.64,33.68,17.18,2.65,1.3335,2.48,0.0,0.0
C2_N3_zero_noise,PositiveScalarKernel,0.0,33.9,32.82,0.0,2.6484,2.4772,2.0111,N/A,N/A
C2_N3_zero_noise,SignedScalarKernel,25.81,58.74,59.89,0.0,1.658,1.623,1.5077,0.0,0.0
C2_N3_zero_noise,FrozenSRotationReference,6.55,33.43,32.82,8.67,2.662,1.9818,2.2197,0.0,0.0
C2_N3_zero_noise,ScalarMetricAttention,100.0,100.0,100.0,100.0,0.0,0.0,0.0,0.0,0.0
C2_N3_zero_noise,VectorQKAddressAttention,100.0,100.0,100.0,100.0,0.0,0.0,0.0,0.0,0.0
C3_N3_low_noise,QueryBlindControl,16.99,33.9,33.3,17.34,2.6731,1.3313,2.5156,0.0,0.0
C3_N3_low_noise,PositiveScalarKernel,0.0,32.54,34.3,0.0,2.6551,2.4921,2.0139,N/A,N/A
C3_N3_low_noise,SignedScalarKernel,25.96,58.92,59.9,0.0,1.6292,1.5971,1.4833,0.0,0.0
C3_N3_low_noise,FrozenSRotationReference,7.17,33.78,34.3,9.67,2.6492,1.9968,2.2176,0.0,0.0
C3_N3_low_noise,ScalarMetricAttention,98.76,99.45,99.28,98.55,0.028,0.0256,0.028,0.0,0.0
C3_N3_low_noise,VectorQKAddressAttention,98.76,99.45,99.28,98.55,0.028,0.0256,0.028,0.0,0.0
C4_N3_high_noise,QueryBlindControl,16.99,33.9,33.3,17.34,2.6731,1.3313,2.5156,0.0,0.0
C4_N3_high_noise,PositiveScalarKernel,0.0,32.54,34.3,0.0,2.6551,2.4921,2.0139,N/A,N/A
C4_N3_high_noise,SignedScalarKernel,25.51,58.57,59.51,0.0,1.6419,1.6058,1.4908,0.0,0.0
C4_N3_high_noise,FrozenSRotationReference,7.17,33.78,34.3,9.67,2.6492,1.9968,2.2176,0.0,0.0
C4_N3_high_noise,ScalarMetricAttention,79.86,88.88,89.19,77.79,0.4463,0.3882,0.4419,0.0,0.0
C4_N3_high_noise,VectorQKAddressAttention,79.86,88.88,89.19,77.79,0.4463,0.3882,0.4419,0.0,0.0
C5_N3_low_amp_ood,QueryBlindControl,16.34,32.99,32.72,16.5,2.6861,1.3176,2.5271,0.0,0.0
C5_N3_low_amp_ood,PositiveScalarKernel,0.0,33.29,33.42,0.0,2.6517,2.4888,2.0113,N/A,N/A
C5_N3_low_amp_ood,SignedScalarKernel,0.0,32.9,33.74,0.0,2.6829,2.5094,2.0113,N/A,N/A
C5_N3_low_amp_ood,FrozenSRotationReference,0.0,33.29,33.42,0.0,2.6517,2.4888,2.0113,N/A,N/A
C5_N3_low_amp_ood,ScalarMetricAttention,100.0,100.0,100.0,100.0,0.0,0.0,0.0,0.0,0.0
C5_N3_low_amp_ood,VectorQKAddressAttention,100.0,100.0,100.0,100.0,0.0,0.0,0.0,0.0,0.0
C6_N3_high_amp_ood,QueryBlindControl,16.95,33.72,33.5,17.29,2.6799,1.3329,2.5159,0.0,0.0
C6_N3_high_amp_ood,PositiveScalarKernel,0.0,33.82,32.35,0.0,2.6827,2.5049,2.0267,N/A,N/A
C6_N3_high_amp_ood,SignedScalarKernel,0.0,33.82,32.35,0.0,2.6827,2.5049,2.0267,N/A,N/A
C6_N3_high_amp_ood,FrozenSRotationReference,0.61,32.7,34.13,0.91,2.6826,2.4693,2.043,0.0,0.0
C6_N3_high_amp_ood,ScalarMetricAttention,100.0,100.0,100.0,100.0,0.0,0.0,0.0,0.0,0.0
C6_N3_high_amp_ood,VectorQKAddressAttention,100.0,100.0,100.0,100.0,0.0,0.0,0.0,0.0,0.0
