Cell,N,Delay_ms,Model,DeliveryAcc_A,DeliveryAcc_B,DeliveryAcc_Overall,JointDeliveryAcc,AbstentionRate,Mean_E_comp
N2_delay0ms,2,0.0,M0,1.0000,1.0000,1.0000,1.0000,0.0000,0.0000
N2_delay0ms,2,0.0,M1,0.1705,0.1715,0.1710,0.0290,0.0000,2.0013
N2_delay0ms,2,0.0,M2a,0.1705,0.1710,0.1708,0.0290,0.0000,2.0019
N2_delay0ms,2,0.0,M2b,0.1705,0.1715,0.1710,0.0295,0.0000,2.0018
N2_delay0ms,2,0.0,M2c,0.1705,0.1710,0.1708,0.0290,0.0000,2.0019
N2_delay0ms,2,0.0,M2d,0.1705,0.1710,0.1708,0.0290,0.0000,2.0019
N2_delay0ms,2,0.0,M4_Count,0.0785,0.0700,0.0742,0.0050,0.8210,2.4521
N2_delay0ms,2,0.0,M4_Latency,0.0705,0.0630,0.0668,0.0045,0.8210,2.2894
N2_delay5ms,2,5.0,M0,1.0000,1.0000,1.0000,1.0000,0.0000,0.0000
N2_delay5ms,2,5.0,M1,0.1705,0.1715,0.1710,0.0290,0.0000,2.0013
N2_delay5ms,2,5.0,M2a,0.1705,0.1710,0.1708,0.0290,0.0000,2.0019
N2_delay5ms,2,5.0,M2b,0.1705,0.1715,0.1710,0.0290,0.0000,2.0017
N2_delay5ms,2,5.0,M2c,0.1705,0.1710,0.1708,0.0290,0.0000,2.0019
N2_delay5ms,2,5.0,M2d,0.1705,0.1710,0.1708,0.0290,0.0000,2.0019
N2_delay5ms,2,5.0,M4_Count,0.0785,0.0700,0.0742,0.0050,0.8250,2.4470
N2_delay5ms,2,5.0,M4_Latency,0.0700,0.0640,0.0670,0.0040,0.8250,2.2870
N2_delay10ms,2,10.0,M0,1.0000,1.0000,1.0000,1.0000,0.0000,0.0000
N2_delay10ms,2,10.0,M1,0.1705,0.1715,0.1710,0.0290,0.0000,2.0015
N2_delay10ms,2,10.0,M2a,0.1705,0.1710,0.1708,0.0290,0.0000,2.0019
N2_delay10ms,2,10.0,M2b,0.1705,0.1715,0.1710,0.0290,0.0000,2.0018
N2_delay10ms,2,10.0,M2c,0.1705,0.1710,0.1708,0.0290,0.0000,2.0019
N2_delay10ms,2,10.0,M2d,0.1705,0.1710,0.1708,0.0290,0.0000,2.0019
N2_delay10ms,2,10.0,M4_Count,0.0785,0.0700,0.0742,0.0050,0.8255,2.4453
N2_delay10ms,2,10.0,M4_Latency,0.0725,0.0645,0.0685,0.0045,0.8255,2.2873
N3_delay0ms,3,0.0,M0,1.0000,1.0000,1.0000,1.0000,0.0000,0.0000
N3_delay0ms,3,0.0,M1,0.1670,0.1680,0.1675,0.0275,0.0000,2.0014
N3_delay0ms,3,0.0,M2a,0.1670,0.1680,0.1675,0.0285,0.0000,2.0015
N3_delay0ms,3,0.0,M2b,0.1675,0.1685,0.1680,0.0285,0.0000,2.0012
N3_delay0ms,3,0.0,M2c,0.1670,0.1680,0.1675,0.0285,0.0000,2.0015
N3_delay0ms,3,0.0,M2d,0.1670,0.1680,0.1675,0.0285,0.0000,2.0015
N3_delay0ms,3,0.0,M4_Count,0.0630,0.0550,0.0590,0.0030,0.8220,2.5286
N3_delay0ms,3,0.0,M4_Latency,0.0645,0.0695,0.0670,0.0060,0.8220,2.2558
N3_delay5ms,3,5.0,M0,1.0000,1.0000,1.0000,1.0000,0.0000,0.0000
N3_delay5ms,3,5.0,M1,0.1670,0.1675,0.1673,0.0280,0.0000,2.0010
N3_delay5ms,3,5.0,M2a,0.1670,0.1680,0.1675,0.0285,0.0000,2.0015
N3_delay5ms,3,5.0,M2b,0.1675,0.1675,0.1675,0.0285,0.0000,2.0012
N3_delay5ms,3,5.0,M2c,0.1670,0.1680,0.1675,0.0285,0.0000,2.0015
N3_delay5ms,3,5.0,M2d,0.1670,0.1680,0.1675,0.0285,0.0000,2.0015
N3_delay5ms,3,5.0,M4_Count,0.0630,0.0545,0.0587,0.0030,0.8275,2.5195
N3_delay5ms,3,5.0,M4_Latency,0.0630,0.0695,0.0663,0.0055,0.8275,2.2544
N3_delay10ms,3,10.0,M0,1.0000,1.0000,1.0000,1.0000,0.0000,0.0000
N3_delay10ms,3,10.0,M1,0.1665,0.1675,0.1670,0.0280,0.0000,2.0012
N3_delay10ms,3,10.0,M2a,0.1670,0.1680,0.1675,0.0285,0.0000,2.0015
N3_delay10ms,3,10.0,M2b,0.1670,0.1675,0.1673,0.0285,0.0000,2.0014
N3_delay10ms,3,10.0,M2c,0.1670,0.1680,0.1675,0.0285,0.0000,2.0015
N3_delay10ms,3,10.0,M2d,0.1670,0.1680,0.1675,0.0285,0.0000,2.0015
N3_delay10ms,3,10.0,M4_Count,0.0625,0.0545,0.0585,0.0030,0.8300,2.5188
N3_delay10ms,3,10.0,M4_Latency,0.0630,0.0665,0.0648,0.0055,0.8300,2.2547
